Name,[Fe/H],e_[Fe/H],[C/H],e_[C/H],[Na I/H],e_[Na I/H],[Mg I/H],e_[Mg I/H],[Al I/H],e_[Al I/H],[Si I/H],e_[Si I/H],[Ca I/H],e_[Ca I/H],[Sc II/H],e_[Sc II/H],[Ti II/H],e_[Ti II/H],[Cr I/H],e_[Cr I/H],[Cr II/H],e_[Cr II/H],[Mn I/H],e_[Mn I/H],[Co I/H],e_[Co I/H],[Ni I/H],e_[Ni I/H],[Zn I/H],e_[Zn I/H],[Sr II/H],e_[Sr II/H],[Y II/H],e_[Y II/H],[Zr II/H],e_[Zr II/H],[Ba II/H],e_[Ba II/H],[La II/H],e_[La II/H],[Eu II/H],e_[Eu II/H],[Dy II/H],e_[Dy II/H],
Gaia DR3 31707926776039680,-1.96,0.18,-2.06,0.23,-1.8,0.12,-1.63,0.12,-2.58,0.14,-1.51,0.12,-1.61,0.12,-1.91,0.11,-1.6,0.09,-2.07,0.18,-1.84,0.1,-2.37,0.11,-1.85,0.17,-1.98,0.13,-1.82,0.08,-1.86,0.13,-2.14,0.08,-1.74,0.11,-2.02,0.13,-1.78,0.08,-1.57,0.09,-1.56,0.08,
Gaia DR3 1187898485610541696,-1.19,0.18,-1.86,0.2,-1.23,0.12,-0.95,0.14,,,-0.81,0.06,-0.82,0.18,-0.81,0.2,-0.76,0.15,-1.17,0.31,-0.78,0.16,-1.54,0.16,-1.55,0.21,-1.2,0.16,-1.18,0.15,-0.97,0.11,-1.1,0.17,-0.56,0.11,-0.86,0.18,-0.81,0.11,-0.42,0.12,-0.53,0.08,
Gaia DR3 2472646349146818816,-1.55,0.21,-2.11,0.18,-1.57,0.1,-1.21,0.12,-2.21,0.25,-1.14,0.05,-1.17,0.17,-1.24,0.17,-1.09,0.14,-1.57,0.26,-1.43,0.14,-1.96,0.14,-1.53,0.23,-1.65,0.14,-1.57,0.1,-1.45,0.09,-1.65,0.12,-1.29,0.12,-1.33,0.18,-1.22,0.11,-0.83,0.11,-0.81,0.14,
Gaia DR3 2504634406573540608,-1.24,0.21,-1.55,0.18,-1.39,0.14,-1.0,0.14,-2.11,0.17,-0.9,0.06,-0.88,0.16,-1.03,0.17,-0.81,0.15,-1.26,0.26,-1.26,0.13,-1.53,0.11,-1.32,0.18,-1.26,0.15,-1.25,0.12,-1.08,0.09,-1.22,0.14,-1.0,0.12,-1.0,0.2,-0.97,0.12,-0.72,0.12,-0.59,0.1,
Gaia DR3 2505065101598396416,-1.32,0.19,-2.08,0.19,-1.36,0.11,-1.03,0.14,-2.13,0.22,-1.0,0.06,-0.93,0.18,-1.01,0.17,-0.84,0.16,-1.3,0.3,-1.18,0.18,-1.67,0.12,-1.45,0.28,-1.4,0.15,-1.44,0.12,-1.28,0.13,-1.41,0.14,-1.14,0.08,-1.15,0.18,-1.09,0.1,-0.74,0.1,-0.83,0.05,
Gaia DR3 2538202737087917184,-0.88,0.2,-1.25,0.21,-0.96,0.09,-0.84,0.14,-1.8,0.29,-0.65,0.07,-0.57,0.16,-0.74,0.16,-0.57,0.15,-0.76,0.27,-0.8,0.16,-1.1,0.15,-1.01,0.18,-0.94,0.16,-0.96,0.14,-0.96,0.11,-1.08,0.18,-0.64,0.16,-0.64,0.18,-0.67,0.11,-0.46,0.11,-0.44,0.08,
Gaia DR3 2543390232947773824,-1.28,0.2,-1.51,0.2,-1.38,0.14,-1.08,0.13,-2.1,0.23,-0.88,0.08,-0.92,0.16,-1.14,0.15,-0.95,0.13,-1.3,0.24,-1.2,0.12,-1.57,0.16,-1.3,0.18,-1.32,0.15,-1.28,0.11,-1.18,0.1,-1.4,0.14,-0.92,0.15,-1.25,0.19,-1.09,0.11,-0.81,0.11,-0.7,0.14,
Gaia DR3 2558587476508131072,-1.31,0.2,-1.82,0.19,-1.48,0.14,-1.05,0.14,-2.3,0.0,-0.85,0.08,-1.02,0.16,-0.92,0.15,-0.73,0.13,-1.43,0.22,-1.09,0.12,-1.64,0.13,-1.29,0.21,-1.3,0.14,-1.06,0.11,-1.12,0.13,-1.21,0.13,-0.78,0.13,-0.95,0.18,-0.91,0.1,-0.61,0.1,-0.48,0.08,
Gaia DR3 2566035087238555776,-2.38,0.14,-2.19,0.27,-2.15,0.2,-2.01,0.11,-3.34,0.06,-1.6,0.1,-2.03,0.1,-2.38,0.09,-2.06,0.11,-2.47,0.15,-2.18,0.08,-2.89,0.08,-2.22,0.14,-2.48,0.12,-2.27,0.1,-2.41,0.22,-2.8,0.1,-2.43,0.09,-2.87,0.1,,,-2.48,0.12,-2.52,0.14,
Gaia DR3 2632995998205049216,-1.59,0.22,-2.19,0.19,-1.78,0.1,-1.32,0.13,-2.5,0.14,-1.16,0.05,-1.28,0.18,-1.48,0.15,-1.29,0.14,-1.63,0.31,-1.5,0.17,-2.02,0.13,-1.9,0.23,-1.75,0.15,-1.74,0.11,-1.5,0.08,-1.58,0.15,-1.37,0.11,-1.29,0.2,-1.25,0.12,-1.05,0.1,-1.11,0.07,
Gaia DR3 2659914516754259456,-2.3,0.17,-2.7,0.25,-1.99,0.25,-2.05,0.11,-3.67,0.31,-1.52,0.06,-1.98,0.12,-2.45,0.09,-2.0,0.09,-2.43,0.17,-2.28,0.09,-2.81,0.11,-2.35,0.2,-2.41,0.13,-2.31,0.1,-2.64,0.24,-2.66,0.09,-2.38,0.08,-2.42,0.12,-2.16,0.09,-1.78,0.08,-1.43,0.08,
Gaia DR3 2733469542550276352,-2.39,0.13,-2.13,0.26,-2.25,0.18,-2.1,0.09,-3.54,0.23,-2.0,0.26,-2.07,0.1,-2.42,0.08,-2.15,0.1,-2.4,0.16,-2.44,0.09,-2.76,0.1,-2.18,0.12,-2.34,0.09,-2.28,0.07,-2.48,0.21,-2.68,0.07,-2.26,0.07,-2.55,0.12,-2.32,0.1,-2.0,0.08,-1.86,0.09,
Gaia DR3 2765074076578453760,-1.89,0.24,-2.51,0.24,-2.07,0.11,-1.48,0.15,-2.6,0.24,-1.4,0.07,-1.52,0.18,-1.76,0.14,-1.51,0.13,-2.0,0.26,-1.86,0.1,-2.35,0.15,-1.99,0.26,-1.99,0.17,-1.87,0.09,-1.81,0.12,-1.98,0.12,-1.74,0.12,-1.7,0.19,-1.7,0.12,-1.34,0.11,-1.35,0.14,
Gaia DR3 2792504520868554240,-2.35,0.21,-3.36,0.24,-2.25,0.31,-1.73,0.13,-3.34,0.15,-1.72,0.06,-1.96,0.14,-2.23,0.09,-1.97,0.08,-2.5,0.22,-2.32,0.09,-2.72,0.13,-2.43,0.2,-2.38,0.16,-2.32,0.06,-2.65,0.17,-2.89,0.09,-2.69,0.09,-2.73,0.11,-2.59,0.1,-2.15,0.11,-2.16,0.13,
Gaia DR3 2810525379008979968,-1.17,0.22,-1.59,0.21,-1.22,0.11,-0.97,0.14,-2.01,0.31,-0.8,0.06,-0.74,0.19,-1.04,0.16,-0.84,0.15,-1.15,0.29,-1.07,0.15,-1.46,0.17,-1.51,0.21,-1.21,0.16,-1.27,0.12,-1.19,0.12,-1.31,0.18,-0.93,0.16,-0.92,0.19,-0.76,0.11,-0.41,0.1,-0.34,0.02,
Gaia DR3 2811948250134539520,-1.11,0.2,-1.57,0.18,-1.06,0.1,-0.93,0.13,-2.03,0.24,-0.79,0.05,-0.74,0.18,-0.96,0.19,-0.75,0.16,-1.08,0.29,-1.05,0.17,-1.38,0.16,-1.34,0.23,-1.17,0.15,-1.1,0.14,-1.19,0.11,-1.33,0.15,-1.01,0.09,-1.02,0.19,-0.93,0.11,-0.69,0.1,-0.59,0.05,
Gaia DR3 2911019229961694208,-2.23,0.18,-2.72,0.24,-1.55,0.09,-1.73,0.13,,,-1.85,0.21,-1.83,0.12,-2.11,0.11,-1.84,0.08,-2.43,0.19,-2.11,0.08,-2.77,0.12,-2.21,0.2,-2.27,0.14,-2.03,0.06,-1.8,0.14,-2.19,0.08,-1.89,0.11,-1.96,0.14,-2.06,0.08,-2.01,0.08,-1.95,0.14,
Gaia DR3 2914192523598690048,-2.19,0.14,-2.05,0.25,-2.02,0.21,-1.91,0.09,-3.07,0.34,-1.73,0.05,-1.86,0.09,-2.14,0.09,-1.87,0.08,-2.31,0.14,-2.23,0.08,-2.66,0.08,-2.05,0.14,-2.24,0.1,-2.14,0.07,-2.18,0.2,-2.3,0.08,-1.98,0.07,-2.06,0.12,-1.78,0.08,-1.5,0.08,-1.46,0.05,
Gaia DR3 3247170789616103808,-2.0,0.18,-2.18,0.24,-1.88,0.18,-1.67,0.13,-2.71,0.05,-1.42,0.14,-1.63,0.12,-1.98,0.11,-1.69,0.1,-2.16,0.18,-1.98,0.09,-2.44,0.11,-1.9,0.2,-2.02,0.14,-1.92,0.06,-1.87,0.14,-2.17,0.1,-1.82,0.1,-1.98,0.14,-1.76,0.08,-1.45,0.09,-1.41,0.09,
Gaia DR3 3257948717988018304,-2.11,0.15,-2.61,0.23,,,-1.9,0.12,-3.13,0.16,-2.06,0.2,-1.87,0.1,-2.04,0.11,-1.81,0.1,-2.26,0.15,-2.0,0.09,-2.65,0.1,-2.05,0.17,-2.21,0.12,-2.17,0.07,-2.04,0.17,-2.22,0.09,-1.92,0.08,-1.96,0.14,-1.8,0.09,-1.67,0.09,-1.64,0.1,
Gaia DR3 3642334203486585728,-0.93,0.18,-1.64,0.24,-0.85,0.15,-0.79,0.14,-2.07,0.24,-0.64,0.09,-0.57,0.23,-0.48,0.29,-0.71,0.17,-0.74,0.33,-1.1,0.16,-1.22,0.19,,,-1.01,0.17,-1.13,0.2,-0.84,0.09,-1.0,0.2,,,-0.61,0.21,-0.25,0.18,-0.29,0.13,,,
Gaia DR3 4045622011959470464,-1.3,0.2,-1.61,0.19,-1.26,0.1,-0.96,0.13,-2.1,0.29,-0.95,0.06,-0.93,0.18,-1.0,0.18,-0.92,0.15,-1.29,0.28,-1.26,0.17,-1.56,0.14,-1.53,0.23,-1.32,0.14,-1.26,0.12,-1.16,0.12,-1.41,0.15,-1.17,0.09,-1.03,0.19,-1.05,0.11,-0.6,0.13,-0.7,0.07,
Gaia DR3 4081038754562022528,-1.21,0.18,-2.0,0.22,-1.21,0.13,-0.98,0.14,-2.26,0.24,-0.77,0.09,-0.86,0.22,-0.82,0.2,-0.87,0.17,-1.26,0.36,-1.35,0.16,-1.59,0.15,-1.65,0.24,-1.27,0.14,-1.18,0.17,-1.16,0.09,-1.24,0.2,,,-0.97,0.18,-0.86,0.15,-0.45,0.13,-0.7,0.02,
Gaia DR3 4227203402244069120,-1.19,0.17,-1.99,0.23,-0.88,0.14,-1.0,0.14,-2.26,0.24,-0.84,0.09,-0.86,0.22,-0.7,0.24,-0.71,0.17,-1.12,0.34,-1.31,0.16,-1.46,0.2,-1.33,0.11,-1.23,0.15,-1.23,0.15,-1.08,0.2,-1.17,0.19,-1.09,0.0,-0.88,0.2,-0.67,0.12,-0.61,0.13,-0.84,0.06,
Gaia DR3 4377687545785813248,-1.44,0.19,-2.04,0.19,-1.35,0.11,-1.03,0.13,-2.83,0.52,-0.93,0.05,-0.89,0.2,-1.13,0.19,-0.96,0.15,-1.46,0.32,-1.51,0.14,-1.78,0.16,-2.14,0.22,-1.48,0.14,-1.43,0.12,-1.18,0.11,-1.36,0.17,-1.16,0.14,-1.27,0.18,-1.38,0.13,-1.22,0.1,-1.59,0.06,
Gaia DR3 4420695900880776576,-1.19,0.19,-1.91,0.2,-1.14,0.13,-0.92,0.16,-2.1,0.25,-0.83,0.07,-0.76,0.23,-0.87,0.19,-0.79,0.17,-1.0,0.34,-1.34,0.14,-1.5,0.19,-1.56,0.19,-1.23,0.16,-1.21,0.15,-1.05,0.12,-1.18,0.2,,,-1.01,0.2,-1.16,0.12,-0.68,0.12,-0.74,0.06,
Gaia DR3 4675852078212908416,-2.26,0.15,-2.32,0.25,-2.11,0.22,-1.89,0.11,-3.11,0.32,-1.83,0.18,-1.92,0.09,-2.22,0.1,-1.94,0.08,-2.37,0.15,-2.2,0.08,-2.68,0.1,-2.11,0.15,-2.25,0.11,-2.13,0.07,-2.35,0.2,-2.44,0.07,-2.17,0.08,-2.3,0.1,-1.96,0.08,-1.73,0.06,-1.67,0.07,
Gaia DR3 4750826882756774784,-1.87,0.18,-2.06,0.26,-1.74,0.22,-1.64,0.15,-2.93,0.39,-1.6,0.17,-1.66,0.12,-2.02,0.1,-1.68,0.11,-2.05,0.17,-2.04,0.09,-2.37,0.1,-1.94,0.17,-2.01,0.12,-1.95,0.07,-1.85,0.14,-2.23,0.1,-1.94,0.1,-1.95,0.14,-1.85,0.09,-1.54,0.11,-1.43,0.11,
Gaia DR3 4757975288886077184,-2.52,0.29,-2.9,0.43,-2.44,0.42,-2.09,0.19,-3.41,0.38,-1.76,0.18,-2.22,0.19,-2.55,0.27,-2.21,0.13,-2.64,0.29,-2.55,0.18,-2.86,0.2,-2.42,0.26,-2.44,0.22,-2.31,0.09,-3.26,0.31,-3.22,0.14,-2.88,0.25,-3.36,0.14,-3.25,0.22,-2.9,0.21,,,
Gaia DR3 4777636927611794432,-2.14,0.17,-2.8,0.22,-1.98,0.24,-1.85,0.12,-3.02,0.25,-1.65,0.14,-1.87,0.12,-2.04,0.1,-1.82,0.08,-2.31,0.16,-2.07,0.08,-2.59,0.1,-2.1,0.18,-2.2,0.12,-2.06,0.07,-2.22,0.15,-2.45,0.07,-2.13,0.08,-2.37,0.1,-2.2,0.07,-1.87,0.08,-1.85,0.08,
Gaia DR3 4780985799511960576,-2.06,0.2,-2.54,0.21,-1.95,0.2,-1.66,0.14,-2.83,0.0,-1.43,0.13,-1.69,0.14,-1.94,0.12,-1.67,0.1,-2.18,0.21,-2.03,0.09,-2.48,0.12,-1.99,0.23,-2.09,0.15,-1.98,0.07,-2.09,0.14,-2.29,0.11,-1.99,0.11,-1.99,0.14,-1.84,0.1,-1.55,0.11,-1.51,0.12,
Gaia DR3 4786174291804662528,-2.16,0.2,-2.48,0.23,-2.1,0.27,-1.82,0.13,-3.04,0.0,-1.59,0.14,-1.82,0.14,-2.16,0.14,-1.86,0.11,-2.32,0.2,-2.1,0.11,-2.52,0.12,-2.15,0.2,-2.16,0.16,-2.04,0.09,-2.03,0.13,-2.36,0.1,-2.1,0.12,-2.54,0.14,-2.35,0.11,-2.01,0.1,-2.09,0.16,
Gaia DR3 4816836269489019904,-2.33,0.17,-2.59,0.26,-2.1,0.24,-1.86,0.12,-3.19,0.3,-1.62,0.13,-1.91,0.11,-2.26,0.09,-1.97,0.1,-2.47,0.17,-2.38,0.08,-2.85,0.11,-2.17,0.2,-2.32,0.13,-2.21,0.07,-2.35,0.23,-2.52,0.09,-2.16,0.09,-2.42,0.12,-2.08,0.1,-1.75,0.1,-1.74,0.08,
Gaia DR3 4892850490479845120,-1.76,0.18,-1.88,0.2,-1.89,0.07,-1.46,0.13,-2.43,0.03,-1.42,0.14,-1.37,0.13,-1.57,0.14,-1.36,0.11,-1.83,0.18,-1.72,0.1,-2.18,0.1,-1.69,0.16,-1.77,0.13,-1.73,0.07,-1.59,0.13,-1.87,0.11,-1.6,0.11,-1.66,0.16,-1.51,0.1,-1.24,0.1,-1.19,0.1,
Gaia DR3 4930039787661776896,-2.17,0.16,-2.55,0.23,-1.66,0.24,-1.82,0.14,-3.12,0.42,-1.48,0.13,-1.8,0.11,-1.86,0.09,-1.63,0.08,-2.36,0.16,-1.86,0.1,-2.72,0.11,-2.02,0.24,-2.09,0.13,-1.92,0.06,-1.61,0.17,-1.84,0.09,-1.55,0.08,-0.99,0.2,-1.2,0.07,-1.4,0.11,-1.46,0.1,
Gaia DR3 4940475493039087872,-2.18,0.18,-2.43,0.26,-2.2,0.24,-1.79,0.13,-2.87,0.1,-1.56,0.13,-1.8,0.12,-2.02,0.12,-1.81,0.1,-2.3,0.17,-2.16,0.08,-2.56,0.1,-2.07,0.18,-2.12,0.13,-2.17,0.06,-2.95,0.22,-2.86,0.08,-2.59,0.08,-2.76,0.1,-2.53,0.12,-2.16,0.08,-2.13,0.09,
Gaia DR3 4953772814866348928,-2.4,0.17,-2.73,0.27,-2.29,0.24,-2.06,0.11,-3.17,0.3,-1.88,0.16,-2.07,0.11,-2.34,0.12,-2.12,0.11,-2.58,0.17,-2.37,0.11,-2.8,0.11,-2.3,0.17,-2.36,0.14,-2.31,0.1,-3.08,0.23,-2.96,0.12,-2.6,0.1,-2.7,0.13,-2.31,0.12,-1.96,0.11,-1.92,0.1,
Gaia DR3 5152929864265512448,-1.79,0.2,-1.97,0.23,-1.81,0.18,-1.5,0.14,-2.65,0.4,-1.61,0.16,-1.4,0.14,-1.66,0.16,-1.51,0.14,-1.92,0.2,-1.96,0.12,-2.28,0.12,-1.74,0.17,-1.83,0.14,-1.74,0.14,-1.82,0.16,-2.05,0.13,-1.61,0.12,-1.65,0.18,-1.6,0.11,-1.34,0.11,-1.13,0.17,
Gaia DR3 5208594251034223872,-2.24,0.16,-2.27,0.2,-2.04,0.24,-1.9,0.12,-3.14,0.38,-1.52,0.14,-1.96,0.11,-2.24,0.11,-1.9,0.08,-2.36,0.16,-2.19,0.14,-2.67,0.1,-2.17,0.17,-2.26,0.13,-2.16,0.06,-2.22,0.18,-2.36,0.08,-2.01,0.09,-2.34,0.1,-2.1,0.07,-1.89,0.08,-1.69,0.08,
Gaia DR3 5221522416131163392,-2.04,0.18,-2.22,0.22,-1.87,0.26,-1.73,0.12,-2.54,0.09,-1.43,0.14,-1.7,0.12,-2.0,0.13,-1.75,0.1,-2.22,0.17,-2.04,0.1,-2.59,0.1,-1.98,0.17,-2.18,0.13,-2.06,0.1,-2.0,0.14,-2.26,0.09,-1.91,0.11,-2.08,0.13,-1.96,0.09,-1.8,0.09,-1.75,0.09,
Gaia DR3 5548763464834134400,-1.67,0.21,-2.04,0.2,-1.75,0.17,-1.42,0.14,-3.06,0.45,-1.26,0.14,-1.34,0.15,-1.54,0.13,-1.39,0.12,-1.8,0.21,-1.62,0.12,-2.08,0.12,-1.72,0.18,-1.75,0.14,-1.69,0.09,-1.63,0.1,-1.88,0.12,-1.61,0.12,-1.55,0.17,-1.48,0.12,-1.16,0.11,-1.11,0.14,
Gaia DR3 6243816407441434752,-1.04,0.2,-1.7,0.21,-1.04,0.13,-0.9,0.14,-1.9,0.26,-0.79,0.06,-0.66,0.22,-0.69,0.22,-0.78,0.18,-0.91,0.37,-1.23,0.14,-1.34,0.17,-1.5,0.23,-1.14,0.17,-1.25,0.14,-0.97,0.12,-1.07,0.22,,,-0.84,0.21,-0.76,0.18,-0.4,0.13,-0.39,0.11,
Gaia DR3 6782821815106683008,-2.5,0.15,-2.64,0.28,-2.3,0.22,-2.12,0.09,-3.39,0.06,-1.89,0.19,-2.12,0.09,-2.57,0.09,-2.22,0.08,-2.68,0.15,-2.64,0.07,-3.04,0.09,-2.4,0.17,-2.54,0.12,-2.41,0.07,-2.78,0.22,-2.77,0.08,-2.47,0.07,-2.86,0.11,-2.57,0.07,-2.25,0.09,-2.1,0.08,
