Name,Ion,Wave,ExPot,loggf,e_loggf,r_loggf,EW,l_logepsX,logepsX,NLTEcorr
J1008+0001,Li I,6707.80,0.00,0.17,0.01,1,,<,0.10,0.15
J1008+0001,O I,6300.30,0.00,-9.82,0.03,2,,,8.07,
J1008+0001,O I,6363.78,0.02,-10.26,0.03,2,,,8.08,
J1008+0001,Na I,5682.63,2.10,-0.71,0.01,2,52.2,,4.96,-0.13
J1008+0001,Na I,5688.19,2.10,-0.41,0.01,2,69.9,,4.91,-0.16
J1008+0001,Na I,5889.95,0.00,0.11,0.01,2,,,,
J1008+0001,Na I,5895.92,0.00,-0.19,0.01,2,,,,
J1008+0001,Na I,6154.23,2.10,-1.55,0.01,2,14.0,,5.02,-0.08
J1008+0001,Na I,6160.75,2.10,-1.25,0.01,2,24.0,,5.00,-0.08
J1008+0001,Na I,8183.26,2.10,0.24,0.01,2,,,,
J1008+0001,Mg I,4057.51,4.35,-0.90,0.09,2,119.4,,6.38,
J1008+0001,Mg I,4702.99,4.33,-0.44,0.03,2,190.4,,6.41,-0.01
J1008+0001,Mg I,5528.40,4.35,-0.55,0.05,3,211.9,,6.70,-0.07
J1008+0001,Mg I,5711.09,4.35,-1.84,0.05,3,,,,
J1008+0001,Mg I,8806.76,4.35,-0.14,0.05,3,,,,
J1008+0001,Al I,3961.52,0.01,-0.33,0.03,4,,,,
J1008+0001,Al I,6696.02,3.14,-1.57,0.09,2,,<,5.20,
J1008+0001,Si I,4102.94,1.91,-3.03,0.09,5,146.1,,5.95,
J1008+0001,Si I,5665.55,4.92,-2.04,0.30,2,11.7,,6.04,
J1008+0001,Si I,5690.43,4.93,-1.87,0.22,2,27.6,,6.33,
J1008+0001,Si I,5701.10,4.93,-2.05,0.30,2,22.9,,6.40,
J1008+0001,Si I,5708.40,4.95,-1.47,0.22,2,55.4,,6.43,
J1008+0001,Si I,5772.15,5.08,-1.75,0.22,2,34.2,,6.52,
J1008+0001,Si I,5793.07,4.93,-2.02,0.30,2,30.5,,6.53,
J1008+0001,Si I,5948.54,5.08,-1.23,0.12,2,59.2,,6.39,
J1008+0001,Si I,6721.85,5.86,-0.94,0.30,2,17.3,,6.25,
J1008+0001,Si I,7003.57,5.96,-0.75,0.22,2,14.0,,6.07,
J1008+0001,Si I,7680.27,5.86,-0.69,0.09,2,26.1,,6.19,
J1008+0001,Si I,7742.72,6.21,-0.28,0.12,2,19.2,,6.04,
J1008+0001,Si I,7944.00,5.98,-0.31,0.05,2,60.3,,6.51,
J1008+0001,K I,7664.90,0.00,0.12,0.01,2,,,,
J1008+0001,K I,7698.96,0.00,-0.18,0.01,2,,,3.68,-0.34
J1008+0001,Ca I,4283.01,1.89,-0.22,0.02,6,,,,
J1008+0001,Ca I,4318.65,1.90,-0.21,0.02,6,,,,
J1008+0001,Ca I,4425.44,1.88,-0.39,0.02,6,,,,
J1008+0001,Ca I,4435.69,1.89,-0.53,0.02,6,55.0,,3.80,
J1008+0001,Ca I,4454.78,1.90,0.23,0.02,6,102.5,,3.93,
J1008+0001,Ca I,4455.89,1.90,-0.54,0.02,6,64.8,,3.99,
J1008+0001,Ca I,4456.61,1.90,-1.72,0.02,6,,,,
J1008+0001,Ca I,5581.97,2.52,-0.56,0.02,6,,,,
J1008+0001,Ca I,5588.76,2.52,0.36,0.02,6,68.6,,3.83,
J1008+0001,Ca I,5590.12,2.52,-0.57,0.02,6,17.9,,3.84,
J1008+0001,Ca I,5857.45,2.93,0.24,0.02,6,32.2,,3.85,
J1008+0001,Ca I,6102.72,1.88,-0.82,0.02,6,52.3,,3.91,
J1008+0001,Ca I,6122.22,1.89,-0.34,0.02,6,88.4,,3.97,
J1008+0001,Ca I,6162.17,1.90,-0.12,0.02,6,99.6,,3.94,
J1008+0001,Ca I,6169.06,2.52,-0.80,0.02,6,12.3,,3.85,
J1008+0001,Ca I,6169.56,2.53,-0.48,0.02,6,17.2,,3.71,
J1008+0001,Ca I,6439.07,2.52,0.39,0.02,6,67.2,,3.72,
J1008+0001,Ca I,6449.81,2.52,-0.50,0.02,6,26.6,,3.94,
J1008+0001,Ca I,6717.69,2.71,-0.52,0.02,6,15.3,,3.89,
J1008+0001,Sc II,4246.82,0.32,0.24,0.02,7,,,,
J1008+0001,Sc II,4324.98,0.59,-0.44,0.02,7,,,,
J1008+0001,Sc II,4374.45,0.62,-0.42,0.02,7,,,,
J1008+0001,Sc II,4400.39,0.60,-0.54,0.02,7,,,-0.53,
J1008+0001,Sc II,4415.54,0.59,-0.67,0.02,7,,,-0.14,
J1008+0001,Sc II,4670.41,1.36,-0.58,0.02,7,,,-0.12,
J1008+0001,Sc II,5031.01,1.36,-0.40,0.02,7,,,,
J1008+0001,Sc II,5526.79,1.77,0.02,0.02,7,,,-0.14,
J1008+0001,Sc II,5657.91,1.51,-0.60,0.02,7,,,,
J1008+0001,Ti I,4512.73,0.84,-0.40,0.02,8,45.9,,2.64,
J1008+0001,Ti I,4518.02,0.83,-0.25,0.02,8,29.1,,2.18,
J1008+0001,Ti I,4533.24,0.85,0.54,0.02,8,74.1,,2.18,
J1008+0001,Ti I,4534.78,0.84,0.35,0.02,8,72.9,,2.34,
J1008+0001,Ti I,4548.76,0.83,-0.28,0.02,8,26.9,,2.16,
J1008+0001,Ti I,4555.48,0.85,-0.40,0.02,8,22.0,,2.19,
J1008+0001,Ti I,4656.47,0.00,-1.28,0.02,2,46.2,,2.43,
J1008+0001,Ti I,4681.91,0.05,-1.01,0.02,2,75.0,,2.69,
J1008+0001,Ti I,4840.87,0.90,-0.43,0.02,8,,,,
J1008+0001,Ti I,4981.73,0.84,0.57,0.02,8,105.3,,2.66,
J1008+0001,Ti I,4991.07,0.84,0.45,0.02,8,,,,
J1008+0001,Ti I,4999.50,0.83,0.32,0.02,8,,,,
J1008+0001,Ti I,5016.16,0.85,-0.48,0.02,8,,,,
J1008+0001,Ti I,5064.65,0.05,-0.94,0.02,8,66.7,,2.43,
J1008+0001,Ti I,5173.74,0.00,-1.06,0.02,8,,,,
J1008+0001,Ti I,5192.97,0.02,-0.95,0.02,8,76.2,,2.54,
J1008+0001,Ti I,5210.38,0.05,-0.82,0.02,8,,,,
J1008+0001,Ti II,4337.91,1.08,-0.96,0.02,9,,,,
J1008+0001,Ti II,4394.06,1.22,-1.77,0.02,10,,,,
J1008+0001,Ti II,4395.03,1.08,-0.54,0.02,10,,,,
J1008+0001,Ti II,4395.84,1.24,-1.93,0.02,10,,,,
J1008+0001,Ti II,4398.29,1.21,-2.65,0.02,9,,,,
J1008+0001,Ti II,4399.77,1.24,-1.20,0.02,10,,,,
J1008+0001,Ti II,4409.52,1.23,-2.53,0.02,10,,,,
J1008+0001,Ti II,4417.71,1.17,-1.19,0.02,9,,,,
J1008+0001,Ti II,4418.33,1.24,-1.99,0.02,10,,,,
J1008+0001,Ti II,4443.80,1.08,-0.71,0.02,10,,,,
J1008+0001,Ti II,4444.55,1.12,-2.20,0.02,10,,,,
J1008+0001,Ti II,4450.48,1.08,-1.52,0.02,10,49.8,,1.62,
J1008+0001,Ti II,4464.45,1.16,-1.81,0.02,9,39.6,,1.84,
J1008+0001,Ti II,4470.85,1.17,-2.02,0.02,9,,,,
J1008+0001,Ti II,4493.52,1.08,-2.78,0.02,10,,,,
J1008+0001,Ti II,4501.27,1.12,-0.77,0.02,10,80.5,,1.44,
J1008+0001,Ti II,4533.96,1.24,-0.53,0.02,9,110.3,,1.97,
J1008+0001,Ti II,4571.97,1.57,-0.31,0.02,10,94.6,,1.82,
J1008+0001,Ti II,4583.41,1.16,-2.84,0.02,10,,,,
J1008+0001,Ti II,4636.32,1.16,-3.02,0.02,9,,,,
J1008+0001,Ti II,4657.20,1.24,-2.29,0.02,10,,,,
J1008+0001,Ti II,4708.66,1.24,-2.35,0.02,10,,,,
J1008+0001,Ti II,4798.53,1.08,-2.66,0.02,10,,,,
J1008+0001,Ti II,5129.16,1.89,-1.34,0.02,10,,,,
J1008+0001,Ti II,5185.90,1.89,-1.41,0.02,10,25.9,,2.05,
J1008+0001,Ti II,5188.69,1.58,-1.05,0.02,9,42.2,,1.59,
J1008+0001,Ti II,5226.54,1.57,-1.26,0.02,9,,,,
J1008+0001,Ti II,5336.79,1.58,-1.60,0.02,10,21.9,,1.74,
J1008+0001,Ti II,5381.02,1.57,-1.97,0.02,10,,,,
J1008+0001,Ti II,5418.77,1.58,-2.13,0.02,10,19.5,,2.21,
J1008+0001,V I,4111.78,0.30,0.40,0.02,11,,,,
J1008+0001,V I,4379.23,0.30,0.58,0.02,11,,,,
J1008+0001,V I,4389.98,0.28,0.22,0.02,11,,,,
J1008+0001,V II,4005.70,1.82,-0.45,0.02,12,,,,
J1008+0001,V II,4023.38,1.80,-0.61,0.02,12,,,,
J1008+0001,Cr I,4545.95,0.94,-1.37,0.02,13,25.8,,2.56,
J1008+0001,Cr I,4646.15,1.03,-0.74,0.02,13,52.8,,2.52,
J1008+0001,Cr I,4651.28,0.98,-1.46,0.02,13,33.1,,2.84,
J1008+0001,Cr I,5206.04,0.94,0.02,0.02,13,114.4,,2.68,
J1008+0001,Cr I,5296.69,0.98,-1.36,0.02,13,25.3,,2.54,
J1008+0001,Cr I,5298.28,0.98,-1.14,0.02,13,42.7,,2.64,
J1008+0001,Cr I,5345.80,1.00,-0.95,0.02,13,57.2,,2.69,
J1008+0001,Cr I,5348.31,1.00,-1.21,0.02,13,35.1,,2.60,
J1008+0001,Cr I,5409.77,1.03,-0.67,0.02,13,72.3,,2.68,
J1008+0001,Cr II,4558.64,4.07,-0.43,0.02,14,,,,
J1008+0001,Cr II,4588.20,4.07,-0.65,0.02,14,,,,
J1008+0001,Mn I,4041.35,2.11,0.28,0.02,15,,,2.36,
J1008+0001,Mn I,4754.04,2.28,-0.08,0.02,15,,,2.54,
J1008+0001,Mn I,4823.52,2.32,0.14,0.02,15,,,2.48,
J1008+0001,Fe I,4132.06,1.61,-0.68,0.03,16,,,,
J1008+0001,Fe I,4134.68,2.83,-0.65,0.09,16,,,,
J1008+0001,Fe I,4147.67,1.49,-2.07,0.01,16,,,,
J1008+0001,Fe I,4150.25,3.43,-1.19,0.02,17,,,,
J1008+0001,Fe I,4154.50,2.83,-0.69,0.05,16,,,,
J1008+0001,Fe I,4156.80,2.83,-0.81,0.05,16,,,,
J1008+0001,Fe I,4157.78,3.42,-0.40,0.03,16,,,,
J1008+0001,Fe I,4174.91,0.91,-2.94,0.01,16,,,,
J1008+0001,Fe I,4175.64,2.85,-0.83,0.05,16,,,,
J1008+0001,Fe I,4181.76,2.83,-0.37,0.05,16,,,,
J1008+0001,Fe I,4182.38,3.02,-1.18,0.30,16,,,,
J1008+0001,Fe I,4184.89,2.83,-0.87,0.05,16,,,,
J1008+0001,Fe I,4187.04,2.45,-0.56,0.02,18,,,,
J1008+0001,Fe I,4187.80,2.42,-0.51,0.05,16,,,,
J1008+0001,Fe I,4191.43,2.47,-0.67,0.05,16,,,,
J1008+0001,Fe I,4195.33,3.33,-0.49,0.05,16,,,,
J1008+0001,Fe I,4199.10,3.05,0.16,0.02,16,,,,
J1008+0001,Fe I,4202.03,1.49,-0.69,0.01,16,,,,
J1008+0001,Fe I,4217.55,3.43,-0.48,0.03,16,,,,
J1008+0001,Fe I,4222.21,2.45,-0.91,0.05,16,,,,
J1008+0001,Fe I,4227.43,3.33,0.27,0.05,16,64.2,,4.05,
J1008+0001,Fe I,4233.60,2.48,-0.60,0.02,18,79.8,,4.14,
J1008+0001,Fe I,4238.81,3.40,-0.23,0.03,16,,,,
J1008+0001,Fe I,4250.12,2.47,-0.38,0.05,16,,,,
J1008+0001,Fe I,4250.79,1.56,-0.71,0.03,16,,,,
J1008+0001,Fe I,4260.47,2.40,0.08,0.05,16,,,,
J1008+0001,Fe I,4282.40,2.18,-0.78,0.03,16,,,,
J1008+0001,Fe I,4352.73,2.22,-1.29,0.03,16,,,,
J1008+0001,Fe I,4375.93,0.00,-3.00,0.01,16,,,,
J1008+0001,Fe I,4388.41,3.60,-0.68,0.05,16,,,,
J1008+0001,Fe I,4415.12,1.61,-0.62,0.01,16,,,,
J1008+0001,Fe I,4430.61,2.22,-1.73,0.05,16,,,,
J1008+0001,Fe I,4442.34,2.20,-1.23,0.05,16,,,,
J1008+0001,Fe I,4443.19,2.86,-1.04,0.03,16,36.5,,4.25,
J1008+0001,Fe I,4447.72,2.22,-1.36,0.02,19,,,,
J1008+0001,Fe I,4466.55,2.83,-0.60,0.03,16,,,,
J1008+0001,Fe I,4484.22,3.60,-0.64,0.02,17,,,,
J1008+0001,Fe I,4489.74,0.12,-3.90,0.01,16,99.5,,4.75,
J1008+0001,Fe I,4494.56,2.20,-1.14,0.02,16,85.8,,4.38,0.11
J1008+0001,Fe I,4531.15,1.48,-2.10,0.01,16,87.9,,4.46,
J1008+0001,Fe I,4592.65,1.56,-2.46,0.01,16,66.5,,4.50,
J1008+0001,Fe I,4602.00,1.61,-3.13,0.01,16,32.5,,4.66,
J1008+0001,Fe I,4602.94,1.49,-2.21,0.01,16,76.0,,4.34,
J1008+0001,Fe I,4607.65,3.27,-1.33,0.02,17,,,,
J1008+0001,Fe I,4619.29,3.60,-1.06,0.02,17,14.3,,4.66,
J1008+0001,Fe I,4630.12,2.28,-2.58,0.02,19,,,,
J1008+0001,Fe I,4637.50,3.28,-1.29,0.02,17,,,,
J1008+0001,Fe I,4647.43,2.95,-1.35,0.05,16,17.2,,4.23,
J1008+0001,Fe I,4668.13,3.27,-1.08,0.02,17,21.2,,4.47,
J1008+0001,Fe I,4733.59,1.49,-2.99,0.01,16,38.1,,4.46,
J1008+0001,Fe I,4736.77,3.21,-0.67,0.02,17,,,,
J1008+0001,Fe I,4786.81,3.02,-1.61,0.03,17,,,,
J1008+0001,Fe I,4871.32,2.87,-0.34,0.02,18,75.1,,4.18,
J1008+0001,Fe I,4872.14,2.88,-0.57,0.03,16,62.4,,4.20,
J1008+0001,Fe I,4882.14,3.42,-1.48,0.02,17,9.9,,4.66,
J1008+0001,Fe I,4890.76,2.88,-0.38,0.02,18,69.8,,4.13,
J1008+0001,Fe I,4891.49,2.85,-0.11,0.03,16,84.7,,4.09,
J1008+0001,Fe I,4903.31,2.88,-0.89,0.02,18,55.8,,4.41,
J1008+0001,Fe I,4910.02,3.40,-1.28,0.02,17,,,,
J1008+0001,Fe I,4918.99,2.86,-0.34,0.05,16,,,,
J1008+0001,Fe I,4920.50,2.83,0.07,0.03,16,89.5,,3.97,0.11
J1008+0001,Fe I,4924.77,2.28,-2.11,0.12,16,,,,
J1008+0001,Fe I,4938.81,2.88,-1.08,0.03,16,,,,
J1008+0001,Fe I,4939.69,0.86,-3.25,0.01,16,,,,
J1008+0001,Fe I,4946.39,3.37,-1.11,0.02,18,19.4,,4.56,
J1008+0001,Fe I,4950.11,3.42,-1.50,0.02,17,,,,
J1008+0001,Fe I,4966.09,3.33,-0.79,0.02,17,20.2,,4.21,
J1008+0001,Fe I,4994.13,0.92,-2.97,0.01,16,75.5,,4.28,0.15
J1008+0001,Fe I,5001.86,3.88,-0.01,0.02,18,,,,
J1008+0001,Fe I,5002.79,3.40,-1.46,0.02,18,,,,
J1008+0001,Fe I,5005.71,3.88,-0.12,0.02,18,,,,
J1008+0001,Fe I,5006.12,2.83,-0.62,0.03,16,,,,
J1008+0001,Fe I,5014.94,3.94,-0.18,0.02,17,,,,
J1008+0001,Fe I,5028.13,3.57,-1.02,0.02,18,,,,
J1008+0001,Fe I,5049.82,2.28,-1.36,0.05,16,,,,
J1008+0001,Fe I,5051.63,0.92,-2.76,0.01,16,,,,
J1008+0001,Fe I,5068.77,2.94,-1.04,0.03,16,,,,
J1008+0001,Fe I,5079.74,0.99,-3.24,0.01,16,,,,
J1008+0001,Fe I,5083.34,0.96,-2.84,0.01,16,,,,
J1008+0001,Fe I,5123.72,1.01,-3.06,0.01,16,,,,
J1008+0001,Fe I,5127.36,0.92,-3.25,0.01,16,,,,
J1008+0001,Fe I,5131.47,2.22,-2.52,0.22,16,,,,
J1008+0001,Fe I,5133.69,4.18,0.36,0.02,17,,,,
J1008+0001,Fe I,5150.84,0.99,-3.04,0.12,16,,,,
J1008+0001,Fe I,5151.91,1.01,-3.32,0.01,16,,,,
J1008+0001,Fe I,5166.28,0.00,-4.12,0.01,16,,,,
J1008+0001,Fe I,5171.60,1.49,-1.72,0.01,16,,,,
J1008+0001,Fe I,5191.45,3.04,-0.55,0.05,16,50.4,,4.17,
J1008+0001,Fe I,5192.34,3.00,-0.42,0.03,16,75.4,,4.38,
J1008+0001,Fe I,5194.94,1.56,-2.02,0.01,16,98.9,,4.56,
J1008+0001,Fe I,5198.71,2.22,-2.09,0.05,16,48.3,,4.62,0.08
J1008+0001,Fe I,5202.34,2.18,-1.87,0.05,16,57.7,,4.50,
J1008+0001,Fe I,5215.18,3.27,-0.86,0.02,17,22.7,,4.25,
J1008+0001,Fe I,5216.27,1.61,-2.08,0.01,16,88.4,,4.48,0.13
J1008+0001,Fe I,5217.39,3.21,-1.07,0.02,17,21.8,,4.37,
J1008+0001,Fe I,5225.53,0.11,-4.76,0.01,16,,,,
J1008+0001,Fe I,5232.94,2.94,-0.06,0.03,16,91.1,,4.35,0.08
J1008+0001,Fe I,5242.49,3.63,-0.83,0.02,19,,,,
J1008+0001,Fe I,5253.46,3.28,-1.58,0.02,17,,,,
J1008+0001,Fe I,5263.31,3.27,-0.87,0.02,17,,,,
J1008+0001,Fe I,5266.56,3.00,-0.38,0.05,16,76.2,,4.35,
J1008+0001,Fe I,5281.79,3.04,-0.83,0.05,16,44.3,,4.34,0.10
J1008+0001,Fe I,5283.62,3.24,-0.45,0.02,17,,,,
J1008+0001,Fe I,5307.36,1.61,-2.91,0.01,16,,,,
J1008+0001,Fe I,5324.18,3.21,-0.11,0.02,18,79.4,,4.40,
J1008+0001,Fe I,5332.90,1.56,-2.78,0.05,16,63.7,,4.68,
J1008+0001,Fe I,5339.93,3.27,-0.63,0.02,17,,,,
J1008+0001,Fe I,5341.02,1.61,-1.95,0.05,16,99.1,,4.54,
J1008+0001,Fe I,5364.87,4.45,0.23,0.09,16,,,,
J1008+0001,Fe I,5367.47,4.42,0.44,0.05,16,,,,
J1008+0001,Fe I,5369.96,4.37,0.54,0.03,16,,,,
J1008+0001,Fe I,5371.49,0.96,-1.64,0.01,16,156.2,,4.49,
J1008+0001,Fe I,5383.37,4.31,0.64,0.03,16,35.7,,4.32,0.15
J1008+0001,Fe I,5397.13,0.92,-1.98,0.01,16,141.3,,4.49,
J1008+0001,Fe I,5405.77,0.99,-1.85,0.01,16,150.6,,4.62,
J1008+0001,Fe I,5410.91,4.47,0.40,0.03,16,,,,
J1008+0001,Fe I,5415.20,4.39,0.64,0.03,16,,,,
J1008+0001,Fe I,5429.70,0.96,-1.88,0.01,16,147.9,,4.56,
J1008+0001,Fe I,5434.52,1.01,-2.13,0.01,16,138.7,,4.70,0.16
J1008+0001,Fe I,5473.90,4.15,-0.72,0.02,18,,,,
J1008+0001,Fe I,5497.52,1.01,-2.82,0.01,16,106.0,,4.72,
J1008+0001,Fe I,5501.47,0.96,-3.05,0.05,16,95.9,,4.69,
J1008+0001,Fe I,5506.78,0.99,-2.79,0.01,16,115.5,,4.84,
J1008+0001,Fe I,5569.62,3.42,-0.52,0.02,17,29.2,,4.22,
J1008+0001,Fe I,5586.76,3.37,-0.11,0.02,17,52.0,,4.14,0.14
J1008+0001,Fe I,5624.54,3.42,-0.76,0.02,17,22.8,,4.32,
J1008+0001,Fe I,5701.54,2.56,-2.14,0.09,16,20.4,,4.54,0.10
J1008+0001,Fe I,6003.01,3.88,-1.10,0.02,17,,,,
J1008+0001,Fe I,6008.56,3.88,-0.98,0.02,17,7.5,,4.55,
J1008+0001,Fe I,6065.48,2.61,-1.41,0.05,16,49.4,,4.39,0.10
J1008+0001,Fe I,6136.61,2.45,-1.41,0.05,16,67.3,,4.45,
J1008+0001,Fe I,6137.69,2.59,-1.35,0.05,16,42.6,,4.20,
J1008+0001,Fe I,6151.62,2.18,-3.37,0.05,2,,,,
J1008+0001,Fe I,6173.34,2.22,-2.88,0.05,20,,,,
J1008+0001,Fe I,6191.56,2.43,-1.42,0.09,16,60.0,,4.32,
J1008+0001,Fe I,6213.43,2.22,-2.48,0.22,16,,,,
J1008+0001,Fe I,6219.28,2.20,-2.45,0.05,16,28.5,,4.54,0.10
J1008+0001,Fe I,6230.72,2.56,-1.28,0.05,16,69.1,,4.48,
J1008+0001,Fe I,6232.64,3.65,-1.24,0.02,17,,,,
J1008+0001,Fe I,6246.32,3.60,-0.77,0.02,17,17.3,,4.38,
J1008+0001,Fe I,6252.56,2.40,-1.77,0.05,16,48.1,,4.45,0.11
J1008+0001,Fe I,6265.13,2.18,-2.54,0.05,16,22.5,,4.47,0.10
J1008+0001,Fe I,6301.50,3.65,-0.71,0.02,17,15.1,,4.31,
J1008+0001,Fe I,6322.69,2.59,-2.47,0.09,16,,,,
J1008+0001,Fe I,6336.82,3.69,-0.85,0.02,17,14.3,,4.47,
J1008+0001,Fe I,6344.15,2.43,-2.88,0.05,16,,,,
J1008+0001,Fe I,6393.60,2.43,-1.58,0.12,16,69.4,,4.60,
J1008+0001,Fe I,6408.02,3.69,-0.99,0.02,17,,,,
J1008+0001,Fe I,6411.65,3.65,-0.59,0.02,17,18.6,,4.29,
J1008+0001,Fe I,6421.35,2.28,-2.01,0.05,16,48.3,,4.52,
J1008+0001,Fe I,6430.85,2.18,-1.95,0.05,16,55.4,,4.44,0.11
J1008+0001,Fe I,6481.87,2.28,-3.01,0.05,16,,,,
J1008+0001,Fe I,6494.98,2.40,-1.24,0.05,16,79.2,,4.56,
J1008+0001,Fe I,6592.91,2.73,-1.47,0.09,16,,,,
J1008+0001,Fe I,6593.87,2.43,-2.37,0.05,16,,,,
J1008+0001,Fe I,6677.99,2.69,-1.42,0.05,16,46.1,,4.41,
J1008+0001,Fe I,6750.15,2.42,-2.58,0.05,16,18.4,,4.68,0.08
J1008+0001,Fe I,6978.85,2.48,-2.45,0.05,16,,,,
J1008+0001,Fe I,7495.07,4.22,-0.10,0.02,18,10.7,,4.19,
J1008+0001,Fe I,7511.02,4.18,0.12,0.02,17,,,,
J1008+0001,Fe II,4173.45,2.58,-2.38,0.02,22,,,,
J1008+0001,Fe II,4178.86,2.58,-2.51,0.05,21,,,,
J1008+0001,Fe II,4233.16,2.58,-2.02,0.02,22,,,,
J1008+0001,Fe II,4303.17,2.70,-2.52,0.02,22,,,,
J1008+0001,Fe II,4385.38,2.78,-2.64,0.02,22,,,,
J1008+0001,Fe II,4416.82,2.78,-2.57,0.02,22,,,,
J1008+0001,Fe II,4491.41,2.86,-2.71,0.05,21,,,,
J1008+0001,Fe II,4508.28,2.86,-2.42,0.02,22,,,,
J1008+0001,Fe II,4515.34,2.84,-2.60,0.05,21,,,,
J1008+0001,Fe II,4555.89,2.83,-2.40,0.05,21,,,,
J1008+0001,Fe II,4576.34,2.84,-2.95,0.05,21,,,,
J1008+0001,Fe II,4583.83,2.81,-1.94,0.02,22,36.9,,3.92,
J1008+0001,Fe II,4620.52,2.83,-3.21,0.05,21,,,,
J1008+0001,Fe II,5197.58,3.23,-2.22,0.05,21,,,,
J1008+0001,Fe II,5234.63,3.22,-2.18,0.05,21,18.1,,4.22,
J1008+0001,Fe II,5276.00,3.20,-2.01,0.05,21,,,,
J1008+0001,Co I,4121.32,0.92,-0.33,0.02,23,,<,2.80,
J1008+0001,Ni I,4604.99,3.48,-0.24,0.02,24,,,,
J1008+0001,Ni I,4648.65,3.42,-0.09,0.02,24,17.3,,3.29,
J1008+0001,Ni I,4714.42,3.38,0.25,0.02,24,,,,
J1008+0001,Ni I,4756.52,3.48,-0.27,0.02,24,11.3,,3.33,
J1008+0001,Ni I,4980.17,3.60,0.07,0.02,24,27.3,,3.59,
J1008+0001,Ni I,5084.08,3.68,0.03,0.02,2,,,,
J1008+0001,Ni I,5476.90,1.83,-0.78,0.02,24,73.9,,2.92,
J1008+0001,Ni I,6643.63,1.68,-2.22,0.02,24,51.3,,3.72,
J1008+0001,Ni I,6767.77,1.83,-2.14,0.02,24,32.2,,3.52,
J1008+0001,Zn I,4722.16,4.03,-0.37,0.02,25,,,2.36,
J1008+0001,Zn I,4810.54,4.08,-0.15,0.02,25,,,2.16,
J1008+0001,Sr II,4077.71,0.00,0.15,0.01,2,,,-2.47,
J1008+0001,Sr II,4215.52,0.00,-0.17,0.01,2,,,,
J1008+0001,Y II,3950.35,0.10,-0.73,0.02,26,,,,
J1008+0001,Y II,4398.01,0.13,-0.75,0.02,26,,,,
J1008+0001,Y II,4883.68,1.08,0.19,0.02,26,,,,
J1008+0001,Y II,4900.12,1.03,0.03,0.02,26,,,,
J1008+0001,Zr II,4149.20,0.80,-0.04,0.02,27,,,,
J1008+0001,Zr II,4161.20,0.71,-0.59,0.02,27,,,,
J1008+0001,Zr II,4208.98,0.71,-0.51,0.02,27,,,,
J1008+0001,Ba II,4554.03,0.00,0.14,0.05,28,,,-2.31,
J1008+0001,Ba II,4934.08,0.00,-0.16,0.05,28,,,,
J1008+0001,Ba II,5853.68,0.60,-0.91,0.05,28,,,-2.35,
J1008+0001,Ba II,6141.71,0.70,-0.03,0.05,28,,,,
J1008+0001,Ba II,6496.90,0.60,-0.41,0.05,28,,,-2.06,
J1008+0001,La II,3949.10,0.40,0.49,0.02,29,,,,
J1008+0001,La II,4086.71,0.00,-0.07,0.02,29,,,,
J1008+0001,La II,4123.22,0.32,0.13,0.02,29,,,,
J1008+0001,La II,4333.75,0.17,-0.06,0.02,29,,,,
J1008+0001,La II,4920.98,0.13,-0.58,0.02,29,,,,
J1008+0001,La II,4921.78,0.24,-0.45,0.02,29,,,,
J1008+0001,Ce II,4486.91,0.30,-0.18,0.02,30,,,,
J1008+0001,Ce II,4562.36,0.48,0.21,0.02,30,,,,
J1008+0001,Ce II,4628.16,0.52,0.14,0.02,30,,,,
J1008+0001,Pr II,4408.81,0.00,0.05,0.02,31,,,,
J1008+0001,Nd II,4109.45,0.32,0.35,0.02,32,,,,
J1008+0001,Nd II,4156.08,0.18,0.16,0.02,32,,,,
J1008+0001,Nd II,4303.57,0.00,0.08,0.02,32,,,,
J1008+0001,Nd II,4462.98,0.56,0.04,0.02,32,,,,
J1008+0001,Sm II,4424.34,0.48,0.14,0.02,33,,,,
J1008+0001,Sm II,4434.32,0.38,-0.07,0.02,33,,,,
J1008+0001,Sm II,4467.34,0.66,0.15,0.02,33,,,,
J1008+0001,Eu II,3907.11,0.21,0.17,0.02,34,,,,
J1008+0001,Eu II,4129.72,0.00,0.22,0.02,34,,<,-2.30,
J1008+0001,Eu II,4205.04,0.00,0.21,0.02,34,,<,-2.40,
J1008+0001,Eu II,4435.58,0.21,-0.11,0.02,34,,,,
J1008+0001,Dy II,4449.70,0.00,-1.03,0.02,35,,,,
J1008+0001,Pb I,4057.81,1.32,-0.22,0.02,36,,<,0.30,
J1010-0220,Li I,6707.80,0.00,0.17,0.01,1,,<,0.40,0.15
J1010-0220,O I,6300.30,0.00,-9.82,0.03,2,,<,6.70,
J1010-0220,O I,6363.78,0.02,-10.26,0.03,2,,,,
J1010-0220,Na I,5682.63,2.10,-0.71,0.01,2,,,,
J1010-0220,Na I,5688.19,2.10,-0.41,0.01,2,,,,
J1010-0220,Na I,5889.95,0.00,0.11,0.01,2,,,2.73,-0.15
J1010-0220,Na I,5895.92,0.00,-0.19,0.01,2,,,2.70,-0.07
J1010-0220,Na I,6154.23,2.10,-1.55,0.01,2,,,,
J1010-0220,Na I,6160.75,2.10,-1.25,0.01,2,,,,
J1010-0220,Na I,8183.26,2.10,0.24,0.01,2,,,,
J1010-0220,Mg I,4057.51,4.35,-0.90,0.09,2,,,,
J1010-0220,Mg I,4702.99,4.33,-0.44,0.03,2,28.4,,4.34,0.08
J1010-0220,Mg I,5528.40,4.35,-0.55,0.05,3,28.9,,4.45,0.06
J1010-0220,Mg I,5711.09,4.35,-1.84,0.05,3,,,,
J1010-0220,Mg I,8806.76,4.35,-0.14,0.05,3,,,,
J1010-0220,Al I,3961.52,0.01,-0.33,0.03,4,,,2.07,1.00
J1010-0220,Al I,6696.02,3.14,-1.57,0.09,2,,,,
J1010-0220,Si I,4102.94,1.91,-3.03,0.09,5,,,4.27,0.00
J1010-0220,Si I,5665.55,4.92,-2.04,0.30,2,,,,
J1010-0220,Si I,5690.43,4.93,-1.87,0.22,2,,,,
J1010-0220,Si I,5701.10,4.93,-2.05,0.30,2,,,,
J1010-0220,Si I,5708.40,4.95,-1.47,0.22,2,,,,
J1010-0220,Si I,5772.15,5.08,-1.75,0.22,2,,,,
J1010-0220,Si I,5793.07,4.93,-2.02,0.30,2,,,,
J1010-0220,Si I,5948.54,5.08,-1.23,0.12,2,,,,
J1010-0220,Si I,6721.85,5.86,-0.94,0.30,2,,,,
J1010-0220,Si I,7003.57,5.96,-0.75,0.22,2,,,,
J1010-0220,Si I,7680.27,5.86,-0.69,0.09,2,,,,
J1010-0220,Si I,7742.72,6.21,-0.28,0.12,2,,,,
J1010-0220,Si I,7944.00,5.98,-0.31,0.05,2,,,,
J1010-0220,K I,7664.90,0.00,0.12,0.01,2,,,2.15,-0.17
J1010-0220,K I,7698.96,0.00,-0.18,0.01,2,,,2.49,-0.22
J1010-0220,Ca I,4283.01,1.89,-0.22,0.02,6,20.6,,2.87,
J1010-0220,Ca I,4318.65,1.90,-0.21,0.02,6,,,,
J1010-0220,Ca I,4425.44,1.88,-0.39,0.02,6,,,,
J1010-0220,Ca I,4435.69,1.89,-0.53,0.02,6,,,,
J1010-0220,Ca I,4454.78,1.90,0.23,0.02,6,46.7,,2.96,
J1010-0220,Ca I,4455.89,1.90,-0.54,0.02,6,,,,
J1010-0220,Ca I,4456.61,1.90,-1.72,0.02,6,,,,
J1010-0220,Ca I,5581.97,2.52,-0.56,0.02,6,,,,
J1010-0220,Ca I,5588.76,2.52,0.36,0.02,6,,,,
J1010-0220,Ca I,5590.12,2.52,-0.57,0.02,6,,,,
J1010-0220,Ca I,5857.45,2.93,0.24,0.02,6,,,,
J1010-0220,Ca I,6102.72,1.88,-0.82,0.02,6,,,,
J1010-0220,Ca I,6122.22,1.89,-0.34,0.02,6,31.5,,3.13,
J1010-0220,Ca I,6162.17,1.90,-0.12,0.02,6,53.1,,3.28,
J1010-0220,Ca I,6169.06,2.52,-0.80,0.02,6,,,,
J1010-0220,Ca I,6169.56,2.53,-0.48,0.02,6,,,,
J1010-0220,Ca I,6439.07,2.52,0.39,0.02,6,32.3,,3.20,
J1010-0220,Ca I,6449.81,2.52,-0.50,0.02,6,10.0,,3.47,
J1010-0220,Ca I,6717.69,2.71,-0.52,0.02,6,,,,
J1010-0220,Sc II,4246.82,0.32,0.24,0.02,7,,,-0.27,
J1010-0220,Sc II,4324.98,0.59,-0.44,0.02,7,,,,
J1010-0220,Sc II,4374.45,0.62,-0.42,0.02,7,,,-0.50,
J1010-0220,Sc II,4400.39,0.60,-0.54,0.02,7,,,-0.38,
J1010-0220,Sc II,4415.54,0.59,-0.67,0.02,7,,,-0.25,
J1010-0220,Sc II,4670.41,1.36,-0.58,0.02,7,,,,
J1010-0220,Sc II,5031.01,1.36,-0.40,0.02,7,,,-0.20,
J1010-0220,Sc II,5526.79,1.77,0.02,0.02,7,,,,
J1010-0220,Sc II,5657.91,1.51,-0.60,0.02,7,,,-0.18,
J1010-0220,Ti I,4512.73,0.84,-0.40,0.02,8,,,,
J1010-0220,Ti I,4518.02,0.83,-0.25,0.02,8,,,,
J1010-0220,Ti I,4533.24,0.85,0.54,0.02,8,36.3,,1.58,
J1010-0220,Ti I,4534.78,0.84,0.35,0.02,8,,,,
J1010-0220,Ti I,4548.76,0.83,-0.28,0.02,8,11.8,,1.75,
J1010-0220,Ti I,4555.48,0.85,-0.40,0.02,8,,,,
J1010-0220,Ti I,4656.47,0.00,-1.28,0.02,2,,,,
J1010-0220,Ti I,4681.91,0.05,-1.01,0.02,2,10.4,,1.41,
J1010-0220,Ti I,4840.87,0.90,-0.43,0.02,8,,,,
J1010-0220,Ti I,4981.73,0.84,0.57,0.02,8,,,,
J1010-0220,Ti I,4991.07,0.84,0.45,0.02,8,33.7,,1.57,
J1010-0220,Ti I,4999.50,0.83,0.32,0.02,8,,,,
J1010-0220,Ti I,5016.16,0.85,-0.48,0.02,8,,,,
J1010-0220,Ti I,5064.65,0.05,-0.94,0.02,8,,,,
J1010-0220,Ti I,5173.74,0.00,-1.06,0.02,8,,,,
J1010-0220,Ti I,5192.97,0.02,-0.95,0.02,8,,,,
J1010-0220,Ti I,5210.38,0.05,-0.82,0.02,8,23.5,,1.59,
J1010-0220,Ti II,4337.91,1.08,-0.96,0.02,9,,,,
J1010-0220,Ti II,4394.06,1.22,-1.77,0.02,10,27.8,,1.61,
J1010-0220,Ti II,4395.03,1.08,-0.54,0.02,10,108.4,,1.78,
J1010-0220,Ti II,4395.84,1.24,-1.93,0.02,10,29.1,,1.82,
J1010-0220,Ti II,4398.29,1.21,-2.65,0.02,9,,,,
J1010-0220,Ti II,4399.77,1.24,-1.20,0.02,10,64.7,,1.74,
J1010-0220,Ti II,4409.52,1.23,-2.53,0.02,10,,,,
J1010-0220,Ti II,4417.71,1.17,-1.19,0.02,9,77.7,,1.88,
J1010-0220,Ti II,4418.33,1.24,-1.99,0.02,10,32.6,,1.95,
J1010-0220,Ti II,4443.80,1.08,-0.71,0.02,10,94.8,,1.63,
J1010-0220,Ti II,4444.55,1.12,-2.20,0.02,10,19.7,,1.71,
J1010-0220,Ti II,4450.48,1.08,-1.52,0.02,10,55.3,,1.67,
J1010-0220,Ti II,4464.45,1.16,-1.81,0.02,9,47.7,,1.94,
J1010-0220,Ti II,4470.85,1.17,-2.02,0.02,9,27.8,,1.79,
J1010-0220,Ti II,4493.52,1.08,-2.78,0.02,10,,,,
J1010-0220,Ti II,4501.27,1.12,-0.77,0.02,10,101.2,,1.86,
J1010-0220,Ti II,4533.96,1.24,-0.53,0.02,9,100.8,,1.76,
J1010-0220,Ti II,4571.97,1.57,-0.31,0.02,10,81.4,,1.56,
J1010-0220,Ti II,4583.41,1.16,-2.84,0.02,10,12.7,,2.17,
J1010-0220,Ti II,4636.32,1.16,-3.02,0.02,9,,,,
J1010-0220,Ti II,4657.20,1.24,-2.29,0.02,10,22.7,,2.02,
J1010-0220,Ti II,4708.66,1.24,-2.35,0.02,10,,,,
J1010-0220,Ti II,4798.53,1.08,-2.66,0.02,10,,,,
J1010-0220,Ti II,5129.16,1.89,-1.34,0.02,10,,,,
J1010-0220,Ti II,5185.90,1.89,-1.41,0.02,10,,,,
J1010-0220,Ti II,5188.69,1.58,-1.05,0.02,9,,,,
J1010-0220,Ti II,5226.54,1.57,-1.26,0.02,9,,,,
J1010-0220,Ti II,5336.79,1.58,-1.60,0.02,10,,,,
J1010-0220,Ti II,5381.02,1.57,-1.97,0.02,10,,,,
J1010-0220,Ti II,5418.77,1.58,-2.13,0.02,10,,,,
J1010-0220,V I,4111.78,0.30,0.40,0.02,11,,,,
J1010-0220,V I,4379.23,0.30,0.58,0.02,11,,,,
J1010-0220,V I,4389.98,0.28,0.22,0.02,11,,,,
J1010-0220,V II,4005.70,1.82,-0.45,0.02,12,,,,
J1010-0220,V II,4023.38,1.80,-0.61,0.02,12,,,,
J1010-0220,Cr I,4545.95,0.94,-1.37,0.02,13,9.9,,2.10,
J1010-0220,Cr I,4646.15,1.03,-0.74,0.02,13,,,,
J1010-0220,Cr I,4651.28,0.98,-1.46,0.02,13,,,,
J1010-0220,Cr I,5206.04,0.94,0.02,0.02,13,71.2,,1.93,
J1010-0220,Cr I,5296.69,0.98,-1.36,0.02,13,,,,
J1010-0220,Cr I,5298.28,0.98,-1.14,0.02,13,21.2,,2.25,
J1010-0220,Cr I,5345.80,1.00,-0.95,0.02,13,,,,
J1010-0220,Cr I,5348.31,1.00,-1.21,0.02,13,,,,
J1010-0220,Cr I,5409.77,1.03,-0.67,0.02,13,18.9,,1.78,
J1010-0220,Cr II,4558.64,4.07,-0.43,0.02,14,10.7,,2.40,
J1010-0220,Cr II,4588.20,4.07,-0.65,0.02,14,,,,
J1010-0220,Mn I,4041.35,2.11,0.28,0.02,15,,,,
J1010-0220,Mn I,4754.04,2.28,-0.08,0.02,15,,,,
J1010-0220,Mn I,4823.52,2.32,0.14,0.02,15,,,1.77,
J1010-0220,Fe I,4132.06,1.61,-0.68,0.03,16,107.7,,3.82,
J1010-0220,Fe I,4134.68,2.83,-0.65,0.09,16,42.4,,4.01,
J1010-0220,Fe I,4147.67,1.49,-2.07,0.01,16,60.3,,4.04,
J1010-0220,Fe I,4150.25,3.43,-1.19,0.02,17,,,,
J1010-0220,Fe I,4154.50,2.83,-0.69,0.05,16,,,,
J1010-0220,Fe I,4156.80,2.83,-0.81,0.05,16,,,,
J1010-0220,Fe I,4157.78,3.42,-0.40,0.03,16,,,,
J1010-0220,Fe I,4174.91,0.91,-2.94,0.01,16,44.7,,3.86,
J1010-0220,Fe I,4175.64,2.85,-0.83,0.05,16,25.5,,3.86,
J1010-0220,Fe I,4181.76,2.83,-0.37,0.05,16,42.0,,3.71,
J1010-0220,Fe I,4182.38,3.02,-1.18,0.30,16,,,,
J1010-0220,Fe I,4184.89,2.83,-0.87,0.05,16,,,,
J1010-0220,Fe I,4187.04,2.45,-0.56,0.02,18,63.1,,3.81,
J1010-0220,Fe I,4187.80,2.42,-0.51,0.05,16,60.3,,3.67,
J1010-0220,Fe I,4191.43,2.47,-0.67,0.05,16,53.7,,3.77,
J1010-0220,Fe I,4195.33,3.33,-0.49,0.05,16,,,,
J1010-0220,Fe I,4199.10,3.05,0.16,0.02,16,53.1,,3.67,
J1010-0220,Fe I,4202.03,1.49,-0.69,0.01,16,111.9,,3.73,
J1010-0220,Fe I,4217.55,3.43,-0.48,0.03,16,,,,
J1010-0220,Fe I,4222.21,2.45,-0.91,0.05,16,,,,
J1010-0220,Fe I,4227.43,3.33,0.27,0.05,16,,,,
J1010-0220,Fe I,4233.60,2.48,-0.60,0.02,18,65.6,,3.93,
J1010-0220,Fe I,4238.81,3.40,-0.23,0.03,16,23.5,,3.89,
J1010-0220,Fe I,4250.12,2.47,-0.38,0.05,16,64.2,,3.66,0.15
J1010-0220,Fe I,4250.79,1.56,-0.71,0.03,16,126.0,,4.12,0.11
J1010-0220,Fe I,4260.47,2.40,0.08,0.05,16,116.0,,4.21,
J1010-0220,Fe I,4282.40,2.18,-0.78,0.03,16,70.0,,3.81,
J1010-0220,Fe I,4352.73,2.22,-1.29,0.03,16,49.3,,3.97,
J1010-0220,Fe I,4375.93,0.00,-3.00,0.01,16,118.2,,3.98,
J1010-0220,Fe I,4388.41,3.60,-0.68,0.05,16,,,,
J1010-0220,Fe I,4415.12,1.61,-0.62,0.01,16,119.4,,3.88,
J1010-0220,Fe I,4430.61,2.22,-1.73,0.05,16,,,,
J1010-0220,Fe I,4442.34,2.20,-1.23,0.05,16,49.8,,3.88,
J1010-0220,Fe I,4443.19,2.86,-1.04,0.03,16,22.8,,4.00,
J1010-0220,Fe I,4447.72,2.22,-1.36,0.02,19,43.4,,3.92,
J1010-0220,Fe I,4466.55,2.83,-0.60,0.03,16,59.2,,4.23,
J1010-0220,Fe I,4484.22,3.60,-0.64,0.02,17,,,,
J1010-0220,Fe I,4489.74,0.12,-3.90,0.01,16,70.7,,4.16,
J1010-0220,Fe I,4494.56,2.20,-1.14,0.02,16,59.2,,3.95,0.14
J1010-0220,Fe I,4531.15,1.48,-2.10,0.01,16,81.3,,4.37,
J1010-0220,Fe I,4592.65,1.56,-2.46,0.01,16,42.5,,4.15,
J1010-0220,Fe I,4602.00,1.61,-3.13,0.01,16,,,,
J1010-0220,Fe I,4602.94,1.49,-2.21,0.01,16,59.7,,4.09,
J1010-0220,Fe I,4607.65,3.27,-1.33,0.02,17,,,,
J1010-0220,Fe I,4619.29,3.60,-1.06,0.02,17,,,,
J1010-0220,Fe I,4630.12,2.28,-2.58,0.02,19,,,,
J1010-0220,Fe I,4637.50,3.28,-1.29,0.02,17,,,,
J1010-0220,Fe I,4647.43,2.95,-1.35,0.05,16,,,,
J1010-0220,Fe I,4668.13,3.27,-1.08,0.02,17,,,,
J1010-0220,Fe I,4733.59,1.49,-2.99,0.01,16,16.8,,4.02,
J1010-0220,Fe I,4736.77,3.21,-0.67,0.02,17,27.0,,4.15,
J1010-0220,Fe I,4786.81,3.02,-1.61,0.03,17,,,,
J1010-0220,Fe I,4871.32,2.87,-0.34,0.02,18,46.9,,3.76,
J1010-0220,Fe I,4872.14,2.88,-0.57,0.03,16,33.9,,3.77,
J1010-0220,Fe I,4882.14,3.42,-1.48,0.02,17,,,,
J1010-0220,Fe I,4890.76,2.88,-0.38,0.02,18,49.9,,3.86,
J1010-0220,Fe I,4891.49,2.85,-0.11,0.03,16,72.0,,3.93,
J1010-0220,Fe I,4903.31,2.88,-0.89,0.02,18,28.5,,3.98,
J1010-0220,Fe I,4910.02,3.40,-1.28,0.02,17,,,,
J1010-0220,Fe I,4918.99,2.86,-0.34,0.05,16,50.0,,3.79,
J1010-0220,Fe I,4920.50,2.83,0.07,0.03,16,72.6,,3.73,0.15
J1010-0220,Fe I,4924.77,2.28,-2.11,0.12,16,,,,
J1010-0220,Fe I,4938.81,2.88,-1.08,0.03,16,22.7,,4.03,
J1010-0220,Fe I,4939.69,0.86,-3.25,0.01,16,45.6,,4.03,
J1010-0220,Fe I,4946.39,3.37,-1.11,0.02,18,,,,
J1010-0220,Fe I,4950.11,3.42,-1.50,0.02,17,,,,
J1010-0220,Fe I,4966.09,3.33,-0.79,0.02,17,,,,
J1010-0220,Fe I,4994.13,0.92,-2.97,0.01,16,64.5,,4.12,0.16
J1010-0220,Fe I,5001.86,3.88,-0.01,0.02,18,,,,
J1010-0220,Fe I,5002.79,3.40,-1.46,0.02,18,,,,
J1010-0220,Fe I,5005.71,3.88,-0.12,0.02,18,,,,
J1010-0220,Fe I,5006.12,2.83,-0.62,0.03,16,50.7,,4.04,
J1010-0220,Fe I,5014.94,3.94,-0.18,0.02,17,,,,
J1010-0220,Fe I,5028.13,3.57,-1.02,0.02,18,,,,
J1010-0220,Fe I,5049.82,2.28,-1.36,0.05,16,,,,
J1010-0220,Fe I,5051.63,0.92,-2.76,0.01,16,82.7,,4.20,
J1010-0220,Fe I,5068.77,2.94,-1.04,0.03,16,,,,
J1010-0220,Fe I,5079.74,0.99,-3.24,0.01,16,60.5,,4.41,
J1010-0220,Fe I,5083.34,0.96,-2.84,0.01,16,69.7,,4.12,
J1010-0220,Fe I,5123.72,1.01,-3.06,0.01,16,61.1,,4.26,
J1010-0220,Fe I,5127.36,0.92,-3.25,0.01,16,57.1,,4.27,
J1010-0220,Fe I,5131.47,2.22,-2.52,0.22,16,,,,
J1010-0220,Fe I,5133.69,4.18,0.36,0.02,17,,,,
J1010-0220,Fe I,5150.84,0.99,-3.04,0.12,16,60.0,,4.19,
J1010-0220,Fe I,5151.91,1.01,-3.32,0.01,16,31.7,,4.04,
J1010-0220,Fe I,5166.28,0.00,-4.12,0.01,16,74.1,,4.13,
J1010-0220,Fe I,5171.60,1.49,-1.72,0.01,16,,,,
J1010-0220,Fe I,5191.45,3.04,-0.55,0.05,16,31.5,,3.88,
J1010-0220,Fe I,5192.34,3.00,-0.42,0.03,16,,,,
J1010-0220,Fe I,5194.94,1.56,-2.02,0.01,16,73.1,,4.13,
J1010-0220,Fe I,5198.71,2.22,-2.09,0.05,16,,,,
J1010-0220,Fe I,5202.34,2.18,-1.87,0.05,16,,,,
J1010-0220,Fe I,5215.18,3.27,-0.86,0.02,17,,,,
J1010-0220,Fe I,5216.27,1.61,-2.08,0.01,16,62.2,,4.08,0.14
J1010-0220,Fe I,5217.39,3.21,-1.07,0.02,17,,,,
J1010-0220,Fe I,5225.53,0.11,-4.76,0.01,16,,,,
J1010-0220,Fe I,5232.94,2.94,-0.06,0.03,16,,,,
J1010-0220,Fe I,5242.49,3.63,-0.83,0.02,19,,,,
J1010-0220,Fe I,5253.46,3.28,-1.58,0.02,17,,,,
J1010-0220,Fe I,5263.31,3.27,-0.87,0.02,17,,,,
J1010-0220,Fe I,5266.56,3.00,-0.38,0.05,16,,,,
J1010-0220,Fe I,5281.79,3.04,-0.83,0.05,16,32.1,,4.17,0.12
J1010-0220,Fe I,5283.62,3.24,-0.45,0.02,17,34.0,,4.08,
J1010-0220,Fe I,5307.36,1.61,-2.91,0.01,16,,,,
J1010-0220,Fe I,5324.18,3.21,-0.11,0.02,18,50.9,,3.99,
J1010-0220,Fe I,5332.90,1.56,-2.78,0.05,16,,,,
J1010-0220,Fe I,5339.93,3.27,-0.63,0.02,17,,,,
J1010-0220,Fe I,5341.02,1.61,-1.95,0.05,16,78.2,,4.19,
J1010-0220,Fe I,5364.87,4.45,0.23,0.09,16,,,,
J1010-0220,Fe I,5367.47,4.42,0.44,0.05,16,,,,
J1010-0220,Fe I,5369.96,4.37,0.54,0.03,16,,,,
J1010-0220,Fe I,5371.49,0.96,-1.64,0.01,16,142.8,,4.07,
J1010-0220,Fe I,5383.37,4.31,0.64,0.03,16,25.0,,4.13,0.16
J1010-0220,Fe I,5397.13,0.92,-1.98,0.01,16,,,,
J1010-0220,Fe I,5405.77,0.99,-1.85,0.01,16,,,,
J1010-0220,Fe I,5410.91,4.47,0.40,0.03,16,,,,
J1010-0220,Fe I,5415.20,4.39,0.64,0.03,16,,,,
J1010-0220,Fe I,5429.70,0.96,-1.88,0.01,16,143.1,,4.30,
J1010-0220,Fe I,5434.52,1.01,-2.13,0.01,16,123.2,,4.29,0.14
J1010-0220,Fe I,5473.90,4.15,-0.72,0.02,18,,,,
J1010-0220,Fe I,5497.52,1.01,-2.82,0.01,16,61.0,,3.97,
J1010-0220,Fe I,5501.47,0.96,-3.05,0.05,16,69.5,,4.26,
J1010-0220,Fe I,5506.78,0.99,-2.79,0.01,16,90.9,,4.37,
J1010-0220,Fe I,5569.62,3.42,-0.52,0.02,17,,,,
J1010-0220,Fe I,5586.76,3.37,-0.11,0.02,17,35.3,,3.90,0.17
J1010-0220,Fe I,5624.54,3.42,-0.76,0.02,17,,,,
J1010-0220,Fe I,5701.54,2.56,-2.14,0.09,16,,,,
J1010-0220,Fe I,6003.01,3.88,-1.10,0.02,17,,,,
J1010-0220,Fe I,6008.56,3.88,-0.98,0.02,17,,,,
J1010-0220,Fe I,6065.48,2.61,-1.41,0.05,16,27.2,,4.04,0.11
J1010-0220,Fe I,6136.61,2.45,-1.41,0.05,16,39.7,,4.06,
J1010-0220,Fe I,6137.69,2.59,-1.35,0.05,16,28.6,,3.98,
J1010-0220,Fe I,6151.62,2.18,-3.37,0.05,2,,,,
J1010-0220,Fe I,6173.34,2.22,-2.88,0.05,20,,,,
J1010-0220,Fe I,6191.56,2.43,-1.42,0.09,16,36.7,,3.99,
J1010-0220,Fe I,6213.43,2.22,-2.48,0.22,16,,,,
J1010-0220,Fe I,6219.28,2.20,-2.45,0.05,16,,,,
J1010-0220,Fe I,6230.72,2.56,-1.28,0.05,16,36.5,,4.01,
J1010-0220,Fe I,6232.64,3.65,-1.24,0.02,17,,,,
J1010-0220,Fe I,6246.32,3.60,-0.77,0.02,17,,,,
J1010-0220,Fe I,6252.56,2.40,-1.77,0.05,16,23.9,,4.05,0.14
J1010-0220,Fe I,6265.13,2.18,-2.54,0.05,16,,,,
J1010-0220,Fe I,6301.50,3.65,-0.71,0.02,17,,,,
J1010-0220,Fe I,6322.69,2.59,-2.47,0.09,16,,,,
J1010-0220,Fe I,6336.82,3.69,-0.85,0.02,17,,,,
J1010-0220,Fe I,6344.15,2.43,-2.88,0.05,16,,,,
J1010-0220,Fe I,6393.60,2.43,-1.58,0.12,16,36.8,,4.14,
J1010-0220,Fe I,6408.02,3.69,-0.99,0.02,17,,,,
J1010-0220,Fe I,6411.65,3.65,-0.59,0.02,17,,,,
J1010-0220,Fe I,6421.35,2.28,-2.01,0.05,16,24.4,,4.13,
J1010-0220,Fe I,6430.85,2.18,-1.95,0.05,16,37.0,,4.19,0.12
J1010-0220,Fe I,6481.87,2.28,-3.01,0.05,16,,,,
J1010-0220,Fe I,6494.98,2.40,-1.24,0.05,16,56.4,,4.06,
J1010-0220,Fe I,6592.91,2.73,-1.47,0.09,16,19.1,,4.03,
J1010-0220,Fe I,6593.87,2.43,-2.37,0.05,16,,,,
J1010-0220,Fe I,6677.99,2.69,-1.42,0.05,16,28.6,,4.14,
J1010-0220,Fe I,6750.15,2.42,-2.58,0.05,16,,,,
J1010-0220,Fe I,6978.85,2.48,-2.45,0.05,16,,,,
J1010-0220,Fe I,7495.07,4.22,-0.10,0.02,18,,,,
J1010-0220,Fe I,7511.02,4.18,0.12,0.02,17,12.6,,4.02,
J1010-0220,Fe II,4173.45,2.58,-2.38,0.02,22,,,,
J1010-0220,Fe II,4178.86,2.58,-2.51,0.05,21,,,,
J1010-0220,Fe II,4233.16,2.58,-2.02,0.02,22,74.5,,4.42,
J1010-0220,Fe II,4303.17,2.70,-2.52,0.02,22,,,,
J1010-0220,Fe II,4385.38,2.78,-2.64,0.02,22,,,,
J1010-0220,Fe II,4416.82,2.78,-2.57,0.02,22,32.6,,4.39,
J1010-0220,Fe II,4491.41,2.86,-2.71,0.05,21,,,,
J1010-0220,Fe II,4508.28,2.86,-2.42,0.02,22,37.8,,4.43,
J1010-0220,Fe II,4515.34,2.84,-2.60,0.05,21,37.0,,4.57,
J1010-0220,Fe II,4555.89,2.83,-2.40,0.05,21,50.7,,4.61,
J1010-0220,Fe II,4576.34,2.84,-2.95,0.05,21,22.8,,4.62,
J1010-0220,Fe II,4583.83,2.81,-1.94,0.02,22,57.1,,4.24,
J1010-0220,Fe II,4620.52,2.83,-3.21,0.05,21,,,,
J1010-0220,Fe II,5197.58,3.23,-2.22,0.05,21,,,,
J1010-0220,Fe II,5234.63,3.22,-2.18,0.05,21,,,,
J1010-0220,Fe II,5276.00,3.20,-2.01,0.05,21,,,,
J1010-0220,Co I,4121.32,0.92,-0.33,0.02,23,,,,
J1010-0220,Ni I,4604.99,3.48,-0.24,0.02,24,,,,
J1010-0220,Ni I,4648.65,3.42,-0.09,0.02,24,,,,
J1010-0220,Ni I,4714.42,3.38,0.25,0.02,24,,,,
J1010-0220,Ni I,4756.52,3.48,-0.27,0.02,24,,,,
J1010-0220,Ni I,4980.17,3.60,0.07,0.02,24,,,,
J1010-0220,Ni I,5084.08,3.68,0.03,0.02,2,,,,
J1010-0220,Ni I,5476.90,1.83,-0.78,0.02,24,45.1,,2.50,
J1010-0220,Ni I,6643.63,1.68,-2.22,0.02,24,,,,
J1010-0220,Ni I,6767.77,1.83,-2.14,0.02,24,,,,
J1010-0220,Zn I,4722.16,4.03,-0.37,0.02,25,9.7,,1.65,
J1010-0220,Zn I,4810.54,4.08,-0.15,0.02,25,14.0,,1.68,
J1010-0220,Sr II,4077.71,0.00,0.15,0.01,2,,,-0.85,
J1010-0220,Sr II,4215.52,0.00,-0.17,0.01,2,,,-1.08,
J1010-0220,Y II,3950.35,0.10,-0.73,0.02,26,,,-1.02,
J1010-0220,Y II,4398.01,0.13,-0.75,0.02,26,,,-1.45,
J1010-0220,Y II,4883.68,1.08,0.19,0.02,26,,,,
J1010-0220,Y II,4900.12,1.03,0.03,0.02,26,,,-1.54,
J1010-0220,Zr II,4149.20,0.80,-0.04,0.02,27,,,-0.64,
J1010-0220,Zr II,4161.20,0.71,-0.59,0.02,27,,,,
J1010-0220,Zr II,4208.98,0.71,-0.51,0.02,27,,,-0.59,
J1010-0220,Ba II,4554.03,0.00,0.14,0.05,28,,,-1.39,
J1010-0220,Ba II,4934.08,0.00,-0.16,0.05,28,,,,
J1010-0220,Ba II,5853.68,0.60,-0.91,0.05,28,,,-1.29,
J1010-0220,Ba II,6141.71,0.70,-0.03,0.05,28,,,-1.34,
J1010-0220,Ba II,6496.90,0.60,-0.41,0.05,28,,,-1.04,
J1010-0220,La II,3949.10,0.40,0.49,0.02,29,,,-1.83,
J1010-0220,La II,4086.71,0.00,-0.07,0.02,29,,,-1.68,
J1010-0220,La II,4123.22,0.32,0.13,0.02,29,,,,
J1010-0220,La II,4333.75,0.17,-0.06,0.02,29,,,,
J1010-0220,La II,4920.98,0.13,-0.58,0.02,29,,,,
J1010-0220,La II,4921.78,0.24,-0.45,0.02,29,,,,
J1010-0220,Ce II,4486.91,0.30,-0.18,0.02,30,,,,
J1010-0220,Ce II,4562.36,0.48,0.21,0.02,30,,,-1.43,
J1010-0220,Ce II,4628.16,0.52,0.14,0.02,30,,,-1.26,
J1010-0220,Pr II,4408.81,0.00,0.05,0.02,31,,,,
J1010-0220,Nd II,4109.45,0.32,0.35,0.02,32,,,-1.46,
J1010-0220,Nd II,4156.08,0.18,0.16,0.02,32,,,-1.36,
J1010-0220,Nd II,4303.57,0.00,0.08,0.02,32,,,,
J1010-0220,Nd II,4462.98,0.56,0.04,0.02,32,,,,
J1010-0220,Sm II,4424.34,0.48,0.14,0.02,33,,,-1.54,
J1010-0220,Sm II,4434.32,0.38,-0.07,0.02,33,,,,
J1010-0220,Sm II,4467.34,0.66,0.15,0.02,33,,,-1.51,
J1010-0220,Eu II,3907.11,0.21,0.17,0.02,34,,,,
J1010-0220,Eu II,4129.72,0.00,0.22,0.02,34,,,-2.08,
J1010-0220,Eu II,4205.04,0.00,0.21,0.02,34,,,-2.29,
J1010-0220,Eu II,4435.58,0.21,-0.11,0.02,34,,,-2.00,
J1010-0220,Dy II,4449.70,0.00,-1.03,0.02,35,,,,
J1010-0220,Pb I,4057.81,1.32,-0.22,0.02,36,,<,-0.01,0.30
J1015-0238,Li I,6707.80,0.00,0.17,0.01,1,,<,0.05,0.16
J1015-0238,O I,6300.30,0.00,-9.82,0.03,2,,<,6.70,
J1015-0238,O I,6363.78,0.02,-10.26,0.03,2,,,,
J1015-0238,Na I,5682.63,2.10,-0.71,0.01,2,,,,
J1015-0238,Na I,5688.19,2.10,-0.41,0.01,2,,,,
J1015-0238,Na I,5889.95,0.00,0.11,0.01,2,,,3.87,-0.27
J1015-0238,Na I,5895.92,0.00,-0.19,0.01,2,,,3.92,-0.28
J1015-0238,Na I,6154.23,2.10,-1.55,0.01,2,,,,
J1015-0238,Na I,6160.75,2.10,-1.25,0.01,2,,,,
J1015-0238,Na I,8183.26,2.10,0.24,0.01,2,,,,
J1015-0238,Mg I,4057.51,4.35,-0.90,0.09,2,,,,
J1015-0238,Mg I,4702.99,4.33,-0.44,0.03,2,83.9,,5.20,0.01
J1015-0238,Mg I,5528.40,4.35,-0.55,0.05,3,81.9,,5.24,-0.02
J1015-0238,Mg I,5711.09,4.35,-1.84,0.05,3,8.6,,5.12,0.01
J1015-0238,Mg I,8806.76,4.35,-0.14,0.05,3,,,,
J1015-0238,Al I,3961.52,0.01,-0.33,0.03,4,,,2.92,1.00
J1015-0238,Al I,6696.02,3.14,-1.57,0.09,2,,,,
J1015-0238,Si I,4102.94,1.91,-3.03,0.09,5,,,5.07,0.00
J1015-0238,Si I,5665.55,4.92,-2.04,0.30,2,,,,
J1015-0238,Si I,5690.43,4.93,-1.87,0.22,2,,,,
J1015-0238,Si I,5701.10,4.93,-2.05,0.30,2,,,,
J1015-0238,Si I,5708.40,4.95,-1.47,0.22,2,,,,
J1015-0238,Si I,5772.15,5.08,-1.75,0.22,2,,,,
J1015-0238,Si I,5793.07,4.93,-2.02,0.30,2,,,,
J1015-0238,Si I,5948.54,5.08,-1.23,0.12,2,,,,
J1015-0238,Si I,6721.85,5.86,-0.94,0.30,2,,,,
J1015-0238,Si I,7003.57,5.96,-0.75,0.22,2,,,,
J1015-0238,Si I,7680.27,5.86,-0.69,0.09,2,,,,
J1015-0238,Si I,7742.72,6.21,-0.28,0.12,2,,,,
J1015-0238,Si I,7944.00,5.98,-0.31,0.05,2,,,,
J1015-0238,K I,7664.90,0.00,0.12,0.01,2,,,2.85,-0.41
J1015-0238,K I,7698.96,0.00,-0.18,0.01,2,,,2.74,-0.34
J1015-0238,Ca I,4283.01,1.89,-0.22,0.02,6,,,,
J1015-0238,Ca I,4318.65,1.90,-0.21,0.02,6,59.0,,3.61,
J1015-0238,Ca I,4425.44,1.88,-0.39,0.02,6,48.2,,3.58,
J1015-0238,Ca I,4435.69,1.89,-0.53,0.02,6,41.5,,3.62,
J1015-0238,Ca I,4454.78,1.90,0.23,0.02,6,92.8,,3.74,
J1015-0238,Ca I,4455.89,1.90,-0.54,0.02,6,51.9,,3.81,
J1015-0238,Ca I,4456.61,1.90,-1.72,0.02,6,11.1,,4.08,
J1015-0238,Ca I,5581.97,2.52,-0.56,0.02,6,,,,
J1015-0238,Ca I,5588.76,2.52,0.36,0.02,6,54.2,,3.63,
J1015-0238,Ca I,5590.12,2.52,-0.57,0.02,6,,,,
J1015-0238,Ca I,5857.45,2.93,0.24,0.02,6,29.3,,3.83,
J1015-0238,Ca I,6102.72,1.88,-0.82,0.02,6,52.0,,3.94,
J1015-0238,Ca I,6122.22,1.89,-0.34,0.02,6,79.4,,3.86,
J1015-0238,Ca I,6162.17,1.90,-0.12,0.02,6,99.2,,3.94,
J1015-0238,Ca I,6169.06,2.52,-0.80,0.02,6,15.6,,4.01,
J1015-0238,Ca I,6169.56,2.53,-0.48,0.02,6,22.5,,3.89,
J1015-0238,Ca I,6439.07,2.52,0.39,0.02,6,80.6,,3.93,
J1015-0238,Ca I,6449.81,2.52,-0.50,0.02,6,22.3,,3.88,
J1015-0238,Ca I,6717.69,2.71,-0.52,0.02,6,,,,
J1015-0238,Sc II,4246.82,0.32,0.24,0.02,7,,,0.20,
J1015-0238,Sc II,4324.98,0.59,-0.44,0.02,7,,,0.14,
J1015-0238,Sc II,4374.45,0.62,-0.42,0.02,7,,,0.20,
J1015-0238,Sc II,4400.39,0.60,-0.54,0.02,7,,,0.25,
J1015-0238,Sc II,4415.54,0.59,-0.67,0.02,7,,,0.21,
J1015-0238,Sc II,4670.41,1.36,-0.58,0.02,7,,,0.44,
J1015-0238,Sc II,5031.01,1.36,-0.40,0.02,7,,,0.43,
J1015-0238,Sc II,5526.79,1.77,0.02,0.02,7,,,0.46,
J1015-0238,Sc II,5657.91,1.51,-0.60,0.02,7,,,0.49,
J1015-0238,Ti I,4512.73,0.84,-0.40,0.02,8,26.5,,2.35,
J1015-0238,Ti I,4518.02,0.83,-0.25,0.02,8,,,,
J1015-0238,Ti I,4533.24,0.85,0.54,0.02,8,79.2,,2.30,
J1015-0238,Ti I,4534.78,0.84,0.35,0.02,8,74.9,,2.41,
J1015-0238,Ti I,4548.76,0.83,-0.28,0.02,8,25.9,,2.20,
J1015-0238,Ti I,4555.48,0.85,-0.40,0.02,8,22.1,,2.26,
J1015-0238,Ti I,4656.47,0.00,-1.28,0.02,2,34.7,,2.30,
J1015-0238,Ti I,4681.91,0.05,-1.01,0.02,2,49.7,,2.33,
J1015-0238,Ti I,4840.87,0.90,-0.43,0.02,8,34.9,,2.59,
J1015-0238,Ti I,4981.73,0.84,0.57,0.02,8,79.8,,2.19,
J1015-0238,Ti I,4991.07,0.84,0.45,0.02,8,76.5,,2.26,
J1015-0238,Ti I,4999.50,0.83,0.32,0.02,8,65.6,,2.21,
J1015-0238,Ti I,5016.16,0.85,-0.48,0.02,8,26.7,,2.41,
J1015-0238,Ti I,5064.65,0.05,-0.94,0.02,8,89.5,,2.81,
J1015-0238,Ti I,5173.74,0.00,-1.06,0.02,8,61.7,,2.44,
J1015-0238,Ti I,5192.97,0.02,-0.95,0.02,8,54.3,,2.24,
J1015-0238,Ti I,5210.38,0.05,-0.82,0.02,8,66.8,,2.33,
J1015-0238,Ti II,4337.91,1.08,-0.96,0.02,9,123.2,,2.41,
J1015-0238,Ti II,4394.06,1.22,-1.77,0.02,10,80.5,,2.53,
J1015-0238,Ti II,4395.03,1.08,-0.54,0.02,10,,,,
J1015-0238,Ti II,4395.84,1.24,-1.93,0.02,10,70.6,,2.54,
J1015-0238,Ti II,4398.29,1.21,-2.65,0.02,9,24.2,,2.42,
J1015-0238,Ti II,4399.77,1.24,-1.20,0.02,10,105.5,,2.47,
J1015-0238,Ti II,4409.52,1.23,-2.53,0.02,10,37.6,,2.59,
J1015-0238,Ti II,4417.71,1.17,-1.19,0.02,9,110.9,,2.48,
J1015-0238,Ti II,4418.33,1.24,-1.99,0.02,10,63.9,,2.48,
J1015-0238,Ti II,4443.80,1.08,-0.71,0.02,10,148.5,,2.67,
J1015-0238,Ti II,4444.55,1.12,-2.20,0.02,10,77.0,,2.76,
J1015-0238,Ti II,4450.48,1.08,-1.52,0.02,10,107.1,,2.60,
J1015-0238,Ti II,4464.45,1.16,-1.81,0.02,9,88.7,,2.63,
J1015-0238,Ti II,4470.85,1.17,-2.02,0.02,9,,,,
J1015-0238,Ti II,4493.52,1.08,-2.78,0.02,10,30.3,,2.50,
J1015-0238,Ti II,4501.27,1.12,-0.77,0.02,10,149.8,,2.79,
J1015-0238,Ti II,4533.96,1.24,-0.53,0.02,9,,,,
J1015-0238,Ti II,4571.97,1.57,-0.31,0.02,10,134.6,,2.57,
J1015-0238,Ti II,4583.41,1.16,-2.84,0.02,10,35.6,,2.76,
J1015-0238,Ti II,4636.32,1.16,-3.02,0.02,9,21.8,,2.65,
J1015-0238,Ti II,4657.20,1.24,-2.29,0.02,10,,,,
J1015-0238,Ti II,4708.66,1.24,-2.35,0.02,10,48.6,,2.57,
J1015-0238,Ti II,4798.53,1.08,-2.66,0.02,10,45.0,,2.61,
J1015-0238,Ti II,5129.16,1.89,-1.34,0.02,10,74.5,,2.74,
J1015-0238,Ti II,5185.90,1.89,-1.41,0.02,10,50.4,,2.44,
J1015-0238,Ti II,5188.69,1.58,-1.05,0.02,9,104.5,,2.54,
J1015-0238,Ti II,5226.54,1.57,-1.26,0.02,9,,,,
J1015-0238,Ti II,5336.79,1.58,-1.60,0.02,10,71.9,,2.54,
J1015-0238,Ti II,5381.02,1.57,-1.97,0.02,10,53.3,,2.62,
J1015-0238,Ti II,5418.77,1.58,-2.13,0.02,10,48.1,,2.71,
J1015-0238,V I,4111.78,0.30,0.40,0.02,11,,,0.82,
J1015-0238,V I,4379.23,0.30,0.58,0.02,11,,,0.97,
J1015-0238,V I,4389.98,0.28,0.22,0.02,11,,,1.13,
J1015-0238,V II,4005.70,1.82,-0.45,0.02,12,,,1.22,
J1015-0238,V II,4023.38,1.80,-0.61,0.02,12,,,1.19,
J1015-0238,Cr I,4545.95,0.94,-1.37,0.02,13,33.4,,2.78,
J1015-0238,Cr I,4646.15,1.03,-0.74,0.02,13,,,,
J1015-0238,Cr I,4651.28,0.98,-1.46,0.02,13,21.6,,2.66,
J1015-0238,Cr I,5206.04,0.94,0.02,0.02,13,120.5,,2.74,
J1015-0238,Cr I,5296.69,0.98,-1.36,0.02,13,47.7,,2.99,
J1015-0238,Cr I,5298.28,0.98,-1.14,0.02,13,54.0,,2.86,
J1015-0238,Cr I,5345.80,1.00,-0.95,0.02,13,47.9,,2.60,
J1015-0238,Cr I,5348.31,1.00,-1.21,0.02,13,43.4,,2.79,
J1015-0238,Cr I,5409.77,1.03,-0.67,0.02,13,,,,
J1015-0238,Cr II,4558.64,4.07,-0.43,0.02,14,41.9,,3.18,
J1015-0238,Cr II,4588.20,4.07,-0.65,0.02,14,21.1,,2.96,
J1015-0238,Mn I,4041.35,2.11,0.28,0.02,15,,,2.26,
J1015-0238,Mn I,4754.04,2.28,-0.08,0.02,15,,,2.32,
J1015-0238,Mn I,4823.52,2.32,0.14,0.02,15,,,2.55,
J1015-0238,Fe I,4132.06,1.61,-0.68,0.03,16,,,,
J1015-0238,Fe I,4134.68,2.83,-0.65,0.09,16,,,,
J1015-0238,Fe I,4147.67,1.49,-2.07,0.01,16,102.4,,4.84,
J1015-0238,Fe I,4150.25,3.43,-1.19,0.02,17,29.8,,5.05,
J1015-0238,Fe I,4154.50,2.83,-0.69,0.05,16,,,,
J1015-0238,Fe I,4156.80,2.83,-0.81,0.05,16,74.4,,4.73,
J1015-0238,Fe I,4157.78,3.42,-0.40,0.03,16,50.4,,4.63,
J1015-0238,Fe I,4174.91,0.91,-2.94,0.01,16,98.3,,4.86,
J1015-0238,Fe I,4175.64,2.85,-0.83,0.05,16,,,,
J1015-0238,Fe I,4181.76,2.83,-0.37,0.05,16,,,,
J1015-0238,Fe I,4182.38,3.02,-1.18,0.30,16,56.0,,5.00,
J1015-0238,Fe I,4184.89,2.83,-0.87,0.05,16,72.4,,4.75,
J1015-0238,Fe I,4187.04,2.45,-0.56,0.02,18,107.1,,4.65,
J1015-0238,Fe I,4187.80,2.42,-0.51,0.05,16,113.0,,4.69,
J1015-0238,Fe I,4191.43,2.47,-0.67,0.05,16,103.3,,4.71,
J1015-0238,Fe I,4195.33,3.33,-0.49,0.05,16,45.5,,4.52,
J1015-0238,Fe I,4199.10,3.05,0.16,0.02,16,,,,
J1015-0238,Fe I,4202.03,1.49,-0.69,0.01,16,,,,
J1015-0238,Fe I,4217.55,3.43,-0.48,0.03,16,42.3,,4.58,
J1015-0238,Fe I,4222.21,2.45,-0.91,0.05,16,,,,
J1015-0238,Fe I,4227.43,3.33,0.27,0.05,16,,,,
J1015-0238,Fe I,4233.60,2.48,-0.60,0.02,18,95.4,,4.47,
J1015-0238,Fe I,4238.81,3.40,-0.23,0.03,16,65.4,,4.68,
J1015-0238,Fe I,4250.12,2.47,-0.38,0.05,16,,,,
J1015-0238,Fe I,4250.79,1.56,-0.71,0.03,16,,,,
J1015-0238,Fe I,4260.47,2.40,0.08,0.05,16,125.8,,4.31,
J1015-0238,Fe I,4282.40,2.18,-0.78,0.03,16,109.7,,4.58,
J1015-0238,Fe I,4352.73,2.22,-1.29,0.03,16,,,,
J1015-0238,Fe I,4375.93,0.00,-3.00,0.01,16,,,,
J1015-0238,Fe I,4388.41,3.60,-0.68,0.05,16,23.6,,4.60,
J1015-0238,Fe I,4415.12,1.61,-0.62,0.01,16,,,,
J1015-0238,Fe I,4430.61,2.22,-1.73,0.05,16,64.4,,4.64,
J1015-0238,Fe I,4442.34,2.20,-1.23,0.05,16,111.3,,4.97,
J1015-0238,Fe I,4443.19,2.86,-1.04,0.03,16,53.5,,4.59,
J1015-0238,Fe I,4447.72,2.22,-1.36,0.02,19,95.6,,4.82,
J1015-0238,Fe I,4466.55,2.83,-0.60,0.03,16,,,,
J1015-0238,Fe I,4484.22,3.60,-0.64,0.02,17,,,,
J1015-0238,Fe I,4489.74,0.12,-3.90,0.01,16,119.9,,5.05,
J1015-0238,Fe I,4494.56,2.20,-1.14,0.02,16,104.3,,4.73,0.08
J1015-0238,Fe I,4531.15,1.48,-2.10,0.01,16,,,,
J1015-0238,Fe I,4592.65,1.56,-2.46,0.01,16,91.5,,4.96,
J1015-0238,Fe I,4602.00,1.61,-3.13,0.01,16,27.4,,4.62,
J1015-0238,Fe I,4602.94,1.49,-2.21,0.01,16,107.0,,4.93,
J1015-0238,Fe I,4607.65,3.27,-1.33,0.02,17,,,,
J1015-0238,Fe I,4619.29,3.60,-1.06,0.02,17,,,,
J1015-0238,Fe I,4630.12,2.28,-2.58,0.02,19,29.4,,4.96,
J1015-0238,Fe I,4637.50,3.28,-1.29,0.02,17,14.4,,4.54,
J1015-0238,Fe I,4647.43,2.95,-1.35,0.05,16,39.1,,4.76,
J1015-0238,Fe I,4668.13,3.27,-1.08,0.02,17,31.7,,4.75,
J1015-0238,Fe I,4733.59,1.49,-2.99,0.01,16,66.0,,4.95,
J1015-0238,Fe I,4736.77,3.21,-0.67,0.02,17,52.0,,4.61,
J1015-0238,Fe I,4786.81,3.02,-1.61,0.03,17,,,,
J1015-0238,Fe I,4871.32,2.87,-0.34,0.02,18,104.7,,4.72,
J1015-0238,Fe I,4872.14,2.88,-0.57,0.03,16,82.8,,4.57,
J1015-0238,Fe I,4882.14,3.42,-1.48,0.02,17,,,,
J1015-0238,Fe I,4890.76,2.88,-0.38,0.02,18,85.6,,4.42,
J1015-0238,Fe I,4891.49,2.85,-0.11,0.03,16,96.6,,4.31,
J1015-0238,Fe I,4903.31,2.88,-0.89,0.02,18,72.6,,4.72,
J1015-0238,Fe I,4910.02,3.40,-1.28,0.02,17,,,,
J1015-0238,Fe I,4918.99,2.86,-0.34,0.05,16,85.1,,4.34,
J1015-0238,Fe I,4920.50,2.83,0.07,0.03,16,109.5,,4.34,0.08
J1015-0238,Fe I,4924.77,2.28,-2.11,0.12,16,47.6,,4.78,
J1015-0238,Fe I,4938.81,2.88,-1.08,0.03,16,52.1,,4.58,
J1015-0238,Fe I,4939.69,0.86,-3.25,0.01,16,99.0,,4.89,
J1015-0238,Fe I,4946.39,3.37,-1.11,0.02,18,34.1,,4.93,
J1015-0238,Fe I,4950.11,3.42,-1.50,0.02,17,,,,
J1015-0238,Fe I,4966.09,3.33,-0.79,0.02,17,40.0,,4.67,0.18
J1015-0238,Fe I,4994.13,0.92,-2.97,0.01,16,125.4,,5.15,
J1015-0238,Fe I,5001.86,3.88,-0.01,0.02,18,36.1,,4.50,
J1015-0238,Fe I,5002.79,3.40,-1.46,0.02,18,,,,
J1015-0238,Fe I,5005.71,3.88,-0.12,0.02,18,35.9,,4.61,
J1015-0238,Fe I,5006.12,2.83,-0.62,0.03,16,83.1,,4.54,
J1015-0238,Fe I,5014.94,3.94,-0.18,0.02,17,28.1,,4.59,
J1015-0238,Fe I,5028.13,3.57,-1.02,0.02,18,,,,
J1015-0238,Fe I,5049.82,2.28,-1.36,0.05,16,87.7,,4.64,
J1015-0238,Fe I,5051.63,0.92,-2.76,0.01,16,131.8,,5.03,
J1015-0238,Fe I,5068.77,2.94,-1.04,0.03,16,57.0,,4.68,
J1015-0238,Fe I,5079.74,0.99,-3.24,0.01,16,,,,
J1015-0238,Fe I,5083.34,0.96,-2.84,0.01,16,,,,
J1015-0238,Fe I,5123.72,1.01,-3.06,0.01,16,112.7,,5.09,
J1015-0238,Fe I,5127.36,0.92,-3.25,0.01,16,,,,
J1015-0238,Fe I,5131.47,2.22,-2.52,0.22,16,40.3,,4.98,
J1015-0238,Fe I,5133.69,4.18,0.36,0.02,17,42.2,,4.60,
J1015-0238,Fe I,5150.84,0.99,-3.04,0.12,16,115.2,,5.09,
J1015-0238,Fe I,5151.91,1.01,-3.32,0.01,16,,,,
J1015-0238,Fe I,5166.28,0.00,-4.12,0.01,16,133.4,,5.10,
J1015-0238,Fe I,5171.60,1.49,-1.72,0.01,16,,,,
J1015-0238,Fe I,5191.45,3.04,-0.55,0.05,16,62.2,,4.39,
J1015-0238,Fe I,5192.34,3.00,-0.42,0.03,16,,,,
J1015-0238,Fe I,5194.94,1.56,-2.02,0.01,16,94.4,,4.46,
J1015-0238,Fe I,5198.71,2.22,-2.09,0.05,16,61.4,,4.87,0.08
J1015-0238,Fe I,5202.34,2.18,-1.87,0.05,16,92.4,,5.08,
J1015-0238,Fe I,5215.18,3.27,-0.86,0.02,17,,,,
J1015-0238,Fe I,5216.27,1.61,-2.08,0.01,16,103.9,,4.74,0.14
J1015-0238,Fe I,5217.39,3.21,-1.07,0.02,17,36.6,,4.72,
J1015-0238,Fe I,5225.53,0.11,-4.76,0.01,16,76.7,,4.99,0.14
J1015-0238,Fe I,5232.94,2.94,-0.06,0.03,16,110.6,,4.56,0.07
J1015-0238,Fe I,5242.49,3.63,-0.83,0.02,19,16.6,,4.56,0.10
J1015-0238,Fe I,5253.46,3.28,-1.58,0.02,17,21.7,,5.01,
J1015-0238,Fe I,5263.31,3.27,-0.87,0.02,17,38.6,,4.62,
J1015-0238,Fe I,5266.56,3.00,-0.38,0.05,16,93.4,,4.65,
J1015-0238,Fe I,5281.79,3.04,-0.83,0.05,16,82.9,,4.98,0.08
J1015-0238,Fe I,5283.62,3.24,-0.45,0.02,17,65.1,,4.58,
J1015-0238,Fe I,5307.36,1.61,-2.91,0.01,16,60.1,,4.87,
J1015-0238,Fe I,5324.18,3.21,-0.11,0.02,18,101.4,,4.78,
J1015-0238,Fe I,5332.90,1.56,-2.78,0.05,16,74.6,,4.88,
J1015-0238,Fe I,5339.93,3.27,-0.63,0.02,17,58.9,,4.70,
J1015-0238,Fe I,5341.02,1.61,-1.95,0.05,16,119.7,,4.87,
J1015-0238,Fe I,5364.87,4.45,0.23,0.09,16,32.5,,4.88,
J1015-0238,Fe I,5367.47,4.42,0.44,0.05,16,38.1,,4.73,
J1015-0238,Fe I,5369.96,4.37,0.54,0.03,16,36.9,,4.55,
J1015-0238,Fe I,5371.49,0.96,-1.64,0.01,16,,,,
J1015-0238,Fe I,5383.37,4.31,0.64,0.03,16,,,,
J1015-0238,Fe I,5397.13,0.92,-1.98,0.01,16,,,,
J1015-0238,Fe I,5405.77,0.99,-1.85,0.01,16,,,,
J1015-0238,Fe I,5410.91,4.47,0.40,0.03,16,,,,
J1015-0238,Fe I,5415.20,4.39,0.64,0.03,16,,,,
J1015-0238,Fe I,5429.70,0.96,-1.88,0.01,16,,,,
J1015-0238,Fe I,5434.52,1.01,-2.13,0.01,16,143.2,,4.60,0.19
J1015-0238,Fe I,5473.90,4.15,-0.72,0.02,18,10.9,,4.87,
J1015-0238,Fe I,5497.52,1.01,-2.82,0.01,16,136.1,,5.16,
J1015-0238,Fe I,5501.47,0.96,-3.05,0.05,16,119.0,,5.04,
J1015-0238,Fe I,5506.78,0.99,-2.79,0.01,16,125.2,,4.92,
J1015-0238,Fe I,5569.62,3.42,-0.52,0.02,17,46.9,,4.57,
J1015-0238,Fe I,5586.76,3.37,-0.11,0.02,17,75.2,,4.52,0.11
J1015-0238,Fe I,5624.54,3.42,-0.76,0.02,17,38.4,,4.67,
J1015-0238,Fe I,5701.54,2.56,-2.14,0.09,16,26.5,,4.74,0.10
J1015-0238,Fe I,6003.01,3.88,-1.10,0.02,17,15.3,,5.06,
J1015-0238,Fe I,6008.56,3.88,-0.98,0.02,17,12.8,,4.85,
J1015-0238,Fe I,6065.48,2.61,-1.41,0.05,16,64.2,,4.64,0.10
J1015-0238,Fe I,6136.61,2.45,-1.41,0.05,16,98.5,,4.93,
J1015-0238,Fe I,6137.69,2.59,-1.35,0.05,16,77.9,,4.75,
J1015-0238,Fe I,6151.62,2.18,-3.37,0.05,2,,,,
J1015-0238,Fe I,6173.34,2.22,-2.88,0.05,20,16.7,,4.77,0.09
J1015-0238,Fe I,6191.56,2.43,-1.42,0.09,16,,,,
J1015-0238,Fe I,6213.43,2.22,-2.48,0.22,16,38.6,,4.83,
J1015-0238,Fe I,6219.28,2.20,-2.45,0.05,16,47.8,,4.91,0.09
J1015-0238,Fe I,6230.72,2.56,-1.28,0.05,16,90.1,,4.81,
J1015-0238,Fe I,6232.64,3.65,-1.24,0.02,17,,,,
J1015-0238,Fe I,6246.32,3.60,-0.77,0.02,17,,,,
J1015-0238,Fe I,6252.56,2.40,-1.77,0.05,16,77.3,,4.90,0.11
J1015-0238,Fe I,6265.13,2.18,-2.54,0.05,16,44.6,,4.92,0.09
J1015-0238,Fe I,6301.50,3.65,-0.71,0.02,17,,,,
J1015-0238,Fe I,6322.69,2.59,-2.47,0.09,16,21.1,,4.94,
J1015-0238,Fe I,6336.82,3.69,-0.85,0.02,17,18.2,,4.64,
J1015-0238,Fe I,6344.15,2.43,-2.88,0.05,16,,,,
J1015-0238,Fe I,6393.60,2.43,-1.58,0.12,16,87.4,,4.88,
J1015-0238,Fe I,6408.02,3.69,-0.99,0.02,17,17.3,,4.75,
J1015-0238,Fe I,6411.65,3.65,-0.59,0.02,17,30.7,,4.60,
J1015-0238,Fe I,6421.35,2.28,-2.01,0.05,16,69.6,,4.86,
J1015-0238,Fe I,6430.85,2.18,-1.95,0.05,16,75.1,,4.75,0.11
J1015-0238,Fe I,6481.87,2.28,-3.01,0.05,16,16.8,,4.96,
J1015-0238,Fe I,6494.98,2.40,-1.24,0.05,16,113.6,,4.89,
J1015-0238,Fe I,6592.91,2.73,-1.47,0.09,16,66.4,,4.85,
J1015-0238,Fe I,6593.87,2.43,-2.37,0.05,16,39.0,,4.97,0.09
J1015-0238,Fe I,6677.99,2.69,-1.42,0.05,16,74.3,,4.85,
J1015-0238,Fe I,6750.15,2.42,-2.58,0.05,16,21.3,,4.81,0.09
J1015-0238,Fe I,6978.85,2.48,-2.45,0.05,16,29.3,,4.92,0.08
J1015-0238,Fe I,7495.07,4.22,-0.10,0.02,18,23.5,,4.62,
J1015-0238,Fe I,7511.02,4.18,0.12,0.02,17,43.4,,4.72,
J1015-0238,Fe II,4173.45,2.58,-2.38,0.02,22,,,,
J1015-0238,Fe II,4178.86,2.58,-2.51,0.05,21,63.4,,4.64,
J1015-0238,Fe II,4233.16,2.58,-2.02,0.02,22,97.3,,4.80,
J1015-0238,Fe II,4303.17,2.70,-2.52,0.02,22,,,,
J1015-0238,Fe II,4385.38,2.78,-2.64,0.02,22,48.3,,4.74,
J1015-0238,Fe II,4416.82,2.78,-2.57,0.02,22,41.7,,4.55,
J1015-0238,Fe II,4491.41,2.86,-2.71,0.05,21,,,,
J1015-0238,Fe II,4508.28,2.86,-2.42,0.02,22,58.9,,4.79,
J1015-0238,Fe II,4515.34,2.84,-2.60,0.05,21,54.9,,4.88,
J1015-0238,Fe II,4555.89,2.83,-2.40,0.05,21,62.6,,4.79,
J1015-0238,Fe II,4576.34,2.84,-2.95,0.05,21,,,,
J1015-0238,Fe II,4583.83,2.81,-1.94,0.02,22,92.9,,4.84,
J1015-0238,Fe II,4620.52,2.83,-3.21,0.05,21,21.1,,4.82,
J1015-0238,Fe II,5197.58,3.23,-2.22,0.05,21,,,,
J1015-0238,Fe II,5234.63,3.22,-2.18,0.05,21,54.8,,4.87,
J1015-0238,Fe II,5276.00,3.20,-2.01,0.05,21,,,,
J1015-0238,Co I,4121.32,0.92,-0.33,0.02,23,,,2.06,
J1015-0238,Ni I,4604.99,3.48,-0.24,0.02,24,13.0,,3.41,
J1015-0238,Ni I,4648.65,3.42,-0.09,0.02,24,24.0,,3.51,
J1015-0238,Ni I,4714.42,3.38,0.25,0.02,24,43.6,,3.49,
J1015-0238,Ni I,4756.52,3.48,-0.27,0.02,24,,,,
J1015-0238,Ni I,4980.17,3.60,0.07,0.02,24,,,,
J1015-0238,Ni I,5084.08,3.68,0.03,0.02,2,,,,
J1015-0238,Ni I,5476.90,1.83,-0.78,0.02,24,113.4,,3.59,
J1015-0238,Ni I,6643.63,1.68,-2.22,0.02,24,45.4,,3.67,
J1015-0238,Ni I,6767.77,1.83,-2.14,0.02,24,39.3,,3.69,
J1015-0238,Zn I,4722.16,4.03,-0.37,0.02,25,30.0,,2.27,
J1015-0238,Zn I,4810.54,4.08,-0.15,0.02,25,35.2,,2.20,
J1015-0238,Sr II,4077.71,0.00,0.15,0.01,2,,,0.27,
J1015-0238,Sr II,4215.52,0.00,-0.17,0.01,2,,,0.35,
J1015-0238,Y II,3950.35,0.10,-0.73,0.02,26,,,-0.99,
J1015-0238,Y II,4398.01,0.13,-0.75,0.02,26,,,,
J1015-0238,Y II,4883.68,1.08,0.19,0.02,26,,,-0.57,
J1015-0238,Y II,4900.12,1.03,0.03,0.02,26,,,-0.83,
J1015-0238,Zr II,4149.20,0.80,-0.04,0.02,27,,,-0.07,
J1015-0238,Zr II,4161.20,0.71,-0.59,0.02,27,,,-0.02,
J1015-0238,Zr II,4208.98,0.71,-0.51,0.02,27,,,0.11,
J1015-0238,Ba II,4554.03,0.00,0.14,0.05,28,,,-1.79,
J1015-0238,Ba II,4934.08,0.00,-0.16,0.05,28,,,,
J1015-0238,Ba II,5853.68,0.60,-0.91,0.05,28,,,-1.66,
J1015-0238,Ba II,6141.71,0.70,-0.03,0.05,28,,,-1.49,
J1015-0238,Ba II,6496.90,0.60,-0.41,0.05,28,,,-1.43,
J1015-0238,La II,3949.10,0.40,0.49,0.02,29,,,,
J1015-0238,La II,4086.71,0.00,-0.07,0.02,29,,,,
J1015-0238,La II,4123.22,0.32,0.13,0.02,29,,,,
J1015-0238,La II,4333.75,0.17,-0.06,0.02,29,,,,
J1015-0238,La II,4920.98,0.13,-0.58,0.02,29,,,,
J1015-0238,La II,4921.78,0.24,-0.45,0.02,29,,,,
J1015-0238,Ce II,4486.91,0.30,-0.18,0.02,30,,,,
J1015-0238,Ce II,4562.36,0.48,0.21,0.02,30,,,,
J1015-0238,Ce II,4628.16,0.52,0.14,0.02,30,,,,
J1015-0238,Pr II,4408.81,0.00,0.05,0.02,31,,,,
J1015-0238,Nd II,4109.45,0.32,0.35,0.02,32,,,,
J1015-0238,Nd II,4156.08,0.18,0.16,0.02,32,,,,
J1015-0238,Nd II,4303.57,0.00,0.08,0.02,32,,,,
J1015-0238,Nd II,4462.98,0.56,0.04,0.02,32,,,,
J1015-0238,Sm II,4424.34,0.48,0.14,0.02,33,,,,
J1015-0238,Sm II,4434.32,0.38,-0.07,0.02,33,,,,
J1015-0238,Sm II,4467.34,0.66,0.15,0.02,33,,,,
J1015-0238,Eu II,3907.11,0.21,0.17,0.02,34,,,,
J1015-0238,Eu II,4129.72,0.00,0.22,0.02,34,,<,-2.70,
J1015-0238,Eu II,4205.04,0.00,0.21,0.02,34,,<,-2.60,
J1015-0238,Eu II,4435.58,0.21,-0.11,0.02,34,,,,
J1015-0238,Dy II,4449.70,0.00,-1.03,0.02,35,,,,
J1015-0238,Pb I,4057.81,1.32,-0.22,0.02,36,,<,-0.20,0.30
J1018-0155,Li I,6707.80,0.00,0.17,0.01,1,,<,0.35,0.16
J1018-0155,O I,6300.30,0.00,-9.82,0.03,2,,<,6.80,
J1018-0155,O I,6363.78,0.02,-10.26,0.03,2,,,,
J1018-0155,Na I,5682.63,2.10,-0.71,0.01,2,,,,
J1018-0155,Na I,5688.19,2.10,-0.41,0.01,2,,,,
J1018-0155,Na I,5889.95,0.00,0.11,0.01,2,,,3.78,-0.28
J1018-0155,Na I,5895.92,0.00,-0.19,0.01,2,,,3.76,-0.26
J1018-0155,Na I,6154.23,2.10,-1.55,0.01,2,,,,
J1018-0155,Na I,6160.75,2.10,-1.25,0.01,2,,,,
J1018-0155,Na I,8183.26,2.10,0.24,0.01,2,,,,
J1018-0155,Mg I,4057.51,4.35,-0.90,0.09,2,,,,
J1018-0155,Mg I,4702.99,4.33,-0.44,0.03,2,73.0,,5.03,0.02
J1018-0155,Mg I,5528.40,4.35,-0.55,0.05,3,76.8,,5.16,-0.01
J1018-0155,Mg I,5711.09,4.35,-1.84,0.05,3,,,,
J1018-0155,Mg I,8806.76,4.35,-0.14,0.05,3,,,,
J1018-0155,Al I,3961.52,0.01,-0.33,0.03,4,,,3.38,1.00
J1018-0155,Al I,6696.02,3.14,-1.57,0.09,2,,,,
J1018-0155,Si I,4102.94,1.91,-3.03,0.09,5,,,4.71,0.00
J1018-0155,Si I,5665.55,4.92,-2.04,0.30,2,,,,
J1018-0155,Si I,5690.43,4.93,-1.87,0.22,2,,,,
J1018-0155,Si I,5701.10,4.93,-2.05,0.30,2,,,,
J1018-0155,Si I,5708.40,4.95,-1.47,0.22,2,,,,
J1018-0155,Si I,5772.15,5.08,-1.75,0.22,2,,,,
J1018-0155,Si I,5793.07,4.93,-2.02,0.30,2,,,,
J1018-0155,Si I,5948.54,5.08,-1.23,0.12,2,,,,
J1018-0155,Si I,6721.85,5.86,-0.94,0.30,2,,,,
J1018-0155,Si I,7003.57,5.96,-0.75,0.22,2,,,,
J1018-0155,Si I,7680.27,5.86,-0.69,0.09,2,,,,
J1018-0155,Si I,7742.72,6.21,-0.28,0.12,2,,,,
J1018-0155,Si I,7944.00,5.98,-0.31,0.05,2,,,,
J1018-0155,K I,7664.90,0.00,0.12,0.01,2,,,2.76,-0.36
J1018-0155,K I,7698.96,0.00,-0.18,0.01,2,,,2.71,-0.31
J1018-0155,Ca I,4283.01,1.89,-0.22,0.02,6,52.9,,3.49,
J1018-0155,Ca I,4318.65,1.90,-0.21,0.02,6,,,,
J1018-0155,Ca I,4425.44,1.88,-0.39,0.02,6,,,,
J1018-0155,Ca I,4435.69,1.89,-0.53,0.02,6,,,,
J1018-0155,Ca I,4454.78,1.90,0.23,0.02,6,,,,
J1018-0155,Ca I,4455.89,1.90,-0.54,0.02,6,45.0,,3.68,
J1018-0155,Ca I,4456.61,1.90,-1.72,0.02,6,,,,
J1018-0155,Ca I,5581.97,2.52,-0.56,0.02,6,10.0,,3.57,
J1018-0155,Ca I,5588.76,2.52,0.36,0.02,6,37.8,,3.36,
J1018-0155,Ca I,5590.12,2.52,-0.57,0.02,6,,,,
J1018-0155,Ca I,5857.45,2.93,0.24,0.02,6,24.6,,3.72,
J1018-0155,Ca I,6102.72,1.88,-0.82,0.02,6,37.7,,3.71,
J1018-0155,Ca I,6122.22,1.89,-0.34,0.02,6,65.6,,3.65,
J1018-0155,Ca I,6162.17,1.90,-0.12,0.02,6,86.5,,3.73,
J1018-0155,Ca I,6169.06,2.52,-0.80,0.02,6,13.1,,,
J1018-0155,Ca I,6169.56,2.53,-0.48,0.02,6,,,3.61,
J1018-0155,Ca I,6439.07,2.52,0.39,0.02,6,58.1,,3.59,
J1018-0155,Ca I,6449.81,2.52,-0.50,0.02,6,21.0,,3.84,
J1018-0155,Ca I,6717.69,2.71,-0.52,0.02,6,12.3,,3.81,
J1018-0155,Sc II,4246.82,0.32,0.24,0.02,7,,,0.12,
J1018-0155,Sc II,4324.98,0.59,-0.44,0.02,7,,,-0.14,
J1018-0155,Sc II,4374.45,0.62,-0.42,0.02,7,,,-0.21,
J1018-0155,Sc II,4400.39,0.60,-0.54,0.02,7,,,0.05,
J1018-0155,Sc II,4415.54,0.59,-0.67,0.02,7,,,0.15,
J1018-0155,Sc II,4670.41,1.36,-0.58,0.02,7,,,0.39,
J1018-0155,Sc II,5031.01,1.36,-0.40,0.02,7,,,0.38,
J1018-0155,Sc II,5526.79,1.77,0.02,0.02,7,,,0.35,
J1018-0155,Sc II,5657.91,1.51,-0.60,0.02,7,,,0.43,
J1018-0155,Ti I,4512.73,0.84,-0.40,0.02,8,,,,
J1018-0155,Ti I,4518.02,0.83,-0.25,0.02,8,16.7,,1.92,
J1018-0155,Ti I,4533.24,0.85,0.54,0.02,8,59.9,,1.96,
J1018-0155,Ti I,4534.78,0.84,0.35,0.02,8,,,,
J1018-0155,Ti I,4548.76,0.83,-0.28,0.02,8,25.7,,2.18,
J1018-0155,Ti I,4555.48,0.85,-0.40,0.02,8,,,,
J1018-0155,Ti I,4656.47,0.00,-1.28,0.02,2,26.3,,2.12,
J1018-0155,Ti I,4681.91,0.05,-1.01,0.02,2,38.8,,2.14,
J1018-0155,Ti I,4840.87,0.90,-0.43,0.02,8,,,,
J1018-0155,Ti I,4981.73,0.84,0.57,0.02,8,,,,
J1018-0155,Ti I,4991.07,0.84,0.45,0.02,8,59.2,,1.98,
J1018-0155,Ti I,4999.50,0.83,0.32,0.02,8,,,,
J1018-0155,Ti I,5016.16,0.85,-0.48,0.02,8,,,,
J1018-0155,Ti I,5064.65,0.05,-0.94,0.02,8,37.9,,2.02,
J1018-0155,Ti I,5173.74,0.00,-1.06,0.02,8,39.0,,2.08,
J1018-0155,Ti I,5192.97,0.02,-0.95,0.02,8,51.5,,2.18,
J1018-0155,Ti I,5210.38,0.05,-0.82,0.02,8,59.9,,2.21,
J1018-0155,Ti II,4337.91,1.08,-0.96,0.02,9,,,,
J1018-0155,Ti II,4394.06,1.22,-1.77,0.02,10,66.4,,2.23,
J1018-0155,Ti II,4395.03,1.08,-0.54,0.02,10,,,,
J1018-0155,Ti II,4395.84,1.24,-1.93,0.02,10,54.8,,2.24,
J1018-0155,Ti II,4398.29,1.21,-2.65,0.02,9,,,,
J1018-0155,Ti II,4399.77,1.24,-1.20,0.02,10,83.2,,1.98,
J1018-0155,Ti II,4409.52,1.23,-2.53,0.02,10,,,,
J1018-0155,Ti II,4417.71,1.17,-1.19,0.02,9,92.3,,2.04,
J1018-0155,Ti II,4418.33,1.24,-1.99,0.02,10,46.6,,2.17,
J1018-0155,Ti II,4443.80,1.08,-0.71,0.02,10,134.9,,2.30,
J1018-0155,Ti II,4444.55,1.12,-2.20,0.02,10,55.4,,2.36,
J1018-0155,Ti II,4450.48,1.08,-1.52,0.02,10,101.3,,2.41,
J1018-0155,Ti II,4464.45,1.16,-1.81,0.02,9,74.9,,2.33,
J1018-0155,Ti II,4470.85,1.17,-2.02,0.02,9,55.7,,2.24,
J1018-0155,Ti II,4493.52,1.08,-2.78,0.02,10,28.4,,2.42,
J1018-0155,Ti II,4501.27,1.12,-0.77,0.02,10,,,,
J1018-0155,Ti II,4533.96,1.24,-0.53,0.02,9,,,,
J1018-0155,Ti II,4571.97,1.57,-0.31,0.02,10,119.4,,2.17,
J1018-0155,Ti II,4583.41,1.16,-2.84,0.02,10,25.3,,2.52,
J1018-0155,Ti II,4636.32,1.16,-3.02,0.02,9,,,,
J1018-0155,Ti II,4657.20,1.24,-2.29,0.02,10,40.9,,2.35,
J1018-0155,Ti II,4708.66,1.24,-2.35,0.02,10,36.2,,2.33,
J1018-0155,Ti II,4798.53,1.08,-2.66,0.02,10,,,,
J1018-0155,Ti II,5129.16,1.89,-1.34,0.02,10,43.1,,2.22,
J1018-0155,Ti II,5185.90,1.89,-1.41,0.02,10,37.2,,2.19,
J1018-0155,Ti II,5188.69,1.58,-1.05,0.02,9,,,,
J1018-0155,Ti II,5226.54,1.57,-1.26,0.02,9,,,,
J1018-0155,Ti II,5336.79,1.58,-1.60,0.02,10,57.1,,2.28,
J1018-0155,Ti II,5381.02,1.57,-1.97,0.02,10,33.2,,2.26,
J1018-0155,Ti II,5418.77,1.58,-2.13,0.02,10,30.5,,2.38,
J1018-0155,V I,4111.78,0.30,0.40,0.02,11,,,0.91,
J1018-0155,V I,4379.23,0.30,0.58,0.02,11,,,0.83,
J1018-0155,V I,4389.98,0.28,0.22,0.02,11,,,0.86,
J1018-0155,V II,4005.70,1.82,-0.45,0.02,12,,,1.05,
J1018-0155,V II,4023.38,1.80,-0.61,0.02,12,,,,
J1018-0155,Cr I,4545.95,0.94,-1.37,0.02,13,,,,
J1018-0155,Cr I,4646.15,1.03,-0.74,0.02,13,45.5,,2.44,
J1018-0155,Cr I,4651.28,0.98,-1.46,0.02,13,12.3,,2.36,
J1018-0155,Cr I,5206.04,0.94,0.02,0.02,13,113.4,,2.58,
J1018-0155,Cr I,5296.69,0.98,-1.36,0.02,13,24.1,,2.55,
J1018-0155,Cr I,5298.28,0.98,-1.14,0.02,13,26.1,,2.38,
J1018-0155,Cr I,5345.80,1.00,-0.95,0.02,13,38.9,,2.44,
J1018-0155,Cr I,5348.31,1.00,-1.21,0.02,13,29.5,,2.54,
J1018-0155,Cr I,5409.77,1.03,-0.67,0.02,13,46.8,,2.32,
J1018-0155,Cr II,4558.64,4.07,-0.43,0.02,14,,,,
J1018-0155,Cr II,4588.20,4.07,-0.65,0.02,14,12.6,,2.67,
J1018-0155,Mn I,4041.35,2.11,0.28,0.02,15,,,1.96,
J1018-0155,Mn I,4754.04,2.28,-0.08,0.02,15,,,2.21,
J1018-0155,Mn I,4823.52,2.32,0.14,0.02,15,,,2.06,
J1018-0155,Fe I,4132.06,1.61,-0.68,0.03,16,,,,
J1018-0155,Fe I,4134.68,2.83,-0.65,0.09,16,83.4,,4.71,
J1018-0155,Fe I,4147.67,1.49,-2.07,0.01,16,,,,
J1018-0155,Fe I,4150.25,3.43,-1.19,0.02,17,,,,
J1018-0155,Fe I,4154.50,2.83,-0.69,0.05,16,61.3,,4.34,
J1018-0155,Fe I,4156.80,2.83,-0.81,0.05,16,,,,
J1018-0155,Fe I,4157.78,3.42,-0.40,0.03,16,,,,
J1018-0155,Fe I,4174.91,0.91,-2.94,0.01,16,87.3,,4.59,
J1018-0155,Fe I,4175.64,2.85,-0.83,0.05,16,,,,
J1018-0155,Fe I,4181.76,2.83,-0.37,0.05,16,77.8,,4.32,
J1018-0155,Fe I,4182.38,3.02,-1.18,0.30,16,,,,
J1018-0155,Fe I,4184.89,2.83,-0.87,0.05,16,49.6,,4.32,
J1018-0155,Fe I,4187.04,2.45,-0.56,0.02,18,93.5,,4.32,
J1018-0155,Fe I,4187.80,2.42,-0.51,0.05,16,95.5,,4.28,
J1018-0155,Fe I,4191.43,2.47,-0.67,0.05,16,,,,
J1018-0155,Fe I,4195.33,3.33,-0.49,0.05,16,45.8,,4.51,
J1018-0155,Fe I,4199.10,3.05,0.16,0.02,16,,,,
J1018-0155,Fe I,4202.03,1.49,-0.69,0.01,16,,,,
J1018-0155,Fe I,4217.55,3.43,-0.48,0.03,16,,,,
J1018-0155,Fe I,4222.21,2.45,-0.91,0.05,16,67.4,,4.17,
J1018-0155,Fe I,4227.43,3.33,0.27,0.05,16,,,,
J1018-0155,Fe I,4233.60,2.48,-0.60,0.02,18,89.5,,4.31,
J1018-0155,Fe I,4238.81,3.40,-0.23,0.03,16,39.8,,4.22,
J1018-0155,Fe I,4250.12,2.47,-0.38,0.05,16,118.0,,4.66,0.07
J1018-0155,Fe I,4250.79,1.56,-0.71,0.03,16,,,,
J1018-0155,Fe I,4260.47,2.40,0.08,0.05,16,,,,
J1018-0155,Fe I,4282.40,2.18,-0.78,0.03,16,104.2,,4.41,
J1018-0155,Fe I,4352.73,2.22,-1.29,0.03,16,92.3,,4.70,
J1018-0155,Fe I,4375.93,0.00,-3.00,0.01,16,,,,
J1018-0155,Fe I,4388.41,3.60,-0.68,0.05,16,15.7,,4.37,
J1018-0155,Fe I,4415.12,1.61,-0.62,0.01,16,,,,
J1018-0155,Fe I,4430.61,2.22,-1.73,0.05,16,46.8,,4.34,
J1018-0155,Fe I,4442.34,2.20,-1.23,0.05,16,100.2,,4.72,
J1018-0155,Fe I,4443.19,2.86,-1.04,0.03,16,,,,
J1018-0155,Fe I,4447.72,2.22,-1.36,0.02,19,86.8,,4.62,
J1018-0155,Fe I,4466.55,2.83,-0.60,0.03,16,,,,
J1018-0155,Fe I,4484.22,3.60,-0.64,0.02,17,17.2,,4.38,
J1018-0155,Fe I,4489.74,0.12,-3.90,0.01,16,100.9,,4.66,
J1018-0155,Fe I,4494.56,2.20,-1.14,0.02,16,101.9,,4.65,0.12
J1018-0155,Fe I,4531.15,1.48,-2.10,0.01,16,106.1,,4.76,
J1018-0155,Fe I,4592.65,1.56,-2.46,0.01,16,82.5,,4.77,
J1018-0155,Fe I,4602.00,1.61,-3.13,0.01,16,20.7,,4.45,
J1018-0155,Fe I,4602.94,1.49,-2.21,0.01,16,,,,
J1018-0155,Fe I,4607.65,3.27,-1.33,0.02,17,15.0,,4.58,
J1018-0155,Fe I,4619.29,3.60,-1.06,0.02,17,,,,
J1018-0155,Fe I,4630.12,2.28,-2.58,0.02,19,,,,
J1018-0155,Fe I,4637.50,3.28,-1.29,0.02,17,,,,
J1018-0155,Fe I,4647.43,2.95,-1.35,0.05,16,32.6,,4.62,
J1018-0155,Fe I,4668.13,3.27,-1.08,0.02,17,27.8,,4.66,
J1018-0155,Fe I,4733.59,1.49,-2.99,0.01,16,64.0,,4.89,
J1018-0155,Fe I,4736.77,3.21,-0.67,0.02,17,50.9,,4.57,
J1018-0155,Fe I,4786.81,3.02,-1.61,0.03,17,,,,
J1018-0155,Fe I,4871.32,2.87,-0.34,0.02,18,91.9,,4.46,
J1018-0155,Fe I,4872.14,2.88,-0.57,0.03,16,69.2,,4.32,
J1018-0155,Fe I,4882.14,3.42,-1.48,0.02,17,,,,
J1018-0155,Fe I,4890.76,2.88,-0.38,0.02,18,76.6,,4.24,
J1018-0155,Fe I,4891.49,2.85,-0.11,0.03,16,103.1,,4.40,
J1018-0155,Fe I,4903.31,2.88,-0.89,0.02,18,,,,
J1018-0155,Fe I,4910.02,3.40,-1.28,0.02,17,,,,
J1018-0155,Fe I,4918.99,2.86,-0.34,0.05,16,76.4,,4.17,
J1018-0155,Fe I,4920.50,2.83,0.07,0.03,16,99.3,,4.11,0.09
J1018-0155,Fe I,4924.77,2.28,-2.11,0.12,16,42.7,,4.69,
J1018-0155,Fe I,4938.81,2.88,-1.08,0.03,16,43.1,,4.42,
J1018-0155,Fe I,4939.69,0.86,-3.25,0.01,16,96.7,,4.81,
J1018-0155,Fe I,4946.39,3.37,-1.11,0.02,18,16.5,,4.52,
J1018-0155,Fe I,4950.11,3.42,-1.50,0.02,17,11.9,,4.80,
J1018-0155,Fe I,4966.09,3.33,-0.79,0.02,17,33.1,,4.52,
J1018-0155,Fe I,4994.13,0.92,-2.97,0.01,16,105.4,,4.75,0.15
J1018-0155,Fe I,5001.86,3.88,-0.01,0.02,18,23.4,,4.23,
J1018-0155,Fe I,5002.79,3.40,-1.46,0.02,18,11.1,,4.70,
J1018-0155,Fe I,5005.71,3.88,-0.12,0.02,18,,,,
J1018-0155,Fe I,5006.12,2.83,-0.62,0.03,16,75.6,,4.39,
J1018-0155,Fe I,5014.94,3.94,-0.18,0.02,17,,,,
J1018-0155,Fe I,5028.13,3.57,-1.02,0.02,18,,,,
J1018-0155,Fe I,5049.82,2.28,-1.36,0.05,16,,,,
J1018-0155,Fe I,5051.63,0.92,-2.76,0.01,16,,,,
J1018-0155,Fe I,5068.77,2.94,-1.04,0.03,16,49.9,,4.56,
J1018-0155,Fe I,5079.74,0.99,-3.24,0.01,16,,,,
J1018-0155,Fe I,5083.34,0.96,-2.84,0.01,16,96.3,,4.50,
J1018-0155,Fe I,5123.72,1.01,-3.06,0.01,16,108.6,,4.98,
J1018-0155,Fe I,5127.36,0.92,-3.25,0.01,16,98.0,,4.88,
J1018-0155,Fe I,5131.47,2.22,-2.52,0.22,16,40.8,,4.97,
J1018-0155,Fe I,5133.69,4.18,0.36,0.02,17,,,,
J1018-0155,Fe I,5150.84,0.99,-3.04,0.12,16,103.2,,4.84,
J1018-0155,Fe I,5151.91,1.01,-3.32,0.01,16,,,,
J1018-0155,Fe I,5166.28,0.00,-4.12,0.01,16,118.3,,4.82,
J1018-0155,Fe I,5171.60,1.49,-1.72,0.01,16,128.2,,4.63,
J1018-0155,Fe I,5191.45,3.04,-0.55,0.05,16,70.0,,4.48,
J1018-0155,Fe I,5192.34,3.00,-0.42,0.03,16,73.0,,4.34,
J1018-0155,Fe I,5194.94,1.56,-2.02,0.01,16,119.2,,4.85,
J1018-0155,Fe I,5198.71,2.22,-2.09,0.05,16,48.9,,4.66,0.09
J1018-0155,Fe I,5202.34,2.18,-1.87,0.05,16,74.8,,4.77,
J1018-0155,Fe I,5215.18,3.27,-0.86,0.02,17,38.5,,4.60,
J1018-0155,Fe I,5216.27,1.61,-2.08,0.01,16,,,,
J1018-0155,Fe I,5217.39,3.21,-1.07,0.02,17,25.6,,4.49,
J1018-0155,Fe I,5225.53,0.11,-4.76,0.01,16,85.8,,5.10,0.16
J1018-0155,Fe I,5232.94,2.94,-0.06,0.03,16,116.3,,4.62,0.06
J1018-0155,Fe I,5242.49,3.63,-0.83,0.02,19,10.1,,4.30,0.11
J1018-0155,Fe I,5253.46,3.28,-1.58,0.02,17,,,,
J1018-0155,Fe I,5263.31,3.27,-0.87,0.02,17,,,,
J1018-0155,Fe I,5266.56,3.00,-0.38,0.05,16,76.6,,4.35,
J1018-0155,Fe I,5281.79,3.04,-0.83,0.05,16,53.2,,4.50,0.09
J1018-0155,Fe I,5283.62,3.24,-0.45,0.02,17,,,,
J1018-0155,Fe I,5307.36,1.61,-2.91,0.01,16,45.8,,4.64,
J1018-0155,Fe I,5324.18,3.21,-0.11,0.02,18,85.9,,4.49,
J1018-0155,Fe I,5332.90,1.56,-2.78,0.05,16,57.2,,4.61,
J1018-0155,Fe I,5339.93,3.27,-0.63,0.02,17,38.6,,4.36,
J1018-0155,Fe I,5341.02,1.61,-1.95,0.05,16,,,,
J1018-0155,Fe I,5364.87,4.45,0.23,0.09,16,,,,
J1018-0155,Fe I,5367.47,4.42,0.44,0.05,16,23.4,,4.43,
J1018-0155,Fe I,5369.96,4.37,0.54,0.03,16,,,,
J1018-0155,Fe I,5371.49,0.96,-1.64,0.01,16,,,,
J1018-0155,Fe I,5383.37,4.31,0.64,0.03,16,42.5,,4.46,0.16
J1018-0155,Fe I,5397.13,0.92,-1.98,0.01,16,157.5,,4.53,
J1018-0155,Fe I,5405.77,0.99,-1.85,0.01,16,163.7,,4.60,
J1018-0155,Fe I,5410.91,4.47,0.40,0.03,16,29.8,,4.67,
J1018-0155,Fe I,5415.20,4.39,0.64,0.03,16,29.8,,4.33,
J1018-0155,Fe I,5429.70,0.96,-1.88,0.01,16,167.1,,4.63,
J1018-0155,Fe I,5434.52,1.01,-2.13,0.01,16,164.7,,4.91,0.20
J1018-0155,Fe I,5473.90,4.15,-0.72,0.02,18,,,,
J1018-0155,Fe I,5497.52,1.01,-2.82,0.01,16,124.2,,4.92,
J1018-0155,Fe I,5501.47,0.96,-3.05,0.05,16,119.8,,5.00,
J1018-0155,Fe I,5506.78,0.99,-2.79,0.01,16,116.8,,4.74,
J1018-0155,Fe I,5569.62,3.42,-0.52,0.02,17,49.6,,4.60,
J1018-0155,Fe I,5586.76,3.37,-0.11,0.02,17,63.0,,4.32,0.13
J1018-0155,Fe I,5624.54,3.42,-0.76,0.02,17,,,,
J1018-0155,Fe I,5701.54,2.56,-2.14,0.09,16,24.3,,4.68,0.10
J1018-0155,Fe I,6003.01,3.88,-1.10,0.02,17,,,,
J1018-0155,Fe I,6008.56,3.88,-0.98,0.02,17,,,,
J1018-0155,Fe I,6065.48,2.61,-1.41,0.05,16,57.2,,4.53,0.09
J1018-0155,Fe I,6136.61,2.45,-1.41,0.05,16,74.7,,4.55,
J1018-0155,Fe I,6137.69,2.59,-1.35,0.05,16,69.4,,4.60,
J1018-0155,Fe I,6151.62,2.18,-3.37,0.05,2,,,,
J1018-0155,Fe I,6173.34,2.22,-2.88,0.05,20,15.2,,4.71,0.09
J1018-0155,Fe I,6191.56,2.43,-1.42,0.09,16,71.6,,4.49,
J1018-0155,Fe I,6213.43,2.22,-2.48,0.22,16,,,,
J1018-0155,Fe I,6219.28,2.20,-2.45,0.05,16,39.0,,4.76,0.10
J1018-0155,Fe I,6230.72,2.56,-1.28,0.05,16,87.4,,4.73,
J1018-0155,Fe I,6232.64,3.65,-1.24,0.02,17,7.5,,4.54,
J1018-0155,Fe I,6246.32,3.60,-0.77,0.02,17,17.8,,4.43,
J1018-0155,Fe I,6252.56,2.40,-1.77,0.05,16,74.1,,4.83,0.11
J1018-0155,Fe I,6265.13,2.18,-2.54,0.05,16,27.3,,4.61,0.09
J1018-0155,Fe I,6301.50,3.65,-0.71,0.02,17,,,,
J1018-0155,Fe I,6322.69,2.59,-2.47,0.09,16,,,,
J1018-0155,Fe I,6336.82,3.69,-0.85,0.02,17,,,,
J1018-0155,Fe I,6344.15,2.43,-2.88,0.05,16,10.0,,4.76,
J1018-0155,Fe I,6393.60,2.43,-1.58,0.12,16,71.0,,4.62,
J1018-0155,Fe I,6408.02,3.69,-0.99,0.02,17,14.6,,4.65,
J1018-0155,Fe I,6411.65,3.65,-0.59,0.02,17,,,,
J1018-0155,Fe I,6421.35,2.28,-2.01,0.05,16,59.1,,4.70,
J1018-0155,Fe I,6430.85,2.18,-1.95,0.05,16,69.7,,4.65,0.11
J1018-0155,Fe I,6481.87,2.28,-3.01,0.05,16,12.3,,4.79,
J1018-0155,Fe I,6494.98,2.40,-1.24,0.05,16,104.1,,4.70,
J1018-0155,Fe I,6592.91,2.73,-1.47,0.09,16,44.9,,4.53,
J1018-0155,Fe I,6593.87,2.43,-2.37,0.05,16,19.3,,4.56,0.09
J1018-0155,Fe I,6677.99,2.69,-1.42,0.05,16,68.4,,4.74,
J1018-0155,Fe I,6750.15,2.42,-2.58,0.05,16,22.1,,4.82,0.09
J1018-0155,Fe I,6978.85,2.48,-2.45,0.05,16,,,,
J1018-0155,Fe I,7495.07,4.22,-0.10,0.02,18,24.5,,4.63,
J1018-0155,Fe I,7511.02,4.18,0.12,0.02,17,34.9,,4.56,
J1018-0155,Fe II,4173.45,2.58,-2.38,0.02,22,,,,
J1018-0155,Fe II,4178.86,2.58,-2.51,0.05,21,55.6,,4.47,
J1018-0155,Fe II,4233.16,2.58,-2.02,0.02,22,,,,
J1018-0155,Fe II,4303.17,2.70,-2.52,0.02,22,,,,
J1018-0155,Fe II,4385.38,2.78,-2.64,0.02,22,,,,
J1018-0155,Fe II,4416.82,2.78,-2.57,0.02,22,44.1,,4.56,
J1018-0155,Fe II,4491.41,2.86,-2.71,0.05,21,31.1,,4.56,
J1018-0155,Fe II,4508.28,2.86,-2.42,0.02,22,,,,
J1018-0155,Fe II,4515.34,2.84,-2.60,0.05,21,47.6,,4.71,
J1018-0155,Fe II,4555.89,2.83,-2.40,0.05,21,54.3,,4.61,
J1018-0155,Fe II,4576.34,2.84,-2.95,0.05,21,25.8,,4.66,
J1018-0155,Fe II,4583.83,2.81,-1.94,0.02,22,86.0,,4.66,
J1018-0155,Fe II,4620.52,2.83,-3.21,0.05,21,15.5,,4.63,
J1018-0155,Fe II,5197.58,3.23,-2.22,0.05,21,28.4,,4.43,
J1018-0155,Fe II,5234.63,3.22,-2.18,0.05,21,45.9,,4.69,
J1018-0155,Fe II,5276.00,3.20,-2.01,0.05,21,61.1,,4.73,
J1018-0155,Co I,4121.32,0.92,-0.33,0.02,23,,,1.84,
J1018-0155,Ni I,4604.99,3.48,-0.24,0.02,24,,,,
J1018-0155,Ni I,4648.65,3.42,-0.09,0.02,24,,,,
J1018-0155,Ni I,4714.42,3.38,0.25,0.02,24,30.5,,3.24,
J1018-0155,Ni I,4756.52,3.48,-0.27,0.02,24,8.6,,3.23,
J1018-0155,Ni I,4980.17,3.60,0.07,0.02,24,,,,
J1018-0155,Ni I,5084.08,3.68,0.03,0.02,2,17.8,,3.51,
J1018-0155,Ni I,5476.90,1.83,-0.78,0.02,24,102.5,,3.36,
J1018-0155,Ni I,6643.63,1.68,-2.22,0.02,24,,,,
J1018-0155,Ni I,6767.77,1.83,-2.14,0.02,24,15.7,,3.17,
J1018-0155,Zn I,4722.16,4.03,-0.37,0.02,25,16.9,,1.92,
J1018-0155,Zn I,4810.54,4.08,-0.15,0.02,25,16.0,,1.73,
J1018-0155,Sr II,4077.71,0.00,0.15,0.01,2,,,-0.91,
J1018-0155,Sr II,4215.52,0.00,-0.17,0.01,2,,,-0.52,
J1018-0155,Y II,3950.35,0.10,-0.73,0.02,26,,,,
J1018-0155,Y II,4398.01,0.13,-0.75,0.02,26,,,-1.40,
J1018-0155,Y II,4883.68,1.08,0.19,0.02,26,,,-1.37,
J1018-0155,Y II,4900.12,1.03,0.03,0.02,26,,,,
J1018-0155,Zr II,4149.20,0.80,-0.04,0.02,27,,,-0.58,
J1018-0155,Zr II,4161.20,0.71,-0.59,0.02,27,,,-0.62,
J1018-0155,Zr II,4208.98,0.71,-0.51,0.02,27,,,-0.37,
J1018-0155,Ba II,4554.03,0.00,0.14,0.05,28,,,-0.91,
J1018-0155,Ba II,4934.08,0.00,-0.16,0.05,28,,,,
J1018-0155,Ba II,5853.68,0.60,-0.91,0.05,28,,,-1.07,
J1018-0155,Ba II,6141.71,0.70,-0.03,0.05,28,,,-1.00,
J1018-0155,Ba II,6496.90,0.60,-0.41,0.05,28,,,-0.77,
J1018-0155,La II,3949.10,0.40,0.49,0.02,29,,,,
J1018-0155,La II,4086.71,0.00,-0.07,0.02,29,,,-1.73,
J1018-0155,La II,4123.22,0.32,0.13,0.02,29,,,-1.81,
J1018-0155,La II,4333.75,0.17,-0.06,0.02,29,,,-1.66,
J1018-0155,La II,4920.98,0.13,-0.58,0.02,29,,,-1.70,
J1018-0155,La II,4921.78,0.24,-0.45,0.02,29,,,-1.65,
J1018-0155,Ce II,4486.91,0.30,-0.18,0.02,30,,,,
J1018-0155,Ce II,4562.36,0.48,0.21,0.02,30,,,-1.31,
J1018-0155,Ce II,4628.16,0.52,0.14,0.02,30,,,-1.08,
J1018-0155,Pr II,4408.81,0.00,0.05,0.02,31,,,-1.62,
J1018-0155,Nd II,4109.45,0.32,0.35,0.02,32,,,-1.10,
J1018-0155,Nd II,4156.08,0.18,0.16,0.02,32,,,,
J1018-0155,Nd II,4303.57,0.00,0.08,0.02,32,,,-1.31,
J1018-0155,Nd II,4462.98,0.56,0.04,0.02,32,,,-1.05,
J1018-0155,Sm II,4424.34,0.48,0.14,0.02,33,,,-1.73,
J1018-0155,Sm II,4434.32,0.38,-0.07,0.02,33,,,,
J1018-0155,Sm II,4467.34,0.66,0.15,0.02,33,,,,
J1018-0155,Eu II,3907.11,0.21,0.17,0.02,34,,,,
J1018-0155,Eu II,4129.72,0.00,0.22,0.02,34,,,-2.01,
J1018-0155,Eu II,4205.04,0.00,0.21,0.02,34,,,-1.96,
J1018-0155,Eu II,4435.58,0.21,-0.11,0.02,34,,,-1.91,
J1018-0155,Dy II,4449.70,0.00,-1.03,0.02,35,,,-1.06,
J1018-0155,Pb I,4057.81,1.32,-0.22,0.02,36,,<,-0.25,0.30
J1018-0209,Li I,6707.80,0.00,0.17,0.01,1,,<,0.10,0.150
J1018-0209,O I,6300.30,0.00,-9.82,0.03,2,,<,6.90,
J1018-0209,O I,6363.78,0.02,-10.26,0.03,2,,,,
J1018-0209,Na I,5682.63,2.10,-0.71,0.01,2,,,,
J1018-0209,Na I,5688.19,2.10,-0.41,0.01,2,,,,
J1018-0209,Na I,5889.95,0.00,0.11,0.01,2,117.9,,3.24,-0.180
J1018-0209,Na I,5895.92,0.00,-0.19,0.01,2,169.6,,3.43,-0.170
J1018-0209,Na I,6154.23,2.10,-1.55,0.01,2,,,,
J1018-0209,Na I,6160.75,2.10,-1.25,0.01,2,,,,
J1018-0209,Na I,8183.26,2.10,0.24,0.01,2,28.2,,3.50,-0.070
J1018-0209,Mg I,4057.51,4.35,-0.90,0.09,2,41.5,,5.07,
J1018-0209,Mg I,4702.99,4.33,-0.44,0.03,2,67.7,,4.94,0.010
J1018-0209,Mg I,5528.40,4.35,-0.55,0.05,3,70.4,,5.06,-0.010
J1018-0209,Mg I,5711.09,4.35,-1.84,0.05,3,18.8,,5.48,-0.010
J1018-0209,Mg I,8806.76,4.35,-0.14,0.05,3,141.6,,5.23,-0.030
J1018-0209,Al I,3961.52,0.01,-0.33,0.03,4,,,2.30,1.000
J1018-0209,Al I,6696.02,3.14,-1.57,0.09,2,,,,
J1018-0209,Si I,4102.94,1.91,-3.03,0.09,5,76.8,,4.59,
J1018-0209,Si I,5665.55,4.92,-2.04,0.30,2,,,,
J1018-0209,Si I,5690.43,4.93,-1.87,0.22,2,,,,
J1018-0209,Si I,5701.10,4.93,-2.05,0.30,2,,,,
J1018-0209,Si I,5708.40,4.95,-1.47,0.22,2,,,5.36,
J1018-0209,Si I,5772.15,5.08,-1.75,0.22,2,,,,
J1018-0209,Si I,5793.07,4.93,-2.02,0.30,2,,,,
J1018-0209,Si I,5948.54,5.08,-1.23,0.12,2,,,,
J1018-0209,Si I,6721.85,5.86,-0.94,0.30,2,,,,
J1018-0209,Si I,7003.57,5.96,-0.75,0.22,2,,,,
J1018-0209,Si I,7680.27,5.86,-0.69,0.09,2,,,,
J1018-0209,Si I,7742.72,6.21,-0.28,0.12,2,,,,
J1018-0209,Si I,7944.00,5.98,-0.31,0.05,2,,,,
J1018-0209,K I,7664.90,0.00,0.12,0.01,2,,,2.73,-0.370
J1018-0209,K I,7698.96,0.00,-0.18,0.01,2,,,,
J1018-0209,Ca I,4283.01,1.89,-0.22,0.02,6,49.6,,3.42,
J1018-0209,Ca I,4318.65,1.90,-0.21,0.02,6,53.9,,3.49,
J1018-0209,Ca I,4425.44,1.88,-0.39,0.02,6,36.7,,3.34,
J1018-0209,Ca I,4435.69,1.89,-0.53,0.02,6,,,,
J1018-0209,Ca I,4454.78,1.90,0.23,0.02,6,89.9,,3.65,
J1018-0209,Ca I,4455.89,1.90,-0.54,0.02,6,40.1,,3.58,
J1018-0209,Ca I,4456.61,1.90,-1.72,0.02,6,,,,
J1018-0209,Ca I,5581.97,2.52,-0.56,0.02,6,13.7,,3.70,
J1018-0209,Ca I,5588.76,2.52,0.36,0.02,6,,,,
J1018-0209,Ca I,5590.12,2.52,-0.57,0.02,6,,,,
J1018-0209,Ca I,5857.45,2.93,0.24,0.02,6,22.3,,3.65,
J1018-0209,Ca I,6102.72,1.88,-0.82,0.02,6,44.7,,3.79,
J1018-0209,Ca I,6122.22,1.89,-0.34,0.02,6,79.2,,3.81,
J1018-0209,Ca I,6162.17,1.90,-0.12,0.02,6,91.1,,3.77,
J1018-0209,Ca I,6169.06,2.52,-0.80,0.02,6,11.2,,3.82,
J1018-0209,Ca I,6169.56,2.53,-0.48,0.02,6,,,,
J1018-0209,Ca I,6439.07,2.52,0.39,0.02,6,62.8,,3.64,
J1018-0209,Ca I,6449.81,2.52,-0.50,0.02,6,11.7,,3.53,
J1018-0209,Ca I,6717.69,2.71,-0.52,0.02,6,,,,
J1018-0209,Sc II,4246.82,0.32,0.24,0.02,7,,,-0.24,
J1018-0209,Sc II,4324.98,0.59,-0.44,0.02,7,,,-0.01,
J1018-0209,Sc II,4374.45,0.62,-0.42,0.02,7,,,-0.27,
J1018-0209,Sc II,4400.39,0.60,-0.54,0.02,7,,,0.02,
J1018-0209,Sc II,4415.54,0.59,-0.67,0.02,7,,,0.12,
J1018-0209,Sc II,4670.41,1.36,-0.58,0.02,7,,,0.40,
J1018-0209,Sc II,5031.01,1.36,-0.40,0.02,7,,,0.33,
J1018-0209,Sc II,5526.79,1.77,0.02,0.02,7,,,0.30,
J1018-0209,Sc II,5657.91,1.51,-0.60,0.02,7,,,,
J1018-0209,Ti I,4512.73,0.84,-0.40,0.02,8,,,,
J1018-0209,Ti I,4518.02,0.83,-0.25,0.02,8,,,,
J1018-0209,Ti I,4533.24,0.85,0.54,0.02,8,57.5,,1.89,
J1018-0209,Ti I,4534.78,0.84,0.35,0.02,8,48.1,,1.92,
J1018-0209,Ti I,4548.76,0.83,-0.28,0.02,8,,,,
J1018-0209,Ti I,4555.48,0.85,-0.40,0.02,8,,,,
J1018-0209,Ti I,4656.47,0.00,-1.28,0.02,2,20.5,,1.93,
J1018-0209,Ti I,4681.91,0.05,-1.01,0.02,2,39.2,,2.10,
J1018-0209,Ti I,4840.87,0.90,-0.43,0.02,8,,,,
J1018-0209,Ti I,4981.73,0.84,0.57,0.02,8,71.1,,1.99,
J1018-0209,Ti I,4991.07,0.84,0.45,0.02,8,57.8,,1.92,
J1018-0209,Ti I,4999.50,0.83,0.32,0.02,8,61.3,,2.08,
J1018-0209,Ti I,5016.16,0.85,-0.48,0.02,8,,,,
J1018-0209,Ti I,5064.65,0.05,-0.94,0.02,8,41.8,,2.03,
J1018-0209,Ti I,5173.74,0.00,-1.06,0.02,8,48.2,,2.17,
J1018-0209,Ti I,5192.97,0.02,-0.95,0.02,8,61.7,,2.28,
J1018-0209,Ti I,5210.38,0.05,-0.82,0.02,8,63.1,,2.20,
J1018-0209,Ti II,4337.91,1.08,-0.96,0.02,9,115.4,,2.17,
J1018-0209,Ti II,4394.06,1.22,-1.77,0.02,10,64.3,,2.19,
J1018-0209,Ti II,4395.03,1.08,-0.54,0.02,10,143.6,,2.31,
J1018-0209,Ti II,4395.84,1.24,-1.93,0.02,10,43.0,,2.03,
J1018-0209,Ti II,4398.29,1.21,-2.65,0.02,9,,,,
J1018-0209,Ti II,4399.77,1.24,-1.20,0.02,10,,,,
J1018-0209,Ti II,4409.52,1.23,-2.53,0.02,10,18.4,,2.11,
J1018-0209,Ti II,4417.71,1.17,-1.19,0.02,9,105.4,,2.27,
J1018-0209,Ti II,4418.33,1.24,-1.99,0.02,10,43.5,,2.10,
J1018-0209,Ti II,4443.80,1.08,-0.71,0.02,10,125.4,,2.08,
J1018-0209,Ti II,4444.55,1.12,-2.20,0.02,10,53.6,,2.32,
J1018-0209,Ti II,4450.48,1.08,-1.52,0.02,10,,,,
J1018-0209,Ti II,4464.45,1.16,-1.81,0.02,9,67.8,,2.19,
J1018-0209,Ti II,4470.85,1.17,-2.02,0.02,9,,,,
J1018-0209,Ti II,4493.52,1.08,-2.78,0.02,10,20.0,,2.21,
J1018-0209,Ti II,4501.27,1.12,-0.77,0.02,10,129.7,,2.26,
J1018-0209,Ti II,4533.96,1.24,-0.53,0.02,9,,,,
J1018-0209,Ti II,4571.97,1.57,-0.31,0.02,10,123.6,,2.25,
J1018-0209,Ti II,4583.41,1.16,-2.84,0.02,10,,,,
J1018-0209,Ti II,4636.32,1.16,-3.02,0.02,9,,,,
J1018-0209,Ti II,4657.20,1.24,-2.29,0.02,10,31.1,,2.16,
J1018-0209,Ti II,4708.66,1.24,-2.35,0.02,10,,,,
J1018-0209,Ti II,4798.53,1.08,-2.66,0.02,10,27.7,,2.25,
J1018-0209,Ti II,5129.16,1.89,-1.34,0.02,10,29.2,,1.97,
J1018-0209,Ti II,5185.90,1.89,-1.41,0.02,10,49.3,,2.37,
J1018-0209,Ti II,5188.69,1.58,-1.05,0.02,9,100.9,,2.40,
J1018-0209,Ti II,5226.54,1.57,-1.26,0.02,9,65.9,,2.05,
J1018-0209,Ti II,5336.79,1.58,-1.60,0.02,10,50.9,,2.17,
J1018-0209,Ti II,5381.02,1.57,-1.97,0.02,10,,,,
J1018-0209,Ti II,5418.77,1.58,-2.13,0.02,10,,,,
J1018-0209,V I,4111.78,0.30,0.40,0.02,11,,,,
J1018-0209,V I,4379.23,0.30,0.58,0.02,11,,,0.60,
J1018-0209,V I,4389.98,0.28,0.22,0.02,11,,,,
J1018-0209,V II,4005.70,1.82,-0.45,0.02,12,,,1.08,
J1018-0209,V II,4023.38,1.80,-0.61,0.02,12,,,1.28,
J1018-0209,Cr I,4545.95,0.94,-1.37,0.02,13,,,,
J1018-0209,Cr I,4646.15,1.03,-0.74,0.02,13,58.5,,2.60,
J1018-0209,Cr I,4651.28,0.98,-1.46,0.02,13,,,,
J1018-0209,Cr I,5206.04,0.94,0.02,0.02,13,108.1,,2.44,
J1018-0209,Cr I,5296.69,0.98,-1.36,0.02,13,,,,
J1018-0209,Cr I,5298.28,0.98,-1.14,0.02,13,38.7,,2.57,
J1018-0209,Cr I,5345.80,1.00,-0.95,0.02,13,,,,
J1018-0209,Cr I,5348.31,1.00,-1.21,0.02,13,27.5,,2.46,
J1018-0209,Cr I,5409.77,1.03,-0.67,0.02,13,66.6,,2.56,
J1018-0209,Cr II,4558.64,4.07,-0.43,0.02,14,,,,
J1018-0209,Cr II,4588.20,4.07,-0.65,0.02,14,,,,
J1018-0209,Mn I,4041.35,2.11,0.28,0.02,15,,,2.11,
J1018-0209,Mn I,4754.04,2.28,-0.08,0.02,15,,,2.04,
J1018-0209,Mn I,4823.52,2.32,0.14,0.02,15,,,2.05,
J1018-0209,Fe I,4132.06,1.61,-0.68,0.03,16,,,,
J1018-0209,Fe I,4134.68,2.83,-0.65,0.09,16,75.9,,4.55,
J1018-0209,Fe I,4147.67,1.49,-2.07,0.01,16,97.3,,4.65,
J1018-0209,Fe I,4150.25,3.43,-1.19,0.02,17,,,,
J1018-0209,Fe I,4154.50,2.83,-0.69,0.05,16,,,,
J1018-0209,Fe I,4156.80,2.83,-0.81,0.05,16,,,,
J1018-0209,Fe I,4157.78,3.42,-0.40,0.03,16,,,,
J1018-0209,Fe I,4174.91,0.91,-2.94,0.01,16,104.5,,4.89,
J1018-0209,Fe I,4175.64,2.85,-0.83,0.05,16,,,,
J1018-0209,Fe I,4181.76,2.83,-0.37,0.05,16,80.3,,4.34,
J1018-0209,Fe I,4182.38,3.02,-1.18,0.30,16,,,,
J1018-0209,Fe I,4184.89,2.83,-0.87,0.05,16,,,,
J1018-0209,Fe I,4187.04,2.45,-0.56,0.02,18,,,,
J1018-0209,Fe I,4187.80,2.42,-0.51,0.05,16,98.5,,4.32,
J1018-0209,Fe I,4191.43,2.47,-0.67,0.05,16,82.2,,4.20,
J1018-0209,Fe I,4195.33,3.33,-0.49,0.05,16,,,,
J1018-0209,Fe I,4199.10,3.05,0.16,0.02,16,,,,
J1018-0209,Fe I,4202.03,1.49,-0.69,0.01,16,,,,
J1018-0209,Fe I,4217.55,3.43,-0.48,0.03,16,,,,
J1018-0209,Fe I,4222.21,2.45,-0.91,0.05,16,91.4,,4.60,
J1018-0209,Fe I,4227.43,3.33,0.27,0.05,16,,,,
J1018-0209,Fe I,4233.60,2.48,-0.60,0.02,18,100.1,,4.50,
J1018-0209,Fe I,4238.81,3.40,-0.23,0.03,16,59.0,,4.53,
J1018-0209,Fe I,4250.12,2.47,-0.38,0.05,16,,,,
J1018-0209,Fe I,4250.79,1.56,-0.71,0.03,16,,,,
J1018-0209,Fe I,4260.47,2.40,0.08,0.05,16,,,,
J1018-0209,Fe I,4282.40,2.18,-0.78,0.03,16,119.3,,4.71,
J1018-0209,Fe I,4352.73,2.22,-1.29,0.03,16,73.2,,4.31,
J1018-0209,Fe I,4375.93,0.00,-3.00,0.01,16,,,,
J1018-0209,Fe I,4388.41,3.60,-0.68,0.05,16,,,,
J1018-0209,Fe I,4415.12,1.61,-0.62,0.01,16,,,,
J1018-0209,Fe I,4430.61,2.22,-1.73,0.05,16,64.7,,4.59,
J1018-0209,Fe I,4442.34,2.20,-1.23,0.05,16,102.9,,4.74,
J1018-0209,Fe I,4443.19,2.86,-1.04,0.03,16,,,,
J1018-0209,Fe I,4447.72,2.22,-1.36,0.02,19,84.8,,4.56,
J1018-0209,Fe I,4466.55,2.83,-0.60,0.03,16,,,,
J1018-0209,Fe I,4484.22,3.60,-0.64,0.02,17,,,,
J1018-0209,Fe I,4489.74,0.12,-3.90,0.01,16,109.3,,4.74,
J1018-0209,Fe I,4494.56,2.20,-1.14,0.02,16,111.0,,4.79,0.150
J1018-0209,Fe I,4531.15,1.48,-2.10,0.01,16,113.0,,4.84,
J1018-0209,Fe I,4592.65,1.56,-2.46,0.01,16,89.4,,4.85,
J1018-0209,Fe I,4602.00,1.61,-3.13,0.01,16,40.4,,4.80,
J1018-0209,Fe I,4602.94,1.49,-2.21,0.01,16,98.6,,4.68,
J1018-0209,Fe I,4607.65,3.27,-1.33,0.02,17,13.6,,4.50,
J1018-0209,Fe I,4619.29,3.60,-1.06,0.02,17,17.8,,4.78,
J1018-0209,Fe I,4630.12,2.28,-2.58,0.02,19,25.3,,4.82,
J1018-0209,Fe I,4637.50,3.28,-1.29,0.02,17,28.1,,4.86,
J1018-0209,Fe I,4647.43,2.95,-1.35,0.05,16,42.0,,4.76,
J1018-0209,Fe I,4668.13,3.27,-1.08,0.02,17,37.8,,4.82,
J1018-0209,Fe I,4733.59,1.49,-2.99,0.01,16,64.8,,4.86,
J1018-0209,Fe I,4736.77,3.21,-0.67,0.02,17,43.1,,4.42,
J1018-0209,Fe I,4786.81,3.02,-1.61,0.03,17,24.6,,4.77,
J1018-0209,Fe I,4871.32,2.87,-0.34,0.02,18,84.3,,4.30,
J1018-0209,Fe I,4872.14,2.88,-0.57,0.03,16,71.9,,4.34,
J1018-0209,Fe I,4882.14,3.42,-1.48,0.02,17,,,,
J1018-0209,Fe I,4890.76,2.88,-0.38,0.02,18,93.0,,4.50,
J1018-0209,Fe I,4891.49,2.85,-0.11,0.03,16,91.9,,4.17,
J1018-0209,Fe I,4903.31,2.88,-0.89,0.02,18,56.1,,4.41,
J1018-0209,Fe I,4910.02,3.40,-1.28,0.02,17,12.5,,4.56,
J1018-0209,Fe I,4918.99,2.86,-0.34,0.05,16,,,,
J1018-0209,Fe I,4920.50,2.83,0.07,0.03,16,,,,
J1018-0209,Fe I,4924.77,2.28,-2.11,0.12,16,31.4,,4.45,
J1018-0209,Fe I,4938.81,2.88,-1.08,0.03,16,45.8,,4.44,
J1018-0209,Fe I,4939.69,0.86,-3.25,0.01,16,103.7,,4.87,
J1018-0209,Fe I,4946.39,3.37,-1.11,0.02,18,,,,
J1018-0209,Fe I,4950.11,3.42,-1.50,0.02,17,,,,
J1018-0209,Fe I,4966.09,3.33,-0.79,0.02,17,30.5,,4.45,
J1018-0209,Fe I,4994.13,0.92,-2.97,0.01,16,102.8,,4.65,0.140
J1018-0209,Fe I,5001.86,3.88,-0.01,0.02,18,35.2,,4.45,
J1018-0209,Fe I,5002.79,3.40,-1.46,0.02,18,9.7,,4.61,
J1018-0209,Fe I,5005.71,3.88,-0.12,0.02,18,,,,
J1018-0209,Fe I,5006.12,2.83,-0.62,0.03,16,84.2,,4.50,
J1018-0209,Fe I,5014.94,3.94,-0.18,0.02,17,21.4,,4.40,
J1018-0209,Fe I,5028.13,3.57,-1.02,0.02,18,25.3,,4.87,
J1018-0209,Fe I,5049.82,2.28,-1.36,0.05,16,,,,
J1018-0209,Fe I,5051.63,0.92,-2.76,0.01,16,,,,
J1018-0209,Fe I,5068.77,2.94,-1.04,0.03,16,47.9,,4.50,
J1018-0209,Fe I,5079.74,0.99,-3.24,0.01,16,97.6,,4.91,
J1018-0209,Fe I,5083.34,0.96,-2.84,0.01,16,102.2,,4.54,
J1018-0209,Fe I,5123.72,1.01,-3.06,0.01,16,94.8,,4.70,
J1018-0209,Fe I,5127.36,0.92,-3.25,0.01,16,100.0,,4.85,
J1018-0209,Fe I,5131.47,2.22,-2.52,0.22,16,,,,
J1018-0209,Fe I,5133.69,4.18,0.36,0.02,17,,,,
J1018-0209,Fe I,5150.84,0.99,-3.04,0.12,16,105.5,,4.82,
J1018-0209,Fe I,5151.91,1.01,-3.32,0.01,16,102.5,,5.08,
J1018-0209,Fe I,5166.28,0.00,-4.12,0.01,16,131.0,,4.94,
J1018-0209,Fe I,5171.60,1.49,-1.72,0.01,16,,,,
J1018-0209,Fe I,5191.45,3.04,-0.55,0.05,16,84.0,,4.67,
J1018-0209,Fe I,5192.34,3.00,-0.42,0.03,16,82.7,,4.47,
J1018-0209,Fe I,5194.94,1.56,-2.02,0.01,16,113.6,,4.70,
J1018-0209,Fe I,5198.71,2.22,-2.09,0.05,16,,,,
J1018-0209,Fe I,5202.34,2.18,-1.87,0.05,16,,,,
J1018-0209,Fe I,5215.18,3.27,-0.86,0.02,17,36.6,,4.54,
J1018-0209,Fe I,5216.27,1.61,-2.08,0.01,16,,,,
J1018-0209,Fe I,5217.39,3.21,-1.07,0.02,17,31.4,,4.58,
J1018-0209,Fe I,5225.53,0.11,-4.76,0.01,16,93.8,,5.14,0.160
J1018-0209,Fe I,5232.94,2.94,-0.06,0.03,16,103.2,,4.36,0.080
J1018-0209,Fe I,5242.49,3.63,-0.83,0.02,19,,,,
J1018-0209,Fe I,5253.46,3.28,-1.58,0.02,17,,,,
J1018-0209,Fe I,5263.31,3.27,-0.87,0.02,17,,,,
J1018-0209,Fe I,5266.56,3.00,-0.38,0.05,16,,,,
J1018-0209,Fe I,5281.79,3.04,-0.83,0.05,16,52.3,,4.46,0.090
J1018-0209,Fe I,5283.62,3.24,-0.45,0.02,17,51.1,,4.32,0.150
J1018-0209,Fe I,5307.36,1.61,-2.91,0.01,16,49.5,,4.65,
J1018-0209,Fe I,5324.18,3.21,-0.11,0.02,18,78.3,,4.34,
J1018-0209,Fe I,5332.90,1.56,-2.78,0.05,16,70.2,,4.74,
J1018-0209,Fe I,5339.93,3.27,-0.63,0.02,17,51.0,,4.53,
J1018-0209,Fe I,5341.02,1.61,-1.95,0.05,16,115.5,,4.69,
J1018-0209,Fe I,5364.87,4.45,0.23,0.09,16,,,,
J1018-0209,Fe I,5367.47,4.42,0.44,0.05,16,,,,
J1018-0209,Fe I,5369.96,4.37,0.54,0.03,16,40.5,,4.58,
J1018-0209,Fe I,5371.49,0.96,-1.64,0.01,16,,,,
J1018-0209,Fe I,5383.37,4.31,0.64,0.03,16,48.3,,4.53,
J1018-0209,Fe I,5397.13,0.92,-1.98,0.01,16,,,,
J1018-0209,Fe I,5405.77,0.99,-1.85,0.01,16,,,,
J1018-0209,Fe I,5410.91,4.47,0.40,0.03,16,17.7,,4.36,
J1018-0209,Fe I,5415.20,4.39,0.64,0.03,16,30.9,,4.33,
J1018-0209,Fe I,5429.70,0.96,-1.88,0.01,16,,,,
J1018-0209,Fe I,5434.52,1.01,-2.13,0.01,16,159.9,,4.75,0.190
J1018-0209,Fe I,5473.90,4.15,-0.72,0.02,18,,,,
J1018-0209,Fe I,5497.52,1.01,-2.82,0.01,16,114.0,,4.69,
J1018-0209,Fe I,5501.47,0.96,-3.05,0.05,16,120.5,,4.95,
J1018-0209,Fe I,5506.78,0.99,-2.79,0.01,16,123.4,,4.78,
J1018-0209,Fe I,5569.62,3.42,-0.52,0.02,17,39.1,,4.41,
J1018-0209,Fe I,5586.76,3.37,-0.11,0.02,17,,,,
J1018-0209,Fe I,5624.54,3.42,-0.76,0.02,17,37.9,,4.62,
J1018-0209,Fe I,5701.54,2.56,-2.14,0.09,16,22.2,,4.59,0.100
J1018-0209,Fe I,6003.01,3.88,-1.10,0.02,17,,,,
J1018-0209,Fe I,6008.56,3.88,-0.98,0.02,17,9.7,,4.68,
J1018-0209,Fe I,6065.48,2.61,-1.41,0.05,16,63.2,,4.57,0.090
J1018-0209,Fe I,6136.61,2.45,-1.41,0.05,16,85.4,,4.66,
J1018-0209,Fe I,6137.69,2.59,-1.35,0.05,16,89.1,,4.84,
J1018-0209,Fe I,6151.62,2.18,-3.37,0.05,2,9.1,,4.86,
J1018-0209,Fe I,6173.34,2.22,-2.88,0.05,20,,,,
J1018-0209,Fe I,6191.56,2.43,-1.42,0.09,16,83.2,,4.61,
J1018-0209,Fe I,6213.43,2.22,-2.48,0.22,16,37.9,,4.76,
J1018-0209,Fe I,6219.28,2.20,-2.45,0.05,16,44.7,,4.81,0.100
J1018-0209,Fe I,6230.72,2.56,-1.28,0.05,16,87.3,,4.70,
J1018-0209,Fe I,6232.64,3.65,-1.24,0.02,17,,,,
J1018-0209,Fe I,6246.32,3.60,-0.77,0.02,17,20.3,,4.47,
J1018-0209,Fe I,6252.56,2.40,-1.77,0.05,16,73.6,,4.78,0.110
J1018-0209,Fe I,6265.13,2.18,-2.54,0.05,16,35.4,,4.72,0.100
J1018-0209,Fe I,6301.50,3.65,-0.71,0.02,17,,,,
J1018-0209,Fe I,6322.69,2.59,-2.47,0.09,16,15.7,,4.74,
J1018-0209,Fe I,6336.82,3.69,-0.85,0.02,17,12.8,,4.42,
J1018-0209,Fe I,6344.15,2.43,-2.88,0.05,16,,,,
J1018-0209,Fe I,6393.60,2.43,-1.58,0.12,16,90.2,,4.84,
J1018-0209,Fe I,6408.02,3.69,-0.99,0.02,17,,,,
J1018-0209,Fe I,6411.65,3.65,-0.59,0.02,17,27.2,,4.50,
J1018-0209,Fe I,6421.35,2.28,-2.01,0.05,16,67.6,,4.77,
J1018-0209,Fe I,6430.85,2.18,-1.95,0.05,16,87.8,,4.85,0.100
J1018-0209,Fe I,6481.87,2.28,-3.01,0.05,16,20.6,,5.01,
J1018-0209,Fe I,6494.98,2.40,-1.24,0.05,16,104.1,,4.66,
J1018-0209,Fe I,6592.91,2.73,-1.47,0.09,16,49.3,,4.55,
J1018-0209,Fe I,6593.87,2.43,-2.37,0.05,16,24.6,,4.65,0.090
J1018-0209,Fe I,6677.99,2.69,-1.42,0.05,16,72.9,,4.76,
J1018-0209,Fe I,6750.15,2.42,-2.58,0.05,16,16.7,,4.64,0.090
J1018-0209,Fe I,6978.85,2.48,-2.45,0.05,16,21.8,,4.70,0.080
J1018-0209,Fe I,7495.07,4.22,-0.10,0.02,18,,,,
J1018-0209,Fe I,7511.02,4.18,0.12,0.02,17,42.2,,4.66,
J1018-0209,Fe II,4173.45,2.58,-2.38,0.02,22,73.8,,4.66,
J1018-0209,Fe II,4178.86,2.58,-2.51,0.05,21,73.1,,4.77,
J1018-0209,Fe II,4233.16,2.58,-2.02,0.02,22,91.4,,4.63,
J1018-0209,Fe II,4303.17,2.70,-2.52,0.02,22,70.0,,4.86,
J1018-0209,Fe II,4385.38,2.78,-2.64,0.02,22,49.9,,4.72,
J1018-0209,Fe II,4416.82,2.78,-2.57,0.02,22,,,,
J1018-0209,Fe II,4491.41,2.86,-2.71,0.05,21,22.2,,4.35,
J1018-0209,Fe II,4508.28,2.86,-2.42,0.02,22,54.8,,4.68,
J1018-0209,Fe II,4515.34,2.84,-2.60,0.05,21,42.6,,4.62,
J1018-0209,Fe II,4555.89,2.83,-2.40,0.05,21,42.4,,4.40,
J1018-0209,Fe II,4576.34,2.84,-2.95,0.05,21,22.2,,4.56,
J1018-0209,Fe II,4583.83,2.81,-1.94,0.02,22,91.5,,4.76,
J1018-0209,Fe II,4620.52,2.83,-3.21,0.05,21,21.1,,4.78,
J1018-0209,Fe II,5197.58,3.23,-2.22,0.05,21,,,,
J1018-0209,Fe II,5234.63,3.22,-2.18,0.05,21,34.8,,4.50,
J1018-0209,Fe II,5276.00,3.20,-2.01,0.05,21,,,,
J1018-0209,Co I,4121.32,0.92,-0.33,0.02,23,,,,
J1018-0209,Ni I,4604.99,3.48,-0.24,0.02,24,,,,
J1018-0209,Ni I,4648.65,3.42,-0.09,0.02,24,,,,
J1018-0209,Ni I,4714.42,3.38,0.25,0.02,24,34.4,,3.29,
J1018-0209,Ni I,4756.52,3.48,-0.27,0.02,24,,,,
J1018-0209,Ni I,4980.17,3.60,0.07,0.02,24,,,,
J1018-0209,Ni I,5084.08,3.68,0.03,0.02,2,,,,
J1018-0209,Ni I,5476.90,1.83,-0.78,0.02,24,95.2,,3.20,
J1018-0209,Ni I,6643.63,1.68,-2.22,0.02,24,30.7,,3.38,
J1018-0209,Ni I,6767.77,1.83,-2.14,0.02,24,27.9,,3.43,
J1018-0209,Zn I,4722.16,4.03,-0.37,0.02,25,,,2.12,
J1018-0209,Zn I,4810.54,4.08,-0.15,0.02,25,,,1.88,
J1018-0209,Sr II,4077.71,0.00,0.15,0.01,2,,,-0.66,
J1018-0209,Sr II,4215.52,0.00,-0.17,0.01,2,,,-0.80,
J1018-0209,Y II,3950.35,0.10,-0.73,0.02,26,,,,
J1018-0209,Y II,4398.01,0.13,-0.75,0.02,26,,,-1.25,
J1018-0209,Y II,4883.68,1.08,0.19,0.02,26,,,-1.18,
J1018-0209,Y II,4900.12,1.03,0.03,0.02,26,,,-1.21,
J1018-0209,Zr II,4149.20,0.80,-0.04,0.02,27,,,,
J1018-0209,Zr II,4161.20,0.71,-0.59,0.02,27,,,,
J1018-0209,Zr II,4208.98,0.71,-0.51,0.02,27,,,-0.58,
J1018-0209,Ba II,4554.03,0.00,0.14,0.05,28,,,-0.76,
J1018-0209,Ba II,4934.08,0.00,-0.16,0.05,28,,,-1.12,
J1018-0209,Ba II,5853.68,0.60,-0.91,0.05,28,,,-0.83,
J1018-0209,Ba II,6141.71,0.70,-0.03,0.05,28,,,-0.81,
J1018-0209,Ba II,6496.90,0.60,-0.41,0.05,28,,,-0.82,
J1018-0209,La II,3949.10,0.40,0.49,0.02,29,,,,
J1018-0209,La II,4086.71,0.00,-0.07,0.02,29,,,-1.84,
J1018-0209,La II,4123.22,0.32,0.13,0.02,29,,,,
J1018-0209,La II,4333.75,0.17,-0.06,0.02,29,,,-1.70,
J1018-0209,La II,4920.98,0.13,-0.58,0.02,29,,,,
J1018-0209,La II,4921.78,0.24,-0.45,0.02,29,,,,
J1018-0209,Ce II,4486.91,0.30,-0.18,0.02,30,,,-1.41,
J1018-0209,Ce II,4562.36,0.48,0.21,0.02,30,,,-1.32,
J1018-0209,Ce II,4628.16,0.52,0.14,0.02,30,,,,
J1018-0209,Pr II,4408.81,0.00,0.05,0.02,31,,,,
J1018-0209,Nd II,4109.45,0.32,0.35,0.02,32,,,,
J1018-0209,Nd II,4156.08,0.18,0.16,0.02,32,,,,
J1018-0209,Nd II,4303.57,0.00,0.08,0.02,32,,,,
J1018-0209,Nd II,4462.98,0.56,0.04,0.02,32,,,,
J1018-0209,Sm II,4424.34,0.48,0.14,0.02,33,,,-1.76,
J1018-0209,Sm II,4434.32,0.38,-0.07,0.02,33,,,-1.52,
J1018-0209,Sm II,4467.34,0.66,0.15,0.02,33,,,,
J1018-0209,Eu II,3907.11,0.21,0.17,0.02,34,,,-1.95,
J1018-0209,Eu II,4129.72,0.00,0.22,0.02,34,,,-2.14,
J1018-0209,Eu II,4205.04,0.00,0.21,0.02,34,,,-2.08,
J1018-0209,Eu II,4435.58,0.21,-0.11,0.02,34,,,,
J1018-0209,Dy II,4449.70,0.00,-1.03,0.02,35,,,,
J1018-0209,Pb I,4057.81,1.32,-0.22,0.02,36,,<,-0.30,