Name,Species,l_[X/Fe],[X/Fe]
HD 361,C,,-0.039
HD 1461,C,,-0.032
HD 2071,C,,-0.020
HD 4915,C,,0.020
HD 6204,C,,-0.129
HD 7134,C,,0.029
HD 8406,C,,-0.036
HD 11505,C,,0.132
HD 12264,C,,-0.065
HD 12387,C,,0.207
HD 13724,C,,-0.081
HD 19467,C,,0.141
HD 20619,C,,0.000
HD 20766,C,,0.019
HD 20782,C,,-0.014
HD 20807,C,,0.049
HD 27063,C,,-0.084
HD 28471,C,,-0.021
HD 28821,C,,0.014
HD 31527,C,,0.019
HD 38277,C,,-0.011
HD 38858,C,,0.029
HD 45184,C,,-0.068
HD 45289,C,,0.056
HD 59711,C,,0.015
HD 59967,C,,-0.076
HD 66428,C,,0.004
HD 67458,C,,-0.062
HD 71334,C,,-0.020
HD 75302,C,,-0.108
HD 78429,C,,-0.025
HD 88084,C,,0.021
HD 89454,C,,-0.098
HD 92719,C,,-0.055
HD 95521,C,,-0.013
HD 96116,C,,-0.086
HD 96423,C,,-0.058
HD 102117,C,,-0.066
HD 102365,C,,0.130
HD 104982,C,,0.015
HD 106116,C,,-0.038
HD 108309,C,,-0.002
HD 109271,C,,-0.093
HD 111031,C,,-0.030
HD 114853,C,,0.003
HD 115674,C,,0.021
HD 117105,C,,0.032
HD 117207,C,,-0.019
HD 126525,C,,0.037
HD 134606,C,,-0.001
HD 134664,C,,-0.115
HD 134987,C,,0.013
HD 145927,C,,0.023
HD 146233,C,,-0.064
HD 160691,C,,-0.023
HD 177409,C,,-0.106
HD 183658,C,,-0.002
HD 186408,C,,-0.053
HD 186427,C,,-0.027
HD 189567,C,,0.077
HD 189625,C,,-0.103
HD 190647,C,,0.029
HD 196390,C,,-0.132
HD 198075,C,,-0.038
HD 200633,C,,-0.070
HD 202628,C,,-0.106
HD 204313,C,,0.009
HD 208704,C,,-0.003
HD 210918,C,,0.056
HD 211415,C,,0.030
HD 220507,C,,0.097
HD 222582,C,,0.001
HD 361,O,,0.010
HD 1461,O,,-0.108
HD 2071,O,,-0.022
HD 4915,O,,0.039
HD 6204,O,,-0.097
HD 7134,O,,0.094
HD 8406,O,,-0.028
HD 11505,O,,0.280
HD 12264,O,,0.004
HD 12387,O,,0.301
HD 13724,O,,-0.093
HD 19467,O,,0.246
HD 20619,O,,0.055
HD 20766,O,,0.103
HD 20782,O,,0.020
HD 20807,O,,0.096
HD 27063,O,,-0.075
HD 28471,O,,0.004
HD 28821,O,,0.087
HD 31527,O,,0.070
HD 38277,O,,0.040
HD 38858,O,,0.058
HD 45184,O,,-0.054
HD 45289,O,,0.142
HD 59711,O,,-0.010
HD 59967,O,,-0.077
HD 66428,O,,-0.095
HD 67458,O,,0.036
HD 71334,O,,0.030
HD 75302,O,,-0.128
HD 78429,O,,0.001
HD 88084,O,,-0.014
HD 89454,O,,-0.101
HD 92719,O,,-0.010
HD 95521,O,,0.014
HD 96116,O,,-0.046
HD 96423,O,,-0.075
HD 102117,O,,-0.125
HD 102365,O,,0.203
HD 104982,O,,0.032
HD 106116,O,,-0.033
HD 108309,O,,0.015
HD 109271,O,,-0.028
HD 111031,O,,-0.091
HD 114853,O,,0.081
HD 115674,O,,0.049
HD 117105,O,,0.129
HD 117207,O,,-0.124
HD 126525,O,,0.043
HD 134606,O,,-0.083
HD 134664,O,,-0.084
HD 134987,O,,-0.071
HD 145927,O,,0.033
HD 146233,O,,-0.027
HD 160691,O,,-0.096
HD 177409,O,,0.000
HD 183658,O,,-0.041
HD 186408,O,,-0.067
HD 186427,O,,-0.063
HD 189567,O,,0.153
HD 189625,O,,9.999
HD 190647,O,,0.069
HD 196390,O,,-0.080
HD 198075,O,,9.999
HD 200633,O,,-0.093
HD 202628,O,,-0.098
HD 204313,O,,-0.080
HD 208704,O,,0.027
HD 210918,O,,0.137
HD 211415,O,,0.057
HD 220507,O,,0.153
HD 222582,O,,0.042
HD 361,Na,,-0.072
HD 1461,Na,,0.103
HD 2071,Na,,-0.032
HD 4915,Na,,-0.039
HD 6204,Na,,-0.107
HD 7134,Na,,-0.033
HD 8406,Na,,-0.060
HD 11505,Na,,0.024
HD 12264,Na,,-0.063
HD 12387,Na,,0.077
HD 13724,Na,,0.038
HD 19467,Na,,0.052
HD 20619,Na,,-0.031
HD 20766,Na,,-0.032
HD 20782,Na,,-0.083
HD 20807,Na,,-0.027
HD 27063,Na,,-0.045
HD 28471,Na,,-0.010
HD 28821,Na,,-0.067
HD 31527,Na,,0.006
HD 38277,Na,,-0.070
HD 38858,Na,,-0.033
HD 45184,Na,,-0.031
HD 45289,Na,,-0.005
HD 59711,Na,,-0.023
HD 59967,Na,,-0.086
HD 66428,Na,,0.143
HD 67458,Na,,-0.072
HD 71334,Na,,-0.032
HD 75302,Na,,-0.079
HD 78429,Na,,-0.053
HD 88084,Na,,0.007
HD 89454,Na,,-0.050
HD 92719,Na,,-0.048
HD 95521,Na,,-0.043
HD 96116,Na,,-0.103
HD 96423,Na,,0.008
HD 102117,Na,,0.052
HD 102365,Na,,0.002
HD 104982,Na,,-0.009
HD 106116,Na,,0.037
HD 108309,Na,,0.016
HD 109271,Na,,-0.105
HD 111031,Na,,0.101
HD 114853,Na,,-0.076
HD 115674,Na,,-0.045
HD 117105,Na,,-0.028
HD 117207,Na,,0.054
HD 126525,Na,,0.020
HD 134606,Na,,0.116
HD 134664,Na,,-0.061
HD 134987,Na,,0.141
HD 145927,Na,,0.014
HD 146233,Na,,-0.028
HD 160691,Na,,0.117
HD 177409,Na,,-0.058
HD 183658,Na,,0.024
HD 186408,Na,,0.009
HD 186427,Na,,0.014
HD 189567,Na,,-0.029
HD 189625,Na,,0.002
HD 190647,Na,,0.050
HD 196390,Na,,-0.096
HD 198075,Na,,-0.039
HD 200633,Na,,-0.020
HD 202628,Na,,-0.080
HD 204313,Na,,0.096
HD 208704,Na,,-0.055
HD 210918,Na,,-0.051
HD 211415,Na,,0.001
HD 220507,Na,,0.040
HD 222582,Na,,0.018
HD 361,Mg,,-0.014
HD 1461,Mg,,0.007
HD 2071,Mg,,0.001
HD 4915,Mg,,0.048
HD 6204,Mg,,-0.062
HD 7134,Mg,,0.037
HD 8406,Mg,,0.000
HD 11505,Mg,,0.182
HD 12264,Mg,,-0.038
HD 12387,Mg,,0.191
HD 13724,Mg,,-0.001
HD 19467,Mg,,0.168
HD 20619,Mg,,0.027
HD 20766,Mg,,0.073
HD 20782,Mg,,0.008
HD 20807,Mg,,0.055
HD 27063,Mg,,-0.017
HD 28471,Mg,,0.034
HD 28821,Mg,,0.085
HD 31527,Mg,,0.024
HD 38277,Mg,,0.010
HD 38858,Mg,,0.022
HD 45184,Mg,,-0.007
HD 45289,Mg,,0.098
HD 59711,Mg,,0.018
HD 59967,Mg,,-0.061
HD 66428,Mg,,0.033
HD 67458,Mg,,0.017
HD 71334,Mg,,0.036
HD 75302,Mg,,-0.029
HD 78429,Mg,,0.020
HD 88084,Mg,,0.027
HD 89454,Mg,,-0.030
HD 92719,Mg,,0.003
HD 95521,Mg,,0.014
HD 96116,Mg,,-0.039
HD 96423,Mg,,0.022
HD 102117,Mg,,0.035
HD 102365,Mg,,0.153
HD 104982,Mg,,0.061
HD 106116,Mg,,0.011
HD 108309,Mg,,0.010
HD 109271,Mg,,-0.025
HD 111031,Mg,,-0.006
HD 114853,Mg,,0.052
HD 115674,Mg,,0.035
HD 117105,Mg,,0.093
HD 117207,Mg,,-0.007
HD 126525,Mg,,0.041
HD 134606,Mg,,0.034
HD 134664,Mg,,-0.022
HD 134987,Mg,,0.021
HD 145927,Mg,,0.018
HD 146233,Mg,,-0.010
HD 160691,Mg,,0.005
HD 177409,Mg,,-0.002
HD 183658,Mg,,0.007
HD 186408,Mg,,0.023
HD 186427,Mg,,0.025
HD 189567,Mg,,0.096
HD 189625,Mg,,-0.023
HD 190647,Mg,,0.073
HD 196390,Mg,,-0.030
HD 198075,Mg,,0.010
HD 200633,Mg,,-0.020
HD 202628,Mg,,-0.006
HD 204313,Mg,,0.010
HD 208704,Mg,,0.015
HD 210918,Mg,,0.070
HD 211415,Mg,,0.048
HD 220507,Mg,,0.125
HD 222582,Mg,,0.035
HD 361,Al,,-0.042
HD 1461,Al,,0.044
HD 2071,Al,,-0.001
HD 4915,Al,,0.020
HD 6204,Al,,-0.078
HD 7134,Al,,0.021
HD 8406,Al,,-0.020
HD 11505,Al,,0.199
HD 12264,Al,,-0.053
HD 12387,Al,,0.226
HD 13724,Al,,0.006
HD 19467,Al,,0.183
HD 20619,Al,,0.004
HD 20766,Al,,0.064
HD 20782,Al,,0.016
HD 20807,Al,,0.033
HD 27063,Al,,-0.030
HD 28471,Al,,0.065
HD 28821,Al,,0.106
HD 31527,Al,,0.019
HD 38277,Al,,0.013
HD 38858,Al,,0.008
HD 45184,Al,,-0.015
HD 45289,Al,,0.127
HD 59711,Al,,0.017
HD 59967,Al,,-0.078
HD 66428,Al,,0.049
HD 67458,Al,,0.000
HD 71334,Al,,0.063
HD 75302,Al,,-0.036
HD 78429,Al,,0.035
HD 88084,Al,,0.055
HD 89454,Al,,-0.029
HD 92719,Al,,-0.013
HD 95521,Al,,0.001
HD 96116,Al,,-0.063
HD 96423,Al,,0.056
HD 102117,Al,,0.076
HD 102365,Al,,0.153
HD 104982,Al,,0.068
HD 106116,Al,,0.045
HD 108309,Al,,0.046
HD 109271,Al,,0.025
HD 111031,Al,,0.039
HD 114853,Al,,0.060
HD 115674,Al,,0.021
HD 117105,Al,,0.071
HD 117207,Al,,0.020
HD 126525,Al,,0.066
HD 134606,Al,,0.058
HD 134664,Al,,-0.036
HD 134987,Al,,0.055
HD 145927,Al,,0.034
HD 146233,Al,,-0.019
HD 160691,Al,,0.054
HD 177409,Al,,-0.027
HD 183658,Al,,0.017
HD 186408,Al,,0.032
HD 186427,Al,,0.044
HD 189567,Al,,0.107
HD 189625,Al,,-0.018
HD 190647,Al,,0.133
HD 196390,Al,,-0.021
HD 198075,Al,,-0.010
HD 200633,Al,,-0.005
HD 202628,Al,,-0.036
HD 204313,Al,,0.034
HD 208704,Al,,0.025
HD 210918,Al,,0.103
HD 211415,Al,,0.030
HD 220507,Al,,0.153
HD 222582,Al,,0.059
HD 361,Si,,-0.013
HD 1461,Si,,0.014
HD 2071,Si,,0.002
HD 4915,Si,,0.014
HD 6204,Si,,-0.044
HD 7134,Si,,0.049
HD 8406,Si,,-0.010
HD 11505,Si,,0.118
HD 12264,Si,,-0.030
HD 12387,Si,,0.131
HD 13724,Si,,0.006
HD 19467,Si,,0.088
HD 20619,Si,,-0.001
HD 20766,Si,,0.025
HD 20782,Si,,-0.006
HD 20807,Si,,0.033
HD 27063,Si,,-0.019
HD 28471,Si,,0.021
HD 28821,Si,,0.026
HD 31527,Si,,0.033
HD 38277,Si,,0.004
HD 38858,Si,,0.013
HD 45184,Si,,-0.004
HD 45289,Si,,0.053
HD 59711,Si,,0.008
HD 59967,Si,,-0.045
HD 66428,Si,,0.034
HD 67458,Si,,0.010
HD 71334,Si,,0.018
HD 75302,Si,,-0.034
HD 78429,Si,,-0.003
HD 88084,Si,,0.021
HD 89454,Si,,-0.019
HD 92719,Si,,0.005
HD 95521,Si,,0.004
HD 96116,Si,,-0.035
HD 96423,Si,,0.005
HD 102117,Si,,0.018
HD 102365,Si,,0.079
HD 104982,Si,,0.017
HD 106116,Si,,0.005
HD 108309,Si,,0.003
HD 109271,Si,,-0.026
HD 111031,Si,,0.021
HD 114853,Si,,0.019
HD 115674,Si,,0.001
HD 117105,Si,,0.070
HD 117207,Si,,0.001
HD 126525,Si,,0.026
HD 134606,Si,,0.041
HD 134664,Si,,-0.019
HD 134987,Si,,0.034
HD 145927,Si,,0.007
HD 146233,Si,,-0.006
HD 160691,Si,,0.030
HD 177409,Si,,-0.004
HD 183658,Si,,0.008
HD 186408,Si,,0.009
HD 186427,Si,,0.009
HD 189567,Si,,0.047
HD 189625,Si,,-0.009
HD 190647,Si,,0.052
HD 196390,Si,,-0.022
HD 198075,Si,,0.008
HD 200633,Si,,-0.010
HD 202628,Si,,-0.017
HD 204313,Si,,0.015
HD 208704,Si,,0.006
HD 210918,Si,,0.028
HD 211415,Si,,0.032
HD 220507,Si,,0.069
HD 222582,Si,,0.028
HD 361,Ca,,0.027
HD 1461,Ca,,-0.016
HD 2071,Ca,,0.024
HD 4915,Ca,,0.045
HD 6204,Ca,,0.019
HD 7134,Ca,,0.047
HD 8406,Ca,,0.031
HD 11505,Ca,,0.109
HD 12264,Ca,,0.019
HD 12387,Ca,,0.100
HD 13724,Ca,,0.015
HD 19467,Ca,,0.070
HD 20619,Ca,,0.031
HD 20766,Ca,,0.037
HD 20782,Ca,,0.013
HD 20807,Ca,,0.023
HD 27063,Ca,,0.023
HD 28471,Ca,,0.025
HD 28821,Ca,,0.057
HD 31527,Ca,,0.025
HD 38277,Ca,,0.008
HD 38858,Ca,,0.027
HD 45184,Ca,,0.016
HD 45289,Ca,,0.048
HD 59711,Ca,,0.013
HD 59967,Ca,,0.035
HD 66428,Ca,,-0.023
HD 67458,Ca,,0.043
HD 71334,Ca,,0.032
HD 75302,Ca,,0.020
HD 78429,Ca,,0.005
HD 88084,Ca,,0.019
HD 89454,Ca,,0.016
HD 92719,Ca,,0.032
HD 95521,Ca,,0.034
HD 96116,Ca,,0.020
HD 96423,Ca,,0.005
HD 102117,Ca,,-0.004
HD 102365,Ca,,0.079
HD 104982,Ca,,0.027
HD 106116,Ca,,-0.008
HD 108309,Ca,,-0.007
HD 109271,Ca,,0.007
HD 111031,Ca,,-0.022
HD 114853,Ca,,0.037
HD 115674,Ca,,0.027
HD 117105,Ca,,0.066
HD 117207,Ca,,-0.028
HD 126525,Ca,,0.013
HD 134606,Ca,,-0.015
HD 134664,Ca,,0.008
HD 134987,Ca,,-0.022
HD 145927,Ca,,-0.005
HD 146233,Ca,,0.010
HD 160691,Ca,,-0.019
HD 177409,Ca,,0.039
HD 183658,Ca,,0.001
HD 186408,Ca,,0.004
HD 186427,Ca,,0.009
HD 189567,Ca,,0.051
HD 189625,Ca,,0.004
HD 190647,Ca,,0.020
HD 196390,Ca,,0.035
HD 198075,Ca,,0.024
HD 200633,Ca,,0.001
HD 202628,Ca,,0.040
HD 204313,Ca,,-0.025
HD 208704,Ca,,0.015
HD 210918,Ca,,0.043
HD 211415,Ca,,0.028
HD 220507,Ca,,0.050
HD 222582,Ca,,0.015
HD 361,Ti,,0.019
HD 1461,Ti,,0.007
HD 2071,Ti,,0.029
HD 4915,Ti,,0.064
HD 6204,Ti,,-0.009
HD 7134,Ti,,0.052
HD 8406,Ti,,0.030
HD 11505,Ti,,0.178
HD 12264,Ti,,0.004
HD 12387,Ti,,0.191
HD 13724,Ti,,0.012
HD 19467,Ti,,0.139
HD 20619,Ti,,0.033
HD 20766,Ti,,0.070
HD 20782,Ti,,0.024
HD 20807,Ti,,0.037
HD 27063,Ti,,0.011
HD 28471,Ti,,0.045
HD 28821,Ti,,0.087
HD 31527,Ti,,0.032
HD 38277,Ti,,0.003
HD 38858,Ti,,0.032
HD 45184,Ti,,0.008
HD 45289,Ti,,0.098
HD 59711,Ti,,0.020
HD 59967,Ti,,-0.002
HD 66428,Ti,,0.012
HD 67458,Ti,,0.041
HD 71334,Ti,,0.051
HD 75302,Ti,,0.007
HD 78429,Ti,,0.012
HD 88084,Ti,,0.039
HD 89454,Ti,,0.006
HD 92719,Ti,,0.026
HD 95521,Ti,,0.033
HD 96116,Ti,,-0.005
HD 96423,Ti,,0.024
HD 102117,Ti,,0.026
HD 102365,Ti,,0.126
HD 104982,Ti,,0.049
HD 106116,Ti,,0.008
HD 108309,Ti,,0.008
HD 109271,Ti,,0.016
HD 111031,Ti,,0.000
HD 114853,Ti,,0.055
HD 115674,Ti,,0.041
HD 117105,Ti,,0.087
HD 117207,Ti,,-0.011
HD 126525,Ti,,0.045
HD 134606,Ti,,0.026
HD 134664,Ti,,-0.004
HD 134987,Ti,,0.008
HD 145927,Ti,,0.010
HD 146233,Ti,,0.007
HD 160691,Ti,,0.002
HD 177409,Ti,,0.023
HD 183658,Ti,,0.006
HD 186408,Ti,,0.026
HD 186427,Ti,,0.033
HD 189567,Ti,,0.085
HD 189625,Ti,,-0.006
HD 190647,Ti,,0.081
HD 196390,Ti,,0.010
HD 198075,Ti,,0.034
HD 200633,Ti,,-0.008
HD 202628,Ti,,0.024
HD 204313,Ti,,-0.001
HD 208704,Ti,,0.012
HD 210918,Ti,,0.073
HD 211415,Ti,,0.032
HD 220507,Ti,,0.109
HD 222582,Ti,,0.030
HD 361,Cr,,0.002
HD 1461,Cr,,0.005
HD 2071,Cr,,0.005
HD 4915,Cr,,0.006
HD 6204,Cr,,0.005
HD 7134,Cr,,-0.018
HD 8406,Cr,,0.010
HD 11505,Cr,,-0.001
HD 12264,Cr,,0.014
HD 12387,Cr,,-0.001
HD 13724,Cr,,0.019
HD 19467,Cr,,-0.005
HD 20619,Cr,,0.001
HD 20766,Cr,,0.007
HD 20782,Cr,,-0.004
HD 20807,Cr,,-0.012
HD 27063,Cr,,0.015
HD 28471,Cr,,-0.008
HD 28821,Cr,,0.002
HD 31527,Cr,,-0.009
HD 38277,Cr,,-0.017
HD 38858,Cr,,-0.002
HD 45184,Cr,,-0.001
HD 45289,Cr,,0.002
HD 59711,Cr,,-0.005
HD 59967,Cr,,0.027
HD 66428,Cr,,0.015
HD 67458,Cr,,-0.011
HD 71334,Cr,,-0.001
HD 75302,Cr,,0.020
HD 78429,Cr,,0.005
HD 88084,Cr,,-0.009
HD 89454,Cr,,0.026
HD 92719,Cr,,-0.001
HD 95521,Cr,,0.007
HD 96116,Cr,,0.014
HD 96423,Cr,,0.006
HD 102117,Cr,,0.017
HD 102365,Cr,,0.006
HD 104982,Cr,,-0.002
HD 106116,Cr,,0.012
HD 108309,Cr,,0.006
HD 109271,Cr,,-0.006
HD 111031,Cr,,0.009
HD 114853,Cr,,-0.003
HD 115674,Cr,,0.005
HD 117105,Cr,,-0.017
HD 117207,Cr,,0.015
HD 126525,Cr,,0.007
HD 134606,Cr,,0.022
HD 134664,Cr,,0.006
HD 134987,Cr,,0.011
HD 145927,Cr,,-0.011
HD 146233,Cr,,0.010
HD 160691,Cr,,0.009
HD 177409,Cr,,-0.007
HD 183658,Cr,,-0.006
HD 186408,Cr,,-0.002
HD 186427,Cr,,0.004
HD 189567,Cr,,-0.002
HD 189625,Cr,,0.010
HD 190647,Cr,,0.015
HD 196390,Cr,,-0.001
HD 198075,Cr,,-0.008
HD 200633,Cr,,-0.005
HD 202628,Cr,,0.010
HD 204313,Cr,,0.003
HD 208704,Cr,,-0.012
HD 210918,Cr,,-0.012
HD 211415,Cr,,-0.012
HD 220507,Cr,,0.004
HD 222582,Cr,,0.000
HD 361,Ni,,-0.056
HD 1461,Ni,,0.045
HD 2071,Ni,,-0.029
HD 4915,Ni,,-0.037
HD 6204,Ni,,-0.064
HD 7134,Ni,,-0.029
HD 8406,Ni,,-0.041
HD 11505,Ni,,0.012
HD 12264,Ni,,-0.045
HD 12387,Ni,,0.033
HD 13724,Ni,,0.028
HD 19467,Ni,,0.013
HD 20619,Ni,,-0.050
HD 20766,Ni,,-0.019
HD 20782,Ni,,-0.044
HD 20807,Ni,,-0.024
HD 27063,Ni,,-0.022
HD 28471,Ni,,-0.006
HD 28821,Ni,,-0.033
HD 31527,Ni,,-0.016
HD 38277,Ni,,-0.042
HD 38858,Ni,,-0.039
HD 45184,Ni,,-0.019
HD 45289,Ni,,0.004
HD 59711,Ni,,-0.022
HD 59967,Ni,,-0.065
HD 66428,Ni,,0.062
HD 67458,Ni,,-0.040
HD 71334,Ni,,-0.014
HD 75302,Ni,,-0.034
HD 78429,Ni,,-0.021
HD 88084,Ni,,-0.003
HD 89454,Ni,,-0.011
HD 92719,Ni,,-0.043
HD 95521,Ni,,-0.039
HD 96116,Ni,,-0.056
HD 96423,Ni,,0.022
HD 102117,Ni,,0.036
HD 102365,Ni,,-0.011
HD 104982,Ni,,-0.016
HD 106116,Ni,,0.016
HD 108309,Ni,,0.003
HD 109271,Ni,,-0.029
HD 111031,Ni,,0.049
HD 114853,Ni,,-0.036
HD 115674,Ni,,-0.038
HD 117105,Ni,,-0.031
HD 117207,Ni,,0.022
HD 126525,Ni,,0.001
HD 134606,Ni,,0.048
HD 134664,Ni,,-0.022
HD 134987,Ni,,0.056
HD 145927,Ni,,0.003
HD 146233,Ni,,-0.013
HD 160691,Ni,,0.043
HD 177409,Ni,,-0.042
HD 183658,Ni,,0.012
HD 186408,Ni,,0.010
HD 186427,Ni,,0.011
HD 189567,Ni,,-0.031
HD 189625,Ni,,0.015
HD 190647,Ni,,0.039
HD 196390,Ni,,-0.034
HD 198075,Ni,,-0.040
HD 200633,Ni,,-0.006
HD 202628,Ni,,-0.052
HD 204313,Ni,,0.038
HD 208704,Ni,,-0.034
HD 210918,Ni,,-0.030
HD 211415,Ni,,-0.019
HD 220507,Ni,,0.016
HD 222582,Ni,,0.005
HD 361,Sr,,0.106
HD 1461,Sr,,-0.052
HD 2071,Sr,,0.032
HD 4915,Sr,,0.036
HD 6204,Sr,,0.129
HD 7134,Sr,,-0.015
HD 8406,Sr,,0.048
HD 11505,Sr,,-0.048
HD 12264,Sr,,0.091
HD 12387,Sr,,-0.026
HD 13724,Sr,,-0.005
HD 19467,Sr,,-0.031
HD 20619,Sr,,0.047
HD 20766,Sr,,-0.034
HD 20782,Sr,,-0.094
HD 20807,Sr,,-0.038
HD 27063,Sr,,0.050
HD 28471,Sr,,-0.044
HD 28821,Sr,,-0.077
HD 31527,Sr,,0.019
HD 38277,Sr,,-0.072
HD 38858,Sr,,0.034
HD 45184,Sr,,0.050
HD 45289,Sr,,-0.083
HD 59711,Sr,,0.004
HD 59967,Sr,,0.138
HD 66428,Sr,,-0.076
HD 67458,Sr,,0.059
HD 71334,Sr,,-0.070
HD 75302,Sr,,0.066
HD 78429,Sr,,-0.098
HD 88084,Sr,,-0.028
HD 89454,Sr,,0.046
HD 92719,Sr,,0.048
HD 95521,Sr,,0.045
HD 96116,Sr,,0.092
HD 96423,Sr,,-0.053
HD 102117,Sr,,-0.101
HD 102365,Sr,,-0.065
HD 104982,Sr,,-0.035
HD 106116,Sr,,-0.089
HD 108309,Sr,,-0.092
HD 109271,Sr,,-0.092
HD 111031,Sr,,-0.065
HD 114853,Sr,,-0.078
HD 115674,Sr,,0.037
HD 117105,Sr,,-0.032
HD 117207,Sr,,-0.099
HD 126525,Sr,,-0.070
HD 134606,Sr,,-0.106
HD 134664,Sr,,0.044
HD 134987,Sr,,-0.074
HD 145927,Sr,,-0.037
HD 146233,Sr,,0.026
HD 160691,Sr,,-0.086
HD 177409,Sr,,0.079
HD 183658,Sr,,-0.013
HD 186408,Sr,,-0.042
HD 186427,Sr,,-0.045
HD 189567,Sr,,-0.041
HD 189625,Sr,,0.002
HD 190647,Sr,,-0.111
HD 196390,Sr,,0.101
HD 198075,Sr,,0.022
HD 200633,Sr,,0.022
HD 202628,Sr,,0.111
HD 204313,Sr,,-0.063
HD 208704,Sr,,-0.068
HD 210918,Sr,,-0.062
HD 211415,Sr,,-0.009
HD 220507,Sr,,-0.087
HD 222582,Sr,,-0.051
HD 361,Y,,0.079
HD 1461,Y,,-0.039
HD 2071,Y,,0.039
HD 4915,Y,,0.032
HD 6204,Y,,0.122
HD 7134,Y,,-0.110
HD 8406,Y,,0.050
HD 11505,Y,,-0.118
HD 12264,Y,,0.094
HD 12387,Y,,-0.072
HD 13724,Y,,0.009
HD 19467,Y,,-0.062
HD 20619,Y,,0.032
HD 20766,Y,,-0.096
HD 20782,Y,,-0.112
HD 20807,Y,,-0.123
HD 27063,Y,,0.067
HD 28471,Y,,-0.068
HD 28821,Y,,-0.093
HD 31527,Y,,-0.054
HD 38277,Y,,-0.130
HD 38858,Y,,0.015
HD 45184,Y,,0.039
HD 45289,Y,,-0.094
HD 59711,Y,,-0.009
HD 59967,Y,,0.114
HD 66428,Y,,-0.048
HD 67458,Y,,0.011
HD 71334,Y,,-0.077
HD 75302,Y,,0.096
HD 78429,Y,,-0.103
HD 88084,Y,,-0.046
HD 89454,Y,,0.079
HD 92719,Y,,0.040
HD 95521,Y,,0.028
HD 96116,Y,,0.095
HD 96423,Y,,-0.032
HD 102117,Y,,-0.050
HD 102365,Y,,-0.113
HD 104982,Y,,-0.067
HD 106116,Y,,-0.058
HD 108309,Y,,-0.107
HD 109271,Y,,-0.096
HD 111031,Y,,-0.043
HD 114853,Y,,-0.110
HD 115674,Y,,0.027
HD 117105,Y,,-0.135
HD 117207,Y,,-0.063
HD 126525,Y,,-0.077
HD 134606,Y,,-0.052
HD 134664,Y,,0.051
HD 134987,Y,,-0.056
HD 145927,Y,,-0.064
HD 146233,Y,,0.041
HD 160691,Y,,-0.068
HD 177409,Y,,0.065
HD 183658,Y,,-0.026
HD 186408,Y,,-0.054
HD 186427,Y,,-0.049
HD 189567,Y,,-0.089
HD 189625,Y,,0.027
HD 190647,Y,,-0.056
HD 196390,Y,,0.093
HD 198075,Y,,-0.029
HD 200633,Y,,0.015
HD 202628,Y,,0.111
HD 204313,Y,,-0.058
HD 208704,Y,,-0.115
HD 210918,Y,,-0.080
HD 211415,Y,,-0.090
HD 220507,Y,,-0.085
HD 222582,Y,,-0.066
