Name,[Fe/H],e_[Fe/H],[C/Fe],e_[C/Fe],[Na I/Fe],e_[Na I/Fe],[Mg I/Fe],e_[Mg I/Fe],[Al I/Fe],e_[Al I/Fe],[Si I/Fe],e_[Si I/Fe],[Ca I/Fe],e_[Ca I/Fe],[Sc II/Fe],e_[Sc II/Fe],[Ti II/Fe],e_[Ti II/Fe],[Cr I/Fe],e_[Cr I/Fe],[Cr II/Fe],e_[Cr II/Fe],[Mn I/Fe],e_[Mn I/Fe],[Co I/Fe],e_[Co I/Fe],[Ni I/Fe],e_[Ni I/Fe],[Zn I/Fe],e_[Zn I/Fe],[Sr II/Fe],e_[Sr II/Fe],[Y II/Fe],e_[Y II/Fe],[Zr II/Fe],e_[Zr II/Fe],[Ba II/Fe],e_[Ba II/Fe],[La II/Fe],e_[La II/Fe],[Eu II/Fe],e_[Eu II/Fe],[Dy II/Fe],e_[Dy II/Fe]
srg421,-2.81,0.16,-0.33,0.18,0.34,0.1,0.5,0.07,-0.55,0.16,0.55,0.06,0.3,0.06,0.11,0.04,0.4,0.07,-0.23,0.06,0.12,0.05,-0.57,0.08,0.24,0.12,0.24,0.08,0.11,0.13,0.25,0.21,0.16,0.08,0.32,0.05,0.47,0.13,0.69,0.08,1.14,0.06,1.27,0.14
srg422,-1.93,0.19,-0.62,0.2,0.24,0.07,0.1,0.13,-0.79,0.12,0.28,0.09,0.25,0.08,-0.04,0.1,0.32,0.1,-0.19,0.08,-0.02,0.12,-0.43,0.16,0.12,0.2,0.09,0.11,0.13,0.16,-0.1,0.11,-0.3,0.12,0.09,0.13,0.12,0.17,0.02,0.14,0.43,0.16,0.33,0.17
srg423,-2.52,0.08,-0.29,0.15,0.27,0.09,0.31,0.09,-0.64,0.11,0.45,0.15,0.32,0.04,0.11,0.06,0.3,0.06,-0.22,0.06,-0.04,0.09,-0.49,0.08,0.19,0.07,0.01,0.08,0.11,0.06,-0.09,0.16,-0.4,0.07,-0.07,0.07,-0.44,0.05,0.1,0.09,0.24,0.08,0.24,0.08
srg424,-2.43,0.17,-0.07,0.18,0.28,0.1,0.31,0.09,-0.34,0.11,0.4,0.11,0.3,0.07,0.11,0.08,0.34,0.1,-0.34,0.07,-0.17,0.1,-0.42,0.11,0.22,0.07,0.08,0.08,0.06,0.14,-0.31,0.27,-0.42,0.09,<0.14,,-0.75,0.1,<0.16,,0.03,0.13,<0.47,
srg426,-2.93,0.14,0.02,0.19,0.11,0.15,0.32,0.06,-0.72,0.15,0.4,0.08,0.19,0.06,-0.14,0.06,0.08,0.07,-0.28,0.1,-0.04,0.09,-0.56,0.11,0.08,0.09,-0.03,0.06,0.06,0.1,-0.51,0.24,-0.43,0.11,<0.13,,-0.69,0.08,<0.51,,0.08,0.06,<0.6,
srg428,-2.39,0.18,-0.67,0.2,0.23,0.09,0.26,0.07,-0.92,0.28,0.35,0.07,0.26,0.07,0.23,0.09,0.29,0.09,-0.29,0.05,0.0,0.07,-0.43,0.11,0.12,0.14,0.04,0.09,0.01,0.15,-0.22,0.23,-0.25,0.09,0.04,0.08,0.06,0.12,0.21,0.09,0.64,0.11,0.96,0.07
srg430,-2.42,0.21,-0.86,0.22,0.44,0.13,0.37,0.07,-0.65,0.26,0.16,0.16,0.31,0.06,0.01,0.08,0.31,0.11,-0.1,0.09,-0.1,0.12,-0.25,0.09,0.11,0.1,-0.08,0.06,-0.08,0.24,-0.09,0.11,-0.65,0.11,-0.31,0.1,-0.56,0.1,-0.38,0.13,-0.07,0.13,0.1,0.1
sgr431,-2.82,0.18,-0.1,0.2,-0.03,0.11,-0.08,0.16,-1.09,0.15,0.62,0.14,0.05,0.11,-0.11,0.1,0.19,0.12,-0.32,0.14,-0.08,0.1,-0.31,0.12,0.24,0.12,0.13,0.12,0.48,0.13,1.03,0.14,0.13,0.11,<0.35,,-0.16,0.12,0.39,0.12,0.47,0.14,<0.84,
sgr434,-2.7,0.16,0.05,0.18,0.94,0.09,0.22,0.08,-0.54,0.27,0.76,0.1,0.44,0.08,-0.02,0.08,0.27,0.1,-0.33,0.05,0.2,0.08,-0.55,0.12,0.33,0.05,0.16,0.03,0.13,0.12,0.35,0.18,-0.1,0.1,0.28,0.09,-0.57,0.1,,,<0.06,,<0.11,
srg438,-2.53,0.16,0.2,0.15,-0.56,0.04,-0.21,0.1,-1.46,0.11,0.02,0.08,-0.06,0.07,-0.48,0.08,-0.01,0.09,-0.35,0.05,,,-0.58,0.12,-0.45,0.09,-0.27,0.15,<0.3,,-0.56,0.24,<0.18,,<0.37,,-0.84,0.09,<0.43,,<0.56,,<1.49,
srg441,-2.78,0.2,-0.88,0.15,0.47,0.16,0.25,0.07,-0.52,0.17,0.62,0.07,0.35,0.09,-0.09,0.07,0.25,0.1,-0.32,0.11,,,-0.74,0.11,0.0,0.1,-0.01,0.09,-0.3,0.19,-0.7,0.12,-0.77,0.07,<0.05,,-0.83,0.08,-0.28,0.17,-0.58,0.11,<0.15,
srg442,-3.21,0.16,-0.4,0.19,0.96,0.14,0.19,0.07,-0.87,0.18,0.66,0.07,0.41,0.07,0.14,0.06,0.18,0.08,-0.54,0.13,,,-0.7,0.1,0.31,0.15,-0.13,0.04,0.27,0.12,0.75,0.23,0.19,0.07,0.36,0.06,-0.91,0.13,<0.23,,<-0.01,,<0.48,
srg449,-3.29,0.15,-0.41,0.19,0.91,0.18,0.02,0.09,0.15,0.15,0.93,0.06,0.27,0.06,0.21,0.07,0.27,0.09,-0.49,0.11,0.15,0.05,<-0.2,,0.15,0.08,0.37,0.06,,,-0.07,0.34,<0.11,,<0.31,,-1.06,0.1,<0.36,,<0.37,,<0.74,
srg452,-3.16,0.17,-0.55,0.15,0.69,0.17,0.38,0.08,-0.47,0.08,0.78,0.1,0.23,0.08,0.1,0.07,0.17,0.08,-0.62,0.12,,,-0.46,0.11,-0.05,0.13,-0.22,0.18,<0.99,,-0.7,0.21,<-0.26,,0.0,0.04,-1.42,0.07,<0.57,,<0.15,,<1.06,
sgr453,-2.25,0.23,-0.6,0.24,-0.03,0.11,0.36,0.12,<-0.26,,0.08,0.05,0.42,0.07,-0.1,0.13,0.28,0.14,-0.14,0.11,-0.32,0.1,-0.49,0.13,0.37,0.12,0.05,0.08,0.06,0.28,-0.58,0.25,-0.47,0.12,-0.38,0.14,-0.22,0.13,-0.22,0.18,0.18,0.19,0.79,0.11
sgr459,-2.66,0.21,-0.71,0.17,0.0,0.14,0.42,0.07,-0.82,0.2,0.16,0.2,0.4,0.09,-0.22,0.08,0.34,0.11,-0.32,0.09,-0.08,0.18,-0.45,0.12,0.15,0.06,0.04,0.08,0.34,0.2,-0.34,0.12,-0.65,0.12,-0.32,0.1,-0.82,0.11,<-0.21,,-0.44,0.15,<-0.09,
srg460,-3.0,0.16,-0.77,0.19,0.67,0.14,0.38,0.07,-0.51,0.25,0.6,0.04,0.29,0.07,0.07,0.05,0.27,0.08,-0.27,0.08,0.11,0.04,-0.34,0.09,0.06,0.07,0.07,0.11,<0.52,,0.02,0.28,<-0.24,,0.05,0.04,-1.07,0.08,<0.22,,<0.16,,<0.36,
srg462,-2.83,0.16,-0.17,0.18,0.08,0.11,0.47,0.1,-0.47,0.23,0.54,0.07,0.33,0.07,-0.14,0.08,0.23,0.08,-0.18,0.07,-0.13,0.07,-0.38,0.08,0.17,0.1,0.14,0.07,0.32,0.12,0.25,0.19,0.11,0.09,0.36,0.07,0.04,0.1,0.35,0.12,0.57,0.13,0.75,0.12
srg463,-2.69,0.19,-0.47,0.16,0.15,0.12,0.27,0.06,-0.66,0.36,0.4,0.15,0.39,0.08,-0.09,0.06,0.27,0.09,-0.3,0.06,0.09,0.11,-0.62,0.11,0.03,0.1,-0.17,0.1,-0.06,0.18,0.22,0.12,-0.22,0.09,0.09,0.07,-0.6,0.08,-0.45,0.07,-0.35,0.1,<0.55,
srg468,-2.57,0.2,-0.53,0.16,0.06,0.13,0.37,0.09,-1.02,0.33,0.37,0.12,0.33,0.07,-0.02,0.07,0.19,0.08,-0.33,0.05,-0.11,0.09,-0.6,0.1,0.02,0.15,-0.17,0.06,-0.27,0.18,-0.26,0.23,-0.58,0.1,-0.06,0.08,-0.28,0.09,-0.02,0.1,0.35,0.1,0.43,0.1
sgr2,-2.66,0.16,-0.34,0.19,0.38,0.12,0.31,0.08,-0.43,0.29,0.49,0.16,0.29,0.06,-0.08,0.06,0.17,0.07,-0.19,0.05,-0.02,0.1,-0.5,0.09,-0.04,0.12,0.03,0.12,0.16,0.13,0.29,0.15,-0.25,0.09,0.11,0.06,-0.56,0.1,-0.49,0.13,<-0.23,,<0.86,
sgr471,-3.14,0.17,-0.52,0.18,0.28,0.12,0.33,0.06,-0.6,0.08,0.51,0.09,0.16,0.08,0.04,0.07,0.27,0.08,-0.47,0.12,,,-0.52,0.1,0.15,0.13,0.1,0.06,<0.21,,-1.37,0.22,<-0.18,,<0.09,,-0.55,0.1,<0.3,,<0.36,,<0.66,
sgr476,-2.88,0.22,-0.37,0.19,0.31,0.11,0.48,0.1,-0.62,0.33,0.36,0.26,0.43,0.1,-0.0,0.12,0.2,0.1,-0.11,0.11,0.16,0.18,-0.43,0.13,-0.02,0.16,-0.03,0.09,0.23,0.2,0.53,0.15,-0.02,0.11,0.05,0.1,-0.71,0.12,<-0.08,,<-0.34,,<-0.17,
sgr69,-2.68,0.22,-0.69,0.17,-0.11,0.14,0.34,0.12,-1.09,0.14,0.37,0.07,0.32,0.09,0.11,0.11,0.26,0.13,-0.21,0.14,,,-0.49,0.16,0.58,0.42,0.02,0.06,0.47,0.21,-0.03,0.16,-0.38,0.2,<0.15,,-0.47,0.14,<0.27,,-0.13,0.14,<1.19,
srg482,-2.74,0.17,0.19,0.17,0.71,0.1,0.36,0.05,-0.32,0.2,0.47,0.07,0.33,0.06,-0.03,0.08,0.28,0.08,-0.22,0.07,0.14,0.1,-0.58,0.09,0.08,0.13,0.08,0.09,0.06,0.15,0.28,0.14,0.1,0.07,0.34,0.05,0.12,0.12,-0.16,0.09,<-0.02,,<-0.02,
sgr4,-3.1,0.19,-0.85,0.28,0.34,0.16,0.4,0.07,-0.91,0.08,0.52,0.1,0.39,0.08,0.04,0.07,0.31,0.08,-0.44,0.13,,,-0.4,0.09,0.0,0.14,0.12,0.06,0.38,0.17,-0.12,0.28,-0.29,0.09,0.15,0.07,-1.16,0.11,<0.06,,<0.24,,<0.41,
sgr38,-2.72,0.17,-0.12,0.15,0.17,0.12,0.44,0.12,-0.59,0.14,0.46,0.14,0.2,0.08,-0.43,0.08,0.03,0.09,-0.26,0.1,-0.18,0.08,-0.42,0.1,-0.07,0.1,0.24,0.12,0.44,0.14,0.62,0.17,-0.02,0.08,0.08,0.09,-0.96,0.11,<-0.05,,<-0.04,,<0.84,
srg484,-2.94,0.15,-0.41,0.2,0.87,0.13,0.35,0.06,-0.15,0.08,0.66,0.05,0.17,0.07,0.02,0.06,0.3,0.08,-0.4,0.08,,,-0.39,0.08,0.22,0.13,-0.04,0.07,0.37,0.1,-0.09,0.29,-0.32,0.09,0.14,0.07,-0.92,0.13,<0.2,,<-0.02,,<0.3,
sgr488,-3.02,0.2,-0.66,0.17,0.97,0.12,0.26,0.08,-0.08,0.16,0.49,0.05,0.33,0.1,0.22,0.08,0.4,0.09,-0.38,0.1,,,-0.39,0.15,-0.17,0.08,0.07,0.12,0.06,0.16,-0.22,0.29,-0.28,0.08,<0.19,,-0.88,0.12,<0.3,,<-0.1,,<0.49,
sgr492,-2.81,0.24,-0.65,0.28,-0.02,0.18,0.17,0.12,,,0.37,0.07,0.48,0.13,-0.04,0.23,0.01,0.21,-0.55,0.19,,,,,,,0.14,0.14,0.34,0.21,-0.75,0.36,<0.32,,<0.16,,-1.21,0.22,<0.21,,<-0.18,,<0.01,
srg495,-2.96,0.17,-0.51,0.2,0.21,0.13,0.48,0.07,-0.5,0.16,0.31,0.19,0.15,0.07,-0.08,0.08,0.23,0.08,-0.36,0.07,-0.1,0.05,-0.46,0.1,0.12,0.15,0.08,0.09,0.12,0.17,-0.08,0.19,-0.37,0.12,0.06,0.05,-0.71,0.09,<-0.17,,-0.12,0.11,0.16,0.1
srg496,-2.95,0.18,-0.46,0.17,0.87,0.11,0.4,0.08,0.0,0.17,0.52,0.1,0.3,0.1,0.13,0.08,0.39,0.09,-0.38,0.08,,,-0.5,0.12,0.21,0.1,0.07,0.05,0.19,0.14,0.22,0.26,-0.29,0.13,<0.3,,-1.03,0.08,<0.15,,<0.15,,<0.5,
sgr9,-1.85,0.2,-0.64,0.21,0.02,0.1,0.1,0.09,-0.67,0.39,0.34,0.12,0.37,0.07,-0.03,0.13,0.41,0.11,-0.17,0.08,0.05,0.12,-0.48,0.12,0.06,0.25,-0.2,0.1,0.06,0.23,0.03,0.15,-0.33,0.11,0.22,0.11,0.18,0.12,0.22,0.12,0.57,0.16,0.62,0.14
sgr504_2,-2.67,0.19,-0.45,0.16,0.06,0.15,0.2,0.06,-0.33,0.2,0.49,0.21,0.36,0.08,0.01,0.08,0.22,0.08,-0.29,0.1,0.13,0.1,-0.54,0.11,-0.14,0.11,0.02,0.08,0.05,0.17,0.17,0.16,-0.2,0.1,0.03,0.08,-0.53,0.08,<0.26,,-0.02,0.11,<0.13,
sgr505,-3.06,0.17,-0.61,0.22,0.24,0.12,0.41,0.1,-0.12,0.15,0.74,0.07,0.13,0.08,-0.0,0.08,0.29,0.1,-0.58,0.1,,,-0.43,0.13,-0.19,0.13,-0.05,0.09,0.37,0.13,-0.13,0.34,-0.58,0.09,0.13,0.07,-0.89,0.14,<0.44,,<0.07,,<0.36,
srg509,-3.18,0.16,-0.2,0.17,0.28,0.13,0.29,0.07,-0.69,0.1,0.5,0.18,0.37,0.08,0.1,0.05,0.28,0.08,-0.48,0.1,,,-0.18,0.08,0.27,0.12,0.03,0.12,0.41,0.12,0.05,0.32,0.03,0.07,0.52,0.04,-0.97,0.08,<0.27,,<0.33,,<0.61,
srg512,-3.03,0.16,-0.45,0.21,0.21,0.14,0.26,0.08,-0.38,0.12,0.63,0.19,0.22,0.07,0.05,0.07,0.41,0.09,-0.47,0.12,,,-0.77,0.1,0.02,0.12,-0.07,0.12,0.49,0.11,-0.13,0.32,-0.17,0.17,<0.51,,-0.98,0.09,<0.61,,<0.27,,<0.62,
