Name,RA_hms,DEC_dms,RA_deg,DEC_deg,Imag,Date,Obs,S/N
C0023306-163143,00:23:30.7200,-16:31:44.400,5.878,-16.529,11.2,20081015,LCO,160
C0315358-094743,03:15:35.7600,-09:47:45.600,48.899,-9.796,9.9,20081016,LCO,170
C0408404-462531,04:08:40.5600,-46:25:30.000,62.169,-46.425,11.9,20081016,LCO,190
C0549576-334007,05:49:57.5900,-33:40:08.400,87.49,-33.669,11.0,20081015,LCO,170
C1141088-453528,11:41:08.8800,-45:35:27.600,175.287,-45.591,10.3,20070506,LCO,100
C1620512-091257,16:20:51.1200,-09:12:57.600,245.213,-9.216,11.1,20080611,APO,100
C1947015-235335,19:47:01.6800,-23:53:34.800,296.757,-23.893,11.1,20081016,LCO,190
J001858.8-280036,00:18:58.8000,-28:00:36.000,4.745,-28.01,10.1,20080911,AAT,200
J003314.2-104342,00:33:14.4000,-10:43:44.400,8.31,-10.729,9.1,20080908,AAT,190
J004733.4-450942,00:47:33.3600,-45:09:43.200,11.889,-45.162,10.8,20081016,LCO,190
J010700.3-160223,01:07:00.2400,-16:02:24.000,16.751,-16.04,10.5,20070924,AAT,140
J010839.5-285701,01:08:39.5900,-28:56:60.000,17.165,-28.95,11.8,20081015,LCO,180
J012415.6-102832,01:24:15.5900,-10:28:33.600,21.065,-10.476,10.2,20080910,AAT,230
J013153.5-502702,01:31:53.5200,-50:27:03.600,22.973,-50.451,9.5,20080911,AAT,140
J013758.9-433020,01:37:59.0400,-43:30:21.600,24.496,-43.506,9.9,20080912,AAT,190
J014254.2-503248,01:42:54.2400,-50:32:49.200,25.726,-50.547,10.6,20081016,LCO,160
J014821.1-532145,01:48:21.1200,-53:21:46.800,27.088,-53.363,10.1,20081015,LCO,190
J014907.9-491142,01:49:07.9200,-49:11:42.000,27.283,-49.195,10.2,20081015,LCO,200
J015300.2-341736,01:53:00.2400,-34:17:34.800,28.251,-34.293,9.0,20080911,AAT,190
J015401.6-220240,01:54:01.6800,-22:02:38.400,28.507,-22.044,10.7,20081015,LCO,180
J015522.5-582242,01:55:22.5600,-58:22:44.400,28.844,-58.379,9.6,20080909,AAT,200
J020025.5-061101,02:00:25.6800,-06:11:02.400,30.107,-6.184,10.6,20081016,LCO,190
J020706.4-500916,02:07:06.4800,-50:09:18.000,31.777,-50.155,10.0,20081015,LCO,230
J021110.1-191124,02:11:10.0800,-19:11:24.000,32.792,-19.19,10.4,20081016,LCO,220
J021634.8-394034,02:16:34.8000,-39:40:33.600,34.145,-39.676,9.7,20080910,AAT,230
J021742.0-492344,02:17:42.0000,-49:23:45.600,34.425,-49.396,9.2,20080912,AAT,250
J022308.0-312953,02:23:07.9200,-31:29:52.800,35.783,-31.498,10.5,20081015,LCO,190
J022310.5-362823,02:23:10.5600,-36:28:22.800,35.794,-36.473,10.9,20081015,LCO,230
J022658.3-074959,02:26:58.3200,-07:49:58.800,36.743,-7.833,9.6,20081015,LCO,230
J023042.1-504643,02:30:42.2400,-50:46:44.400,37.676,-50.779,9.9,20080908,AAT,230
J023557.6-174856,02:35:57.5900,-17:48:57.600,38.99,-17.816,10.7,20081016,LCO,230
J025500.9-232029,02:55:00.9600,-23:20:27.600,43.754,-23.341,9.1,20080908,AAT,190
J031005.5-401003,03:10:05.5200,-40:10:04.800,47.523,-40.168,9.8,20090212,ESO,171
J031459.1-371513,03:14:59.2800,-37:15:14.400,48.747,-37.254,9.4,20080908,AAT,230
J031459.2-481045,03:14:59.2800,-48:10:44.400,48.747,-48.179,11.7,20090213,ESO,100
J031540.6-190322,03:15:40.5600,-19:03:21.600,48.919,-19.056,9.0,20080911,AAT,200
J032559.4-372358,03:25:59.5200,-37:23:60.000,51.498,-37.4,10.0,20081016,LCO,250
J033655.9-292252,03:36:55.9200,-29:22:51.600,54.233,-29.381,10.0,20080910,AAT,250
J034220.6-270736,03:42:20.6400,-27:07:37.200,55.586,-27.127,10.2,20081016,LCO,230
J034516.4-075922,03:45:16.5600,-07:59:24.000,56.319,-7.99,10.4,20071219,APO,150
J040148.9-375753,04:01:48.9600,-37:57:54.000,60.454,-37.965,10.7,20081015,LCO,200
J040647.0-214611,04:06:47.0400,-21:46:12.000,61.696,-21.77,10.1,20090212,ESO,190
J042314.5+013048,04:23:14.6400,+01:30:46.800,65.811,1.513,10.4,20081016,LCO,260
J042445.6-150150,04:24:45.5900,-15:01:51.600,66.19,-15.031,9.4,2009combo,APO,230
J042917.8-342050,04:29:17.7600,-34:20:49.200,67.324,-34.347,10.5,20090213,ESO,170
J044106.6-350735,04:41:06.7200,-35:07:37.200,70.278,-35.127,10.0,20081016,LCO,260
J050332.7-625716,05:03:32.8800,-62:57:18.000,75.887,-62.955,10.2,20090212,ESO,120
J050453.7-135037,05:04:53.7600,-13:50:38.400,76.224,-13.844,10.6,20090217,ESO,120
J050620.1-134421,05:06:20.1600,-13:44:20.400,76.584,-13.739,10.6,20081015,LCO,250
J051111.7-363540,05:11:11.7600,-36:35:42.000,77.799,-36.595,9.5,20081016,LCO,250
J051200.1-113048,05:12:00.2400,-11:30:46.800,78.001,-11.513,10.8,20081016,LCO,180
J052150.1-153705,05:21:50.1600,-15:37:04.800,80.459,-15.618,11.0,20081016,LCO,200
J053148.3-365951,05:31:48.2400,-36:59:52.800,82.951,-36.998,9.8,20090214,ESO,110
J053709.3-303731,05:37:09.3600,-30:37:30.000,84.289,-30.625,10.6,20090216,ESO,130
J055142.1-332734,05:51:42.2400,-33:27:32.400,87.926,-33.459,10.8,20081016,LCO,220
J055215.7-395318,05:52:15.8400,-39:53:16.800,88.066,-39.888,10.5,20081016,LCO,200
J055848.6-542624,05:58:48.7200,-54:26:24.000,89.703,-54.44,10.2,20081015,LCO,200
J061950.0-531211,06:19:49.9200,-53:12:10.800,94.958,-53.203,10.5,20081016,LCO,260
J063201.2-202654,06:32:01.2000,-20:26:52.800,98.005,-20.448,9.2,20081015,LCO,250
J063347.2-491234,06:33:47.2800,-49:12:36.000,98.447,-49.21,10.0,20090218,APO,160
J063411.2-641831,06:34:11.2800,-64:18:32.400,98.547,-64.309,9.8,20090214,ESO,140
J064013.1-354044,06:40:13.2000,-35:40:44.400,100.055,-35.679,11.2,20090216,ESO,130
J064211.9-650134,06:42:12.0000,-65:01:33.600,100.55,-65.026,9.7,20090215,ESO,160
J070028.0-270512,07:00:28.0800,-27:05:13.200,105.117,-27.087,9.5,20090212,ESO,160
J070333.5-291748,07:03:33.5900,-29:17:49.200,105.89,-29.297,9.8,20090214,ESO,140
J070648.0-324056,07:06:48.0000,-32:40:55.200,106.7,-32.682,10.7,20080317,APO,120
J073554.7-351938,07:35:54.7200,-35:19:37.200,113.978,-35.327,9.2,20090215,ESO,110
J081343.6-233252,08:13:43.6800,-23:32:52.800,123.432,-23.548,10.1,20090214,ESO,130
J082838.7-482652,08:28:38.8800,-48:26:52.800,127.162,-48.448,10.5,20090214,ESO,150
J085934.2-053404,08:59:34.3200,-05:34:04.800,134.893,-5.568,9.4,20080324,APO,180
J090722.4-283415,09:07:22.3200,-28:34:15.600,136.843,-28.571,10.9,20090215,ESO,130
J090922.5-272207,09:09:22.5600,-27:22:08.400,137.344,-27.369,10.8,20090216,ESO,130
J093101.0-030405,09:31:00.9600,-03:04:04.800,142.754,-3.068,9.9,20080317,APO,170
J093101.0-030405,09:31:00.9600,-03:04:04.800,142.754,-3.068,9.9,combo,APO,180
J093121.3-332635,09:31:21.3600,-33:26:34.800,142.839,-33.443,10.2,20090215,ESO,180
J093619.9-205314,09:36:19.9200,-20:53:13.200,144.083,-20.887,9.2,20090212,ESO,200
J100310.2-203704,10:03:10.3200,-20:37:04.800,150.793,-20.618,10.1,20090217,ESO,130
J100334.4-170612,10:03:34.3200,-17:06:10.800,150.893,-17.103,10.3,20080324,APO,160
J100603.1-114029,10:06:03.1200,-11:40:30.000,151.513,-11.675,9.2,20071219,APO,180
J101915.7-192446,10:19:15.8400,-19:24:46.800,154.816,-19.413,10.2,20090216,ESO,130
J102436.9-063029,10:24:36.9600,-06:30:28.800,156.154,-6.508,10.5,20090214,ESO,100
J102818.1-280723,10:28:18.0000,-28:07:22.800,157.075,-28.123,10.0,20090215,ESO,150
J103742.2-104232,10:37:42.2400,-10:42:32.400,159.426,-10.709,9.4,20090213,ESO,160
J103748.8-350618,10:37:48.9600,-35:06:18.000,159.454,-35.105,10.5,20090212,ESO,140
J104034.8-112021,10:40:34.8000,-11:20:20.400,160.145,-11.339,10.2,20080324,APO,130
J104610.9-023806,10:46:11.0400,-02:38:06.000,161.546,-2.635,9.4,20090213,ESO,110
J104943.6-092646,10:49:43.6800,-09:26:45.600,162.432,-9.446,9.3,20071219,APO,160
J105252.9-262048,10:52:53.0400,-26:20:49.200,163.221,-26.347,9.2,20090218,ESO,200
J105642.1-273735,10:56:42.2400,-27:37:33.600,164.176,-27.626,11.1,20080317,APO,200
J105811.4-263418,10:58:11.5200,-26:34:19.200,164.548,-26.572,9.2,20090217,ESO,150
J110248.5-030125,11:02:48.4800,-03:01:26.400,165.702,-3.024,10.8,20070506,LCO,130
J110416.2-124129,11:04:16.0800,-12:41:31.200,166.067,-12.692,9.4,20090216,ESO,160
J110708.8-265825,11:07:08.8800,-26:58:26.400,166.787,-26.974,10.9,20090214,ESO,110
J110746.5-033433,11:07:46.5600,-03:34:33.600,166.944,-3.576,10.5,20070506,LCO,200
J111447.8-405219,11:14:47.7600,-40:52:19.200,168.699,-40.872,10.8,20090212,ESO,150
J112344.9-290327,11:23:44.8800,-29:03:28.800,170.937,-29.058,10.1,20090215,ESO,150
J112651.4-180530,11:26:51.3600,-18:05:31.200,171.714,-18.092,10.2,20080324,APO,120
J113110.2-154315,11:31:10.3200,-15:43:15.600,172.793,-15.721,10.6,20080324,APO,150
J113635.0-083517,11:36:35.0400,-08:35:16.800,174.146,-8.588,9.4,20080324,APO,220
J114029.4-222107,11:40:29.5200,-22:21:07.200,175.123,-22.352,10.7,20070506,LCO,110
J114200.1-161729,11:42:00.2400,-16:17:31.200,175.501,-16.292,10.9,20080317,APO,160
J115337.3-020036,11:53:37.2000,-02:00:36.000,178.405,-2.01,9.2,20090217,ESO,200
J115408.3-125455,11:54:08.4000,-12:54:57.600,178.535,-12.916,10.2,20090213,ESO,130
J115824.2-130520,11:58:24.2400,-13:05:20.400,179.601,-13.089,10.8,20080317,APO,170
J120213.1-111220,12:02:13.2000,-11:12:21.600,180.555,-11.206,10.9,20070506,LCO,150
J120244.8-171201,12:02:44.8800,-17:11:60.000,180.687,-17.2,10.2,20090217,ESO,170
J120324.9-353405,12:03:24.9600,-35:34:04.800,180.854,-35.568,9.7,20090214,ESO,170
J120920.8-203636,12:09:20.8800,-20:36:36.000,182.337,-20.61,9.8,20090215,ESO,120
J121231.9-334428,12:12:31.9200,-33:44:27.600,183.133,-33.741,9.7,20090214,ESO,120
J122239.1-422157,12:22:39.1200,-42:21:57.600,185.663,-42.366,9.8,20090213,ESO,150
J123050.9-451108,12:30:50.8800,-45:11:09.600,187.712,-45.186,9.1,20090218,ESO,140
J123824.6-292725,12:38:24.7200,-29:27:25.200,189.603,-29.457,10.2,20070506,LCO,110
J123859.7-025609,12:38:59.7600,-02:56:09.600,189.749,-2.936,10.1,20070506,LCO,100
J124244.9-131503,12:42:44.8800,-13:15:03.600,190.687,-13.251,9.6,20090213,ESO,120
J124307.9-140657,12:43:07.9200,-14:06:57.600,190.783,-14.116,9.9,20090216,ESO,160
J125431.7-425303,12:54:31.6800,-42:53:02.400,193.632,-42.884,10.4,20070624,AAT,150
J125815.0-402633,12:58:14.8800,-40:26:31.200,194.562,-40.442,10.3,20070506,LCO,180
J130043.2-091049,13:00:43.2000,-09:10:48.000,195.18,-9.18,10.5,20080317,APO,150
J131013.0-334236,13:10:12.9600,-33:42:36.000,197.554,-33.71,9.7,20090214,ESO,130
J131951.5-144755,13:19:51.5900,-14:47:56.400,199.965,-14.799,10.0,20070506,LCO,140
J132157.2-241639,13:21:57.1200,-24:16:40.800,200.488,-24.278,9.8,20090217,ESO,170
J132302.8-174949,13:23:02.8800,-17:49:48.000,200.762,-17.83,10.8,20070506,LCO,130
J132414.3-180620,13:24:14.4000,-18:06:21.600,201.06,-18.106,10.5,20080611,APO,190
J132604.5-152502,13:26:04.5600,-15:25:01.200,201.519,-15.417,10.3,20070622,AAT,190
J132635.5-280343,13:26:35.5200,-28:03:43.200,201.648,-28.062,9.2,20090214,ESO,120
J133403.6-122545,13:34:03.5900,-12:25:44.400,203.515,-12.429,10.1,20080327,APO,180
J134340.7-112620,13:43:40.5600,-11:26:20.400,205.919,-11.439,9.2,20090215,ESO,150
J135125.0-470627,13:51:24.9600,-47:06:28.800,207.854,-47.108,9.1,20090215,ESO,150
J140206.8-135654,14:02:06.9600,-13:56:52.800,210.529,-13.948,10.5,20070506,LCO,150
J140722.5-295446,14:07:22.5600,-29:54:46.800,211.844,-29.913,9.7,20090215,ESO,130
J140741.7-175143,14:07:41.7600,-17:51:43.200,211.924,-17.862,10.1,20090218,ESO,160
J140908.9-281336,14:09:08.8800,-28:13:37.200,212.287,-28.227,10.8,20070506,LCO,140
J141231.4-050201,14:12:31.4400,-05:02:02.400,213.131,-5.034,10.6,20070623,AAT,120
J141810.5-333452,14:18:10.5600,-33:34:51.600,214.544,-33.581,10.1,20070624,AAT,140
J141832.4-081824,14:18:32.4000,-08:18:25.200,214.635,-8.307,9.8,20090217,ESO,150
J142522.3-114202,14:25:22.3200,-11:42:03.600,216.343,-11.701,10.0,20070506,LCO,150
J142546.2-154629,14:25:46.3200,-15:46:30.000,216.443,-15.775,9.8,20090212,ESO,130
J142839.0-204459,14:28:39.1200,-20:45:00.000,217.163,-20.75,9.7,20090213,ESO,170
J142911.4-053131,14:29:11.5200,-05:31:30.000,217.298,-5.525,10.7,20070506,LCO,170
J144548.8-165433,14:45:48.7200,-16:54:32.400,221.453,-16.909,10.9,20080317,APO,100
J144603.1-011132,14:46:03.1200,-01:11:31.200,221.513,-1.192,10.0,20090212,ESO,160
J144614.2-123902,14:46:14.1600,-12:39:03.600,221.559,-12.651,10.5,20070506,LCO,130
J144747.0-143827,14:47:47.0400,-14:38:27.600,221.946,-14.641,11.1,20090216,ESO,130
J145446.0-251541,14:54:46.0800,-25:15:43.200,223.692,-25.262,10.2,20080317,APO,110
J145446.0-251541,14:54:46.0800,-25:15:43.200,223.692,-25.262,10.2,20070622,APO,130
J150031.0-122656,15:00:30.9600,-12:26:56.400,225.129,-12.449,9.7,20080228,APO,170
J150212.0-093319,15:02:12.0000,-09:33:18.000,225.55,-9.555,10.6,20070623,AAT,160
J150223.7-194824,15:02:23.7600,-19:48:25.200,225.599,-19.807,10.0,20090218,ESO,140
J150436.8-123108,15:04:36.7200,-12:31:08.400,226.153,-12.519,9.3,20090213,ESO,130
J150505.2-035039,15:05:05.2800,-03:50:38.400,226.272,-3.844,9.1,20080611,APO,120
J150628.6-142803,15:06:28.8000,-14:28:04.800,226.62,-14.468,10.5,20070505,LCO,130
J150740.0-212242,15:07:40.0800,-21:22:44.400,226.917,-21.379,9.3,20080327,APO,130
J150824.0-125620,15:08:24.0000,-12:56:20.400,227.1,-12.939,10.4,20070506,LCO,160
J151446.1-062842,15:14:46.0800,-06:28:44.400,228.692,-6.479,9.6,20090217,ESO,180
J152033.7-094304,15:20:33.5900,-09:43:04.800,230.14,-9.718,9.2,20080419,APO,170
J152141.1-155317,15:21:41.0400,-15:53:16.800,230.421,-15.888,10.3,20070506,LCO,130
J152423.2-092207,15:24:23.2800,-09:22:08.400,231.097,-9.369,10.4,20070506,LCO,100
J155803.8-061632,15:58:03.8400,-06:16:33.600,239.516,-6.276,10.2,20070506,LCO,160
J160433.6-123549,16:04:33.5900,-12:35:49.200,241.14,-12.597,10.4,20070623,AAT,150
J161527.2-141858,16:15:27.1200,-14:18:57.600,243.863,-14.316,10.4,20070506,LCO,100
J161637.1-143139,16:16:37.2000,-14:31:40.800,244.155,-14.528,10.7,20070506,LCO,120
J162128.4-114017,16:21:28.5600,-11:40:15.600,245.369,-11.671,10.4,20070622,AAT,120
J162230.6-062843,16:22:30.7200,-06:28:44.400,245.628,-6.479,10.7,20070506,LCO,100
J162849.6-033521,16:28:49.6800,-03:35:20.400,247.207,-3.589,10.2,20080419,APO,180
J165253.6-011557,16:52:53.7600,-01:15:57.600,253.224,-1.266,10.6,20080327,APO,120
J174311.3-804846,17:43:11.5200,-80:48:46.800,265.798,-80.813,9.0,20070921,AAT,110
J180811.5-802007,18:08:11.5200,-80:20:09.600,272.048,-80.336,10.1,2007combo,APO,150
J185443.3-822504,18:54:43.2000,-82:25:04.800,283.68,-82.418,10.2,20070920,AAT,120
J185501.5-675744,18:55:01.4400,-67:57:46.800,283.756,-67.963,9.1,20080909,AAT,180
J190708.1-635829,19:07:08.1600,-63:58:30.000,286.784,-63.975,10.4,20070506,LCO,150
J191144.7-600208,19:11:44.6400,-60:02:09.600,287.936,-60.036,10.3,20080909,AAT,160
J191258.2-790347,19:12:58.3200,-79:03:46.800,288.243,-79.063,9.0,20080908,AAT,130
J191618.2-554445,19:16:18.2400,-55:44:45.600,289.076,-55.746,10.2,20080908,AAT,150
J192145.9-712436,19:21:45.8400,-71:24:36.000,290.441,-71.41,10.5,20070623,AAT,130
J192334.3-834540,19:23:34.3200,-83:45:39.600,290.893,-83.761,9.4,20080912,AAT,170
J192406.6-693706,19:24:06.7200,-69:37:04.800,291.028,-69.618,10.5,20070506,LCO,100
J192916.9-511613,19:29:17.0400,-51:16:12.000,292.321,-51.27,9.4,20080910,AAT,160
J193338.2-595902,19:33:38.1600,-59:59:02.400,293.409,-59.984,10.4,20070505,LCO,110
J193357.0-582141,19:33:57.1200,-58:21:43.200,293.488,-58.362,9.5,20080910,AAT,150
J193443.1-462130,19:34:43.2000,-46:21:28.800,293.68,-46.358,9.2,20080913,AAT,120
J194550.6-392630,19:45:50.6400,-39:26:31.200,296.461,-39.442,11.7,20081016,LCO,180
J194552.6-504608,19:45:52.8000,-50:46:08.400,296.47,-50.769,10.4,20081016,LCO,160
J194811.5-483511,19:48:11.5200,-48:35:13.200,297.048,-48.587,9.3,20070920,AAT,190
J194850.3-344917,19:48:50.4000,-34:49:19.200,297.21,-34.822,10.4,20070506,LCO,100
J194952.7-641309,19:49:52.8000,-64:13:12.000,297.47,-64.22,11.1,20081015,LCO,190
J195221.4-695417,19:52:21.3600,-69:54:18.000,298.089,-69.905,10.6,20070623,AAT,130
J195244.9-600813,19:52:44.8800,-60:08:13.200,298.187,-60.137,10.1,20081016,LCO,160
J195313.7-531456,19:53:13.6800,-53:14:56.400,298.307,-53.249,11.0,20070506,LCO,130
J195716.7-335026,19:57:16.8000,-33:50:27.600,299.32,-33.841,10.5,20081016,LCO,160
J200150.5-310651,20:01:50.6400,-31:06:50.400,300.461,-31.114,10.7,20081015,LCO,140
J200420.2-270110,20:04:20.4000,-27:01:12.000,301.085,-27.02,10.1,20070506,LCO,120
J200728.5-495434,20:07:28.5600,-49:54:32.400,301.869,-49.909,10.1,20070506,LCO,100
J201031.9-355854,20:10:31.9200,-35:58:55.200,302.633,-35.982,10.5,20081015,LCO,150
J201721.9-380126,20:17:21.8400,-38:01:26.400,304.341,-38.024,10.1,20070506,LCO,120
J201925.1-282207,20:19:25.2000,-28:22:08.400,304.855,-28.369,10.5,20081015,LCO,180
J202319.0-661217,20:23:18.9600,-66:12:18.000,305.829,-66.205,11.2,20081015,LCO,140
J202400.5-182024,20:24:00.4800,-18:20:24.000,306.002,-18.34,9.4,20080910,AAT,170
J203717.9-353513,20:37:18.0000,-35:35:13.200,309.325,-35.587,9.3,20081016,LCO,180
J204406.2-300007,20:44:06.2400,-30:00:07.200,311.026,-30.002,9.5,20080908,AAT,200
J204547.1-621403,20:45:47.0400,-62:14:02.400,311.446,-62.234,10.6,20081016,LCO,190
J204923.3-362238,20:49:23.5200,-36:22:37.200,312.348,-36.377,9.6,20081015,LCO,200
J205058.6-315839,20:50:58.5600,-31:58:40.800,312.744,-31.978,9.9,20081016,LCO,190
J205155.4-325126,20:51:55.4400,-32:51:25.200,312.981,-32.857,10.6,20070623,AAT,160
J205319.4-244456,20:53:19.4400,-24:44:56.400,313.331,-24.749,10.7,20070506,LCO,100
J205440.3-053500,20:54:40.3200,-05:35:02.400,313.668,-5.584,10.2,20081015,LCO,200
J205515.5-403414,20:55:15.5900,-40:34:15.600,313.815,-40.571,9.0,20080908,AAT,250
J210038.2-053916,21:00:38.1600,-05:39:18.000,315.159,-5.655,9.9,20081015,LCO,210
J210634.7-495749,21:06:34.8000,-49:57:50.400,316.645,-49.964,9.2,20080908,AAT,160
J211103.7-071250,21:11:03.8400,-07:12:50.400,317.766,-7.214,10.7,20081016,LCO,160
J212558.5-265657,21:25:58.5600,-26:56:56.400,321.494,-26.949,10.0,20081016,LCO,200
J213539.2-152631,21:35:39.3600,-15:26:31.200,323.914,-15.442,10.1,20081016,LCO,160
J213932.9-071932,21:39:32.8800,-07:19:33.600,324.887,-7.326,9.6,20080910,AAT,160
J214348.9-162137,21:43:48.9600,-16:21:39.600,325.954,-16.361,10.2,20081016,LCO,200
J214939.2-424202,21:49:39.3600,-42:42:03.600,327.414,-42.701,9.5,20081016,LCO,210
J215707.2-353949,21:57:07.2000,-35:39:50.400,329.28,-35.664,10.3,20080909,AAT,200
J220103.9-033641,22:01:03.8400,-03:36:39.600,330.266,-3.611,10.6,20081016,LCO,190
J220119.1-542301,22:01:19.2000,-54:23:02.400,330.33,-54.384,10.3,20070924,AAT,150
J220149.1-320337,22:01:49.2000,-32:03:39.600,330.455,-32.061,9.4,20080912,AAT,200
J220157.5-444950,22:01:57.5900,-44:49:51.600,330.49,-44.831,9.9,20081016,LCO,250
J220211.8-441701,22:02:11.7600,-44:17:02.400,330.549,-44.284,11.3,20081016,LCO,190
J220403.6-402918,22:04:03.5900,-40:29:20.400,331.015,-40.489,10.3,20081015,LCO,220
J222235.9-013827,22:22:36.0000,-01:38:27.600,335.65,-1.641,10.8,20081015,LCO,180
J223203.2-213556,22:32:03.3600,-21:35:56.400,338.014,-21.599,9.0,20080912,AAT,230
J224923.5-213029,22:49:23.5200,-21:30:28.800,342.348,-21.508,11.2,20081015,LCO,160
J225822.1-530715,22:58:22.3200,-53:07:15.600,344.593,-53.121,9.4,20080911,AAT,200
J225939.5-130249,22:59:39.5900,-13:02:49.200,344.915,-13.047,9.2,20080909,AAT,180
J230028.8-284922,23:00:28.8000,-28:49:22.800,345.12,-28.823,10.8,20081016,LCO,250
J230222.8-683323,23:02:22.8000,-68:33:21.600,345.595,-68.556,10.7,20081016,LCO,150
J230955.6-142048,23:09:55.6800,-14:20:49.200,347.482,-14.347,10.6,20081016,LCO,200
J231348.3-172808,23:13:48.4800,-17:28:08.400,348.452,-17.469,9.6,20080910,AAT,180
J232143.5-492914,23:21:43.6800,-49:29:16.800,350.432,-49.488,9.4,20080912,AAT,200
J234945.3-431707,23:49:45.3600,-43:17:06.000,357.439,-43.285,9.3,20080908,AAT,200
J235210.2-534929,23:52:10.3200,-53:49:30.000,358.043,-53.825,10.3,20081015,LCO,250
J235221.1-270333,23:52:21.1200,-27:03:32.400,358.088,-27.059,9.2,20080911,AAT,160
T4683_01164_1,01:02:06.2400,-06:24:36.000,15.526,-6.41,9.7,20071219,APO,150
T4687_02037_1,01:39:12.4800,-06:11:02.400,24.802,-6.184,9.9,20071219,APO,140
T4701_00802_1,02:39:02.8800,-04:29:16.800,39.762,-4.488,9.3,20061202,APO,120
T4944_01332_1,12:25:04.3200,-04:02:34.800,186.268,-4.043,9.2,20080324,APO,160
T4954_00606_1,12:36:12.9600,-06:24:50.400,189.054,-6.414,9.5,20080228,APO,150
T4956_00959_1,12:59:06.2400,-07:19:22.800,194.776,-7.323,9.1,20080327,APO,150
T4968_00858_1,13:55:24.2400,-02:07:19.200,208.851,-2.122,10.5,20080327,APO,160
T4995_00333_1,14:52:38.6400,-03:54:14.400,223.161,-3.904,9.9,20070506,LCO,130
T5008_00508_1,15:05:05.2800,-03:50:38.400,226.272,-3.844,9.3,20070506,LCO,120
T5008_00508_1,15:05:05.2800,-03:50:38.400,226.272,-3.844,9.3,20070612,LCO,200
T5271_00001_1,00:37:43.2000,-12:04:40.800,9.43,-12.078,10.7,20070923,AAT,100
T5277_01245_1,01:43:29.5200,-08:24:36.000,25.873,-8.41,9.8,20070923,AAT,100
T5295_00511_1,03:17:29.2800,-07:38:06.000,49.372,-7.635,9.2,20071219,APO,130
T5310_00259_1,03:44:53.0400,-13:56:09.600,56.221,-13.936,9.7,20061202,APO,110
T5311_00017_1,03:55:10.8000,-13:32:42.000,58.795,-13.545,10.1,20061103,APO,100
T5481_00786_1,10:08:00.7200,-10:08:52.800,152.003,-10.148,9.8,20071219,APO,100
T5492_00011_1,10:34:08.6400,-09:24:21.600,158.536,-9.406,9.5,20070224,APO,100
T5495_00660_1,10:36:10.8000,-10:27:46.800,159.045,-10.463,9.7,20070421,APO,130
T5495_00660_1,10:36:10.8000,-10:27:46.800,159.045,-10.463,9.7,20070224,APO,120
T5496_00376_1,10:20:06.0000,-13:05:42.000,155.025,-13.095,9.1,20070421,APO,130
T5499_00076_1,10:52:58.5600,-07:48:39.600,163.244,-7.811,10.5,20060412,APO,100
T5507_01406_1,11:06:36.2400,-13:58:37.200,166.651,-13.977,10.1,20060412,APO,100
T5551_00318_1,13:35:48.7200,-14:53:24.000,203.953,-14.89,9.2,20080228,APO,160
T5552_00154_1,13:42:12.7200,-14:17:34.800,205.553,-14.293,9.1,20070622,AAT,160
T5762_00685_1,20:27:46.8000,-12:55:48.000,306.945,-12.93,10.0,20070506,LCO,100
T5762_00685_1,20:27:46.8000,-12:55:48.000,306.945,-12.93,10.0,combo,LCO,150
T5789_00559_1,21:54:12.7200,-08:12:07.200,328.553,-8.202,9.2,20070505,LCO,100
T5789_00559_1,21:54:12.7200,-08:12:07.200,328.553,-8.202,9.2,20061202,LCO,120
T5843_00314_1,00:23:38.4000,-17:39:10.800,5.91,-17.653,9.9,20071219,APO,130
T5866_00288_1,02:47:50.6400,-18:16:37.200,41.961,-18.277,9.3,20061202,APO,100
T5875_00738_1,03:15:40.5600,-19:03:21.600,48.919,-19.056,9.2,combo,APO,200
T5911_00452_1,04:53:22.5600,-22:10:40.800,73.344,-22.178,10.3,20071219,APO,130
T6090_00859_1,11:15:22.3200,-22:24:03.600,168.843,-22.401,9.3,20070421,APO,100
T6092_00035_1,11:38:32.4000,-20:08:49.200,174.635,-20.147,10.3,20070505,LCO,120
T6092_00035_1,11:38:32.4000,-20:08:49.200,174.635,-20.147,10.3,20070417,LCO,130
T6105_00098_1,12:25:28.0800,-18:55:51.600,186.367,-18.931,9.4,20070505,LCO,100
T6117_01347_1,12:50:49.9200,-21:12:46.800,192.708,-21.213,9.9,20070505,LCO,130
T6122_00253_1,13:36:09.8400,-15:36:39.600,204.041,-15.611,9.9,20080228,APO,130
T6141_00148_1,14:04:41.2800,-18:06:54.000,211.172,-18.115,9.7,20070421,APO,150
T6170_00280_1,15:15:52.8000,-15:40:22.800,228.97,-15.673,9.8,20080228,APO,160
T6333_00173_1,20:25:37.2000,-17:43:58.800,306.405,-17.733,9.7,20070506,LCO,130
T6333_01571_1,20:31:05.5200,-18:17:20.400,307.773,-18.289,9.4,20070505,LCO,150
T6338_00797_1,20:36:06.4800,-18:57:10.800,309.027,-18.953,10.2,20070505,LCO,150
T6340_00478_1,20:20:01.9200,-22:07:30.000,305.008,-22.125,9.7,20070506,LCO,200
T6412_00004_1,00:10:20.6400,-22:46:08.400,2.586,-22.769,9.3,20061202,APO,160
T6444_00154_1,03:05:24.2400,-28:57:39.600,46.351,-28.961,9.2,20080912,AAT,170
T6501_01104_1,05:42:59.2800,-29:56:09.600,85.747,-29.936,10.1,20081015,LCO,280
T6640_00549_1,11:04:46.8000,-24:34:22.800,166.195,-24.573,9.6,20071219,APO,150
T6642_00874_1,10:47:00.9600,-27:06:39.600,161.754,-27.111,10.3,20070505,LCO,130
T6695_00459_1,12:33:59.7600,-29:44:06.000,188.499,-29.735,10.4,20070505,LCO,110
T6703_00690_1,13:14:34.0800,-26:06:57.600,198.642,-26.116,9.4,20070417,APO,190
T6709_00331_1,12:54:11.0400,-28:49:48.000,193.546,-28.83,9.7,20070505,LCO,100
T6709_00331_1,12:54:11.0400,-28:49:48.000,193.546,-28.83,9.7,20070417,LCO,150
T6718_00241_1,13:37:25.2000,-25:12:50.400,204.355,-25.214,10.5,20070506,LCO,130
T6757_00705_1,14:37:03.1200,-29:09:07.200,219.263,-29.152,10.6,20070505,LCO,120
T6904_00180_1,20:04:49.4400,-28:16:26.400,301.206,-28.274,9.1,20070506,LCO,200
T6904_00180_1,20:04:49.4400,-28:16:26.400,301.206,-28.274,9.1,20060715,LCO,150
T6909_00633_1,20:08:25.9200,-25:30:18.000,302.108,-25.505,9.6,20080912,AAT,180
T6909_01741_1,20:13:15.8400,-24:58:22.800,303.316,-24.973,9.2,20070506,LCO,100
T6913_00155_1,20:08:00.7200,-27:59:27.600,302.003,-27.991,9.6,20070505,LCO,120
T6953_00510_1,21:51:52.5600,-22:56:06.000,327.969,-22.935,9.9,20081016,LCO,140
T6975_00058_1,23:10:52.8000,-26:41:56.400,347.72,-26.699,10.1,20061202,APO,130
T6975_00904_1,23:05:50.6400,-25:57:21.600,346.461,-25.956,10.3,20081015,LCO,140
T7217_00088_1,11:42:09.8400,-31:25:48.000,175.541,-31.43,9.4,20090216,ESO,130
T7222_00638_1,11:58:06.9600,-32:07:19.200,179.529,-32.122,10.9,20090213,ESO,130
T7228_01050_1,11:37:57.8400,-35:39:43.200,174.491,-35.662,9.9,20070506,LCO,120
T7232_00209_1,12:10:59.2800,-31:08:06.000,182.747,-31.135,9.5,20070624,AAT,100
T7242_00198_1,12:28:45.8400,-33:56:52.800,187.191,-33.948,9.4,20070505,LCO,140
T7299_00506_1,14:25:34.0800,-33:01:08.400,216.392,-33.019,9.7,20070505,LCO,150
T7464_00857_1,20:40:31.4400,-34:54:28.800,310.131,-34.908,9.4,20070505,LCO,100
T7538_00271_1,00:46:23.5200,-44:46:51.600,11.598,-44.781,9.8,20080910,AAT,200
T7578_00560_1,04:22:57.8400,-38:21:28.800,65.741,-38.358,10.1,20090217,ESO,130
T7729_00280_1,11:05:38.6400,-39:28:58.800,166.411,-39.483,10.6,20090218,ESO,160
T7922_00252_1,19:19:32.1600,-39:50:52.800,289.884,-39.848,9.3,20070506,LCO,130
T8055_00583_1,02:22:46.3200,-51:50:34.800,35.693,-51.843,9.4,20070924,AAT,130
T8117_00251_1,06:51:52.5600,-46:48:25.200,102.969,-46.807,9.8,20080317,APO,140
T8251_00250_1,13:17:26.8800,-47:45:43.200,199.362,-47.762,9.4,20070624,AAT,120
T8409_01371_1,20:16:03.5900,-47:42:07.200,304.015,-47.702,9.0,20070505,LCO,100
T8413_00131_1,20:19:29.5200,-48:46:15.600,304.873,-48.771,9.6,20070506,LCO,100
T8428_00929_1,21:35:57.3600,-48:29:49.200,323.989,-48.497,9.9,20080911,AAT,190
T8446_00381_1,22:42:11.2800,-45:45:10.800,340.547,-45.753,10.1,20070924,AAT,130
T8454_00937_1,23:08:58.8000,-50:15:00.000,347.245,-50.25,9.7,20070623,AAT,160
T8488_00009_1,01:58:04.5600,-58:48:50.400,29.519,-58.814,9.1,20070924,AAT,130
T8519_00103_1,05:40:51.8400,-52:44:27.600,85.216,-52.741,10.7,20090214,ESO,110
T8789_00425_1,20:23:19.9200,-58:51:57.600,305.833,-58.866,9.5,20070505,LCO,120
T8824_00811_1,22:58:38.6400,-53:07:58.800,344.661,-53.133,10.4,20080910,AAT,170
T8847_00274_1,00:23:53.5200,-66:49:22.800,5.973,-66.823,10.0,20070921,AAT,130
T8865_00425_1,02:47:06.2400,-66:31:58.800,41.776,-66.533,9.3,20070924,AAT,100
T8870_00259_1,03:48:31.4400,-62:45:39.600,57.131,-62.761,10.7,20081015,LCO,170
T9159_01533_1,03:55:13.2000,-73:44:16.800,58.805,-73.738,9.1,20080911,AAT,130
T9161_00706_1,05:07:09.5900,-67:55:04.800,76.79,-67.918,9.8,20070924,AAT,100
T9169_01585_1,05:05:40.0800,-71:36:07.200,76.417,-71.602,9.8,20090215,ESO,100
T9378_00079_1,05:38:17.0400,-75:16:19.200,84.571,-75.272,10.5,20081015,LCO,220
T9392_00902_1,06:57:40.3200,-81:33:14.400,104.418,-81.554,9.3,20090218,ESO,130