ID,f_ID,RAh,RAm,RAs,DE-,DEd,DEm,DEs,gmag,g-i,Obs.Y,Obs.M,Obs.D,Texp,Slit,RVel,S/N45,S/N60
SMSS~J000113.96-363337.9,,0,1,13.96,-,36,33,37.9,14.375,1.014,2013,Jan,8,1200,0.7,243.3,49,51
SMSS~J001039.86-525851.4,,0,10,39.86,-,52,58,51.4,14.628,1.137,2013,Jan,8,1500,0.7,110.0,32,64
SMSS~J001952.15-525803.0,,0,19,52.15,-,52,58,3.0,15.378,1.176,2013,Jan,7,2720,0.7,154.8,28,52
SMSS~J002148.06-471132.1,,0,21,48.06,-,47,11,32.1,15.072,0.932,2013,Jan,7,1200,0.7,204.5,20,33
SMSS~J003055.81-482011.3,,0,30,55.81,-,48,20,11.3,13.98,1.119,2013,Jan,8,900,0.7,109.3,38,63
SMSS~J003327.36-491037.9,,0,33,27.36,-,49,10,37.9,15.656,0.974,2013,Jan,7,2400,0.7,84.7,40,49
SMSS~J004037.56-515025.2,,0,40,37.56,-,51,50,25.2,14.617,0.939,2013,Jan,7,2700,0.7,72.9,19,33
SMSS~J005953.98-594329.9,,0,59,53.98,-,59,43,29.9,14.925,0.381,2013,Nov,17,10140,0.7,376.7,78,105
SMSS~J010332.63-534654.3,,1,3,32.63,-,53,46,54.3,14.689,0.847,2013,Jan,8,1200,1.0,96.6,51,50
SMSS~J010651.91-524410.5,,1,6,51.91,-,52,44,10.5,14.134,1.025,2013,Jan,6,1800,1.0,189.5,67,83
SMSS~J010839.58-285701.5,,1,8,39.58,-,28,57,1.5,12.97,0.883,2013,Jan,8,600,1.0,137.7,42,56
SMSS~J012147.80-495328.2,,1,21,47.8,-,49,53,28.2,14.667,1.338,2013,Jan,7,3600,0.7,252.1,38,60
SMSS~J014624.60-352457.7,,1,46,24.6,-,35,24,57.7,13.397,0.889,2013,Jan,6,900,1.0,104.1,35,79
SMSS~J015350.94-775525.6,,1,53,50.94,-,77,55,25.6,14.589,1.255,2013,Jan,6,1800,1.0,235.4,29,54
SMSS~J015941.53-781408.7,,1,59,41.53,-,78,14,8.7,15.11,0.854,2013,Jan,6,1800,1.0,1.4,38,76
2MASS~J02031860-7930291,,2,3,18.6,-,79,30,29.1,,,2013,Jan,7,2000,0.7,23.3,40,86
SMSS~J020748.93-465616.4,,2,7,48.93,-,46,56,16.4,14.281,0.791,2013,Jan,8,1800,1.0,42.6,45,56
SMSS~J021323.26-495936.5,,2,13,23.26,-,49,59,36.5,14.456,0.851,2013,Jan,8,1500,1.0,56.7,32,70
SMSS~J021323.26-495936.5,,2,13,23.26,-,49,59,36.5,14.456,0.851,2013,Oct,26,1800,1.0,55.5,47,75
SMSS~J022410.38-534659.9,b,2,24,10.38,-,53,46,59.9,14.017,1.023,2012,Sep,8,1800,1.0,333.9,35,65
SMSS~J022410.38-534659.9,b,2,24,10.38,-,53,46,59.9,14.017,1.023,2013,Jan,6,1200,1.0,347.8,53,92
SMSS~J022423.27-573705.1,,2,24,23.27,-,57,37,5.1,13.777,0.864,2012,Sep,8,2700,1.0,289.9,18,38
SMSS~J022423.27-573705.1,,2,24,23.27,-,57,37,5.1,13.777,0.864,2013,Jan,6,1200,1.0,292.5,40,68
SMSS~J022423.27-573705.1,,2,24,23.27,-,57,37,5.1,13.777,0.864,2013,Oct,26,3600,1.0,290.0,60,72
SMSS~J022452.58-731051.8,,2,24,52.58,-,73,10,51.8,14.211,0.86,2012,Sep,8,1800,1.0,285.8,16,27
SMSS~J022545.31-774119.9,,2,25,45.31,-,77,41,19.9,15.543,0.775,2012,Sep,9,1800,1.0,262.9,19,33
SMSS~J022545.31-774119.9,,2,25,45.31,-,77,41,19.9,15.543,0.775,2013,Jan,7,1800,0.7,264.8,20,52
SMSS~J022756.48-684256.6,,2,27,56.48,-,68,42,56.6,15.582,0.883,2012,Sep,9,2400,1.0,356.9,35,36
SMSS~J023139.43-523957.4,,2,31,39.43,-,52,39,57.4,13.541,0.88,2013,Jan,8,600,1.0,146.1,38,49
SMSS~J023147.96-575341.7,,2,31,47.96,-,57,53,41.7,15.336,0.858,2013,Jan,6,1800,1.0,219.2,32,50
SMSS~J024643.28-352502.4,,2,46,43.28,-,35,25,2.4,15.69,0.916,2013,Jan,6,1800,1.0,-7.2,26,46
SMSS~J024858.41-684306.4,,2,48,58.41,-,68,43,6.4,13.861,0.42,2013,Jan,25,3600,1.0,-239.2,67,98
2MASS~J03084611-4747083,,3,8,46.11,-,47,47,8.3,,,2013,Jan,8,1800,1.0,2.9,31,67
SMSS~J031556.09-473442.1,,3,15,56.09,-,47,34,42.1,15.315,0.79,2013,Jan,6,1800,1.0,192.3,19,30
SMSS~J032132.29-363123.6,,3,21,32.29,-,36,31,23.6,15.721,0.958,2011,Nov,2,3600,0.7,88.0,48,73
SMSS~J032132.29-363123.6,,3,21,32.29,-,36,31,23.6,15.721,0.958,2012,Sep,9,2400,1.0,88.6,28,43
SMSS~J032132.29-363123.6,,3,21,32.29,-,36,31,23.6,15.721,0.958,2013,Jan,8,2000,0.7,89.4,28,49
SMSS~J033005.90-681352.5,,3,30,5.9,-,68,13,52.5,13.987,0.541,2013,Jan,23,1800,1.0,-315.2,21,50
SMSS~J034249.53-284216.0,,3,42,49.53,-,28,42,16.0,14.881,0.94,2013,Jan,7,2000,0.7,159.7,23,39
SMSS~J040148.04-743537.3,,4,1,48.04,-,74,35,37.3,13.488,0.545,2013,Jan,24,1800,1.0,-205.5,3,72
SMSS~J041957.56-493818.3,,4,19,57.56,-,49,38,18.3,13.795,1.098,2013,Jan,8,900,0.7,113.6,37,55
SMSS~J051008.62-372019.8,,5,10,8.62,-,37,20,19.8,13.271,0.71,2013,Jan,6,1200,1.0,372.8,82,111
SMSS~J055746.51-575057.4,,5,57,46.51,-,57,50,57.4,13.904,0.387,2013,Nov,17,900,0.7,-143.6,35,46
SMSS~J061725.30-600740.6,,6,17,25.3,-,60,7,40.6,14.003,0.541,2013,Nov,17,1353,0.7,-220.2,38,57
SMSS~J062609.83-590503.2,,6,26,9.83,-,59,5,3.2,14.179,0.475,2013,Nov,19,2169,0.7,-110.0,49,66
SMSS~J063447.15-622355.0,,6,34,47.15,-,62,23,55.0,13.306,0.884,2013,Nov,18,1951,0.7,-239.7,58,111
SMSS~J064349.43-653038.6,,6,43,49.43,-,65,30,38.6,13.383,0.7,2013,Nov,18,900,0.7,-220.9,52,78
SMSS~J065014.40-614328.0,,6,50,14.4,-,61,43,28.0,13.706,0.853,2013,Nov,18,900,0.7,-41.2,42,68
SMSS~J070257.95-600422.4,,7,2,57.95,-,60,4,22.4,14.032,0.599,2013,Nov,17,2100,0.7,-108.6,40,70
SMSS~J080050.54-724620.6,,8,0,50.54,-,72,46,20.6,13.864,0.894,2013,Jan,23,1800,1.0,-308.8,28,54
SMSS~J085924.06-120104.9,,8,59,24.06,-,12,1,4.9,13.92,0.741,2013,Jan,23,1800,1.0,-187.6,50,76
SMSS~J090247.43-122755.0,,9,2,47.43,-,12,27,55.0,13.849,0.538,2013,Jan,23,1800,1.0,-492.1,61,78
SMSS~J091210.40-064427.9,,9,12,10.4,-,6,44,27.9,16.074,0.745,2012,May,12,3600,0.7,63.9,35,53
SMSS~J093209.41-003435.8,,9,32,9.41,-,0,34,35.8,15.936,0.781,2012,May,12,1800,0.7,164.6,25,38
2MASS~J09380777-0600392,,9,38,7.77,-,6,0,39.2,,,2013,Jan,25,1800,0.7,-150.7,25,24
SMSS~J093829.27-070520.9,,9,38,29.27,-,7,5,20.9,15.967,0.712,2012,Feb,10,500,1.0,122.3,14,20
SMSS~J094029.05-060935.0,,9,40,29.05,-,6,9,35.0,16.107,0.831,2012,Feb,11,9000,0.7,283.9,55,67
SMSS~J094029.05-060935.0,,9,40,29.05,-,6,9,35.0,16.107,0.831,2012,May,12,1800,0.7,281.2,29,44
SMSS~J094755.04-102724.7,,9,47,55.04,-,10,27,24.7,14.03,0.791,2012,May,12,1800,0.7,99.1,53,82
SMSS~J095120.49-401431.3,,9,51,20.49,-,40,14,31.3,12.734,0.878,2013,May,28,600,1.0,-154.9,40,64
SMSS~J100251.13-000152.1,,10,2,51.13,-,0,1,52.1,15.619,0.907,2012,Feb,10,850,1.0,-70.6,13,21
2MASS~J10242264-2904203,,10,24,22.64,-,29,4,20.3,,,2012,Feb,10,200,1.0,246.9,21,34
2MASS~J10275895-3006391,,10,27,58.95,-,30,6,39.1,,,2012,Feb,9,250,0.7,334.0,9,16
2MASS~J10283035-2951115,,10,28,30.35,-,29,51,11.5,,,2012,Feb,9,50,1.0,314.1,8,15
2MASS~J10294248-0103238,,10,29,42.48,-,1,3,23.8,,,2012,Feb,10,1800,0.7,147.1,47,87
SMSS~J105320.99-435300.1,,10,53,20.99,-,43,53,0.1,13.317,0.786,2013,Jan,24,1800,1.0,-282.1,57,91
SMSS~J105438.86-435819.9,,10,54,38.86,-,43,58,19.9,13.74,0.799,2013,Jan,25,1800,0.7,-163.2,50,78
SMSS~J110850.60-080034.7,,11,8,50.6,-,8,0,34.7,16.286,0.544,2012,May,12,1800,0.7,120.3,24,32
SMSS~J121353.63-441911.2,,12,13,53.63,-,44,19,11.2,12.518,0.595,2013,May,30,600,0.7,-16.2,45,55
SMSS~J121716.48-442510.2,,12,17,16.48,-,44,25,10.2,13.694,0.818,2013,May,30,1800,0.7,-16.0,34,52
SMSS~J122455.61-151134.0,,12,24,55.61,-,15,11,34.0,16.658,0.716,2012,May,12,1800,0.7,336.3,21,29
SMSS~J123158.00-162317.6,,12,31,58.0,-,16,23,17.6,14.441,0.779,2012,May,15,240,0.7,148.6,15,32
SMSS~J123246.06-054559.1,,12,32,46.06,-,5,45,59.1,13.983,0.59,2013,May,29,1800,1.0,-343.6,38,55
SMSS~J125115.37-331448.1,,12,51,15.37,-,33,14,48.1,14.513,0.965,2012,May,15,320,0.7,13.8,16,36
SMSS~J125125.64-340343.4,,12,51,25.64,-,34,3,43.4,14.662,0.848,2012,May,15,360,0.7,109.6,16,35
SMSS~J125451.18-334440.3,,12,54,51.18,-,33,44,40.3,14.119,1.042,2012,May,15,220,0.7,134.7,14,33
SMSS~J125804.65-335045.1,,12,58,4.65,-,33,50,45.0,13.637,0.447,2013,May,29,1800,1.0,-206.5,44,61
SMSS~J130537.01-294438.3,,13,5,37.01,-,29,44,38.3,12.732,0.729,2013,May,29,1500,1.0,-217.9,49,78
SMSS~J133013.61-434632.4,,13,30,13.61,-,43,46,32.4,12.843,0.833,2013,May,29,800,1.0,-207.0,31,50
SMSS~J133532.32-210632.9,,13,35,32.32,-,21,6,32.9,13.264,0.554,2013,May,29,1500,1.0,183.1,35,60
SMSS~J133532.32-210632.9,,13,35,32.32,-,21,6,32.9,13.264,0.554,2013,Jun,1,1500,1.0,182.7,57,89
SMSS~J135217.78-151405.7,,13,52,17.78,-,15,14,5.7,15.093,0.711,2012,May,12,1800,0.7,39.7,44,50
SMSS~J135625.09-161538.7,,13,56,25.09,-,16,15,38.7,16.354,0.884,2012,May,12,2600,0.7,294.0,25,41
SMSS~J135819.95-150937.4,,13,58,19.95,-,15,9,37.4,16.003,0.79,2012,May,12,2700,0.7,92.9,32,48
SMSS~J141547.72-414034.0,,14,15,47.72,-,41,40,34.0,12.938,0.508,2013,May,29,1200,1.0,-410.9,41,66
SMSS~J143511.34-420326.5,,14,35,11.34,-,42,3,26.5,13.911,0.674,2013,May,29,2200,1.0,-76.1,30,55
SMSS~J143511.34-420326.5,,14,35,11.34,-,42,3,26.5,13.911,0.674,2013,Jun,1,1800,1.0,-76.0,22,40
SMSS~J151101.05-182103.0,,15,11,1.05,-,18,21,3.0,14.733,0.785,2012,May,15,420,0.7,-1.4,17,37
SMSS~J151450.18-182946.0,,15,14,50.18,-,18,29,46.0,14.748,0.924,2012,May,15,400,0.7,15.2,17,39
SMSS~J155430.57-263904.8,,15,54,30.57,-,26,39,4.8,13.338,0.767,2013,May,31,5400,0.7,-287.4,78,125
SMSS~J155628.74-165533.4,,15,56,28.74,-,16,55,33.4,13.236,0.65,2013,Jun,1,1800,1.0,-50.1,43,66
SMSS~J160447.75-293146.7,,16,4,47.75,-,29,31,46.7,13.367,0.792,2013,Jun,1,3600,1.0,76.0,49,81
SMSS~J164921.94-041943.9,,16,49,21.94,-,4,19,43.9,12.878,0.749,2013,May,31,600,0.7,199.5,30,49
SMSS~J165023.82-252948.7,,16,50,23.82,-,25,29,48.7,12.585,0.732,2013,May,31,600,0.7,-238.0,32,52
SMSS~J165219.76-253133.7,,16,52,19.76,-,25,31,33.7,13.623,0.769,2013,Jun,1,3600,1.0,-150.5,41,68
SMSS~J173823.36-145701.0,,17,38,23.36,-,14,57,1.0,12.8,0.879,2013,May,29,900,1.0,-26.9,44,75
SMSS~J174048.48-143635.6,,17,40,48.48,-,14,36,35.6,13.664,0.893,2013,May,29,1800,1.0,284.0,39,71
SMSS~J174916.38-455427.5,,17,49,16.38,-,45,54,27.5,13.75,0.778,2013,Jun,1,2682,1.0,-17.1,44,74
SMSS~J174922.26-455103.8,,17,49,22.26,-,45,51,3.8,12.589,0.692,2013,May,31,600,0.7,-105.8,35,54
SMSS~J175021.86-414627.2,,17,50,21.86,-,41,46,27.2,13.256,0.632,2013,May,31,1200,0.7,-163.0,33,52
SMSS~J175046.30-425506.9,,17,50,46.3,-,42,55,6.9,14.052,0.889,2013,May,31,5400,0.7,336.6,42,83
SMSS~J175046.30-425506.9,,17,50,46.3,-,42,55,6.9,14.052,0.889,2013,Jun,1,5400,0.7,336.5,10,6
SMSS~J175738.37-454823.5,,17,57,38.37,-,45,48,23.5,13.257,0.889,2013,May,31,1200,0.7,-64.5,32,58
SMSS~J175738.37-454823.5,,17,57,38.37,-,45,48,23.5,13.257,0.889,2013,Jun,1,6486,0.7,-65.1,19,10
SMSS~J183246.49-343434.2,,18,32,46.49,-,34,34,34.2,12.827,0.861,2013,May,31,1200,0.7,221.2,42,72
SMSS~J183753.10-380725.9,,18,37,53.1,-,38,7,25.9,13.152,0.789,2013,May,31,1200,0.7,106.3,34,54
SMSS~J184226.25-272602.7,,18,42,26.25,-,27,26,2.7,13.371,0.834,2013,May,29,1800,1.0,-247.0,35,60
SMSS~J184825.29-305929.7,,18,48,25.29,-,30,59,29.7,13.65,0.891,2013,May,29,1800,1.0,110.2,32,62
SMSS~J185628.44-231809.8,,18,56,28.44,-,23,18,9.8,13.215,0.865,2013,Jun,1,1200,1.0,-14.9,47,79
SMSS~J190549.33-214945.0,,19,5,49.33,-,21,49,45.0,13.2,0.604,2013,Jun,1,1200,1.0,130.1,50,72
SMSS~J190911.03-213207.5,,19,9,11.03,-,21,32,7.5,13.07,0.888,2013,Jun,1,900,1.0,48.9,44,73
SMSS~J190931.13-214053.9,,19,9,31.13,-,21,40,53.9,13.856,0.876,2013,May,29,1800,1.0,183.2,34,59
SMSS~J191802.51-851523.0,,19,18,2.51,-,85,15,23.0,15.301,0.999,2012,Sep,8,3600,1.0,198.9,12,34
SMSS~J193528.46-462129.6,,19,35,28.46,-,46,21,29.6,14.318,0.574,2013,Jun,1,2400,1.0,78.6,39,56
SMSS~J193617.38-790231.4,,19,36,17.38,-,79,2,31.4,13.743,1.192,2012,Sep,9,1800,1.0,450.5,34,65
SMSS~J194432.13-720537.1,,19,44,32.13,-,72,5,37.1,14.607,1.131,2012,Sep,9,1800,1.0,269.7,38,65
SMSS~J195614.75-320145.9,,19,56,14.75,-,32,1,45.9,13.45,0.773,2013,Nov,18,600,0.7,-50.5,16,43
SMSS~J195931.70-643529.3,,19,59,31.7,-,64,35,29.3,13.575,1.265,2012,Sep,8,1200,1.0,286.1,40,87
SMSS~J195931.70-643529.3,,19,59,31.7,-,64,35,29.3,13.575,1.265,2013,Oct,28,1870,0.7,285.0,50,104
SMSS~J200228.85-533114.4,,20,2,28.85,-,53,31,14.4,14.318,1.04,2012,Sep,8,4200,1.0,231.5,20,22
SMSS~J200654.42-321157.7,,20,6,54.42,-,32,11,57.7,15.719,0.98,2012,Sep,9,1800,1.0,132.1,24,39
SMSS~J202057.49-522417.2,,20,20,57.49,-,52,24,17.2,14.118,0.889,2012,Sep,9,900,1.0,188.1,40,42
SMSS~J202123.89-515742.8,,20,21,23.89,-,51,57,42.8,13.722,1.066,2012,Sep,8,2400,1.0,278.2,15,25
SMSS~J205313.80-651830.6,,20,53,13.8,-,65,18,30.6,14.597,0.906,2012,Sep,9,1800,1.0,289.5,44,71
SMSS~J210021.85-653627.9,,21,0,21.85,-,65,36,27.9,14.057,1.061,2012,Sep,9,1800,1.0,359.4,55,84
SMSS~J211340.44-520017.5,,21,13,40.44,-,52,0,17.5,14.115,0.682,2013,Nov,19,900,1.0,-170.6,21,41
SMSS~J215805.81-651327.2,,21,58,5.81,-,65,13,27.2,13.854,0.55,2013,Nov,18,900,0.7,-36.9,27,43
SMSS~J221448.33-453949.9,,22,14,48.33,-,45,39,49.9,14.248,0.975,2013,Nov,20,900,0.7,74.8,28,49
SMSS~J224838.41-550635.1,,22,48,38.41,-,55,6,35.1,14.846,0.845,2013,Nov,20,1800,0.7,-32.7,28,46
SMSS~J224843.95-543610.1,,22,48,43.95,-,54,36,10.1,13.142,1.037,2012,Sep,8,1800,1.0,326.7,35,64
SMSS~J225851.25-265434.9,,22,58,51.25,-,26,54,34.9,14.402,0.92,2012,Sep,8,2700,1.0,141.5,27,45
SMSS~J230013.16-263511.0,,23,0,13.16,-,26,35,11.0,14.76,1.042,2012,Sep,9,1800,1.0,-240.0,41,70
SMSS~J230113.95-291458.2,,23,1,13.95,-,29,14,58.2,15.595,1.091,2012,Sep,9,1800,1.0,185.3,23,39
2MASS~J23203653-3637223,,23,20,36.53,-,36,37,22.3,,,2011,Nov,2,3600,0.7,-82.5,25,35
2MASS~J23261426-3719492,,23,26,14.26,-,37,19,49.2,,,2011,Nov,3,3600,0.7,146.1,33,47
