Name,[Fe/H],e_[Fe/H],[C/Fe],e_[C/Fe]
Pristine_184342.87-292908.0,-1.799,0.1888,0.138,0.2581
Pristine_184349.86-301108.2,-1.797,0.1647,0.006,0.2695
Pristine_184352.57-292548.9,-1.775,0.1674,-0.271,0.2817
Pristine_184355.74-301325.1,-1.780,0.1618,-0.456,0.2293
Pristine_184356.09-292133.6,-1.975,0.1698,-0.718,0.2791
Pristine_184404.54-301357.5,-1.584,0.1766,-0.053,0.2546
Pristine_184431.86-293145.0,-2.223,0.1782,-0.399,0.2892
Pristine_184439.33-301600.9,-2.076,0.1624,-0.072,0.2780
Pristine_184444.92-292520.1,-2.240,0.1629,-0.383,0.3142
Pristine_184445.77-275640.1,-2.305,0.1705,-0.232,0.2858
Pristine_184515.76-300148.4,-1.982,0.1522,-0.265,0.2499
Pristine_184528.68-301011.5,-1.580,0.1644,-0.403,0.2442
Pristine_184529.01-290003.3,-1.828,0.1541,-0.394,0.2267
Pristine_184529.89-294748.9,-1.813,0.1590,-0.595,0.2794
Pristine_184530.34-292823.5,-1.932,0.1715,-0.738,0.2927
Pristine_184530.98-293716.1,-1.678,0.1497,-0.381,0.2068
Pristine_184538.11-293317.7,-2.139,0.1466,-0.395,0.2416
Pristine_184542.36-301441.9,-1.530,0.1558,-0.210,0.2661
Pristine_184546.45-300433.3,-1.898,0.1478,-0.412,0.2355
Pristine_184558.18-292045.3,-2.169,0.1952,-0.472,0.4185
Pristine_184607.44-292308.9,-2.222,0.1456,-0.223,0.2586
Pristine_184615.36-294250.4,-2.108,0.1478,-0.613,0.2411
Pristine_184618.94-302541.1,-1.619,0.1592,-0.611,0.2406
Pristine_184619.61-295834.0,-2.124,0.1510,0.570,0.2460
Pristine_184637.76-303500.1,-2.124,0.1819,-0.594,0.2245
Pristine_184642.47-292222.0,-2.629,0.1751,0.144,0.2579
Pristine_184646.85-282106.0,-2.665,0.1755,-0.156,0.3188
Pristine_184653.95-291232.7,-1.927,0.1521,-0.447,0.2313
Pristine_184700.26-321851.7,-2.273,0.1690,-0.236,0.3043
Pristine_184706.85-315239.0,-1.678,0.1762,-0.555,0.2865
Pristine_184707.47-291823.6,-1.574,0.1559,-0.186,0.2175
Pristine_184712.09-303246.1,-1.827,0.3729,-0.467,0.2215
Pristine_184722.68-301918.1,-1.875,0.1856,-0.852,0.2387
Pristine_184729.74-302729.8,-1.835,0.1532,-0.538,0.2295
Pristine_184729.89-322516.6,-1.956,0.1557,-0.497,0.2386
Pristine_184729.98-300534.9,-2.131,0.1655,0.348,0.2372
Pristine_184736.30-320449.0,-1.613,0.1679,-0.707,0.2431
Pristine_184736.75-290532.7,-1.615,0.1797,-0.574,0.3267
Pristine_184737.74-295255.5,-1.862,0.1624,-0.529,0.2203
Pristine_184743.42-321453.2,-1.780,0.3047,-0.299,0.2244
Pristine_184749.06-295900.7,-1.640,0.1593,-0.443,0.2868
Pristine_184750.74-323919.5,-1.754,0.1677,-0.516,0.2365
Pristine_184750.96-302134.8,-1.902,0.1626,-0.345,0.2744
Pristine_184753.07-285512.8,-1.682,0.1670,-0.298,0.2434
Pristine_184757.22-321849.2,-2.406,0.1771,0.250,0.2289
Pristine_184759.63-315322.5,-2.265,0.1530,-0.573,0.2534
Pristine_184801.48-320937.1,-2.013,0.2459,-0.756,0.2326
Pristine_184801.60-313240.9,-1.732,0.1583,-0.530,0.2281
Pristine_184805.43-314718.5,-2.034,0.1647,-0.154,0.2819
Pristine_184809.74-284834.5,-1.845,0.1794,-0.211,0.3301
Pristine_184813.16-300537.0,-2.034,0.1588,-0.714,0.2584
Pristine_184817.53-321936.8,-1.747,0.1559,-0.202,0.2258
Pristine_184819.40-313812.8,-1.632,0.1773,-0.721,0.2400
Pristine_184831.91-293501.4,-2.030,0.1549,-0.191,0.2403
Pristine_184831.99-321854.2,-2.063,0.2041,0.279,0.2198
Pristine_184838.06-324029.6,-2.622,0.1742,0.185,0.2832
Pristine_184840.67-300521.6,-2.252,0.1539,-0.608,0.2438
Pristine_184842.28-293525.7,-2.138,0.2028,-0.379,0.3097
Pristine_184843.24-314626.8,-2.895,0.1699,-0.303,0.2962
Pristine_184845.30-302309.5,-2.402,0.1780,-0.457,0.3484
Pristine_184846.43-321043.1,-1.806,0.1578,-0.143,0.2364
Pristine_184853.44-302718.4,-2.337,0.1552,-0.481,0.2506
Pristine_184854.66-291149.1,-1.884,0.1884,-0.369,0.3838
Pristine_184857.63-301951.6,-1.870,0.1624,-0.662,0.2976
Pristine_184859.13-323036.5,-2.204,0.1805,0.031,0.2455
Pristine_184901.04-290300.0,-2.574,0.1735,-0.301,0.3357
Pristine_184905.74-321555.2,-1.682,0.1468,-0.371,0.2188
Pristine_184905.87-324202.2,-1.607,0.1873,-0.499,0.2474
Pristine_184907.83-312839.7,-1.797,0.1618,-0.213,0.2370
Pristine_184913.11-291603.6,-1.750,0.1560,-0.522,0.2263
Pristine_184917.31-303048.0,-1.978,0.1539,-0.189,0.2305
Pristine_184919.47-315657.2,-1.554,0.3242,-0.382,0.2214
Pristine_184921.25-313135.8,-1.613,0.1494,-0.261,0.2108
Pristine_184922.79-313947.9,-1.581,0.1736,-0.407,0.2241
Pristine_184923.81-294758.7,-2.350,0.1748,-0.744,0.3097
Pristine_184923.83-315216.6,-1.774,0.1562,-0.208,0.2248
Pristine_184925.97-314730.4,-1.926,0.1624,-0.253,0.2249
Pristine_184926.45-292713.4,-1.759,0.1660,-0.266,0.2666
Pristine_184926.92-323123.8,-1.995,0.2661,-0.541,0.2198
Pristine_184930.67-315146.8,-1.615,0.2200,-0.562,0.2071
Pristine_184937.42-302627.5,-2.382,0.2287,-0.844,0.3348
Pristine_184940.64-320550.9,-1.692,0.1510,-0.377,0.2155
Pristine_184941.08-322401.9,-1.736,0.1675,-0.332,0.2176
Pristine_184942.69-324031.9,-2.087,0.1654,-0.217,0.2659
Pristine_184944.27-293121.2,-1.869,0.1713,-0.438,0.2772
Pristine_184944.56-314531.2,-1.609,0.1562,-0.247,0.2377
Pristine_184944.93-315345.4,-1.510,0.1901,-0.459,0.2097
Pristine_184950.18-285903.6,-1.742,0.1691,-0.652,0.2580
Pristine_184957.04-291425.1,-2.231,0.1476,-0.452,0.2385
Pristine_184958.86-313503.4,-1.530,0.1474,-0.481,0.2172
Pristine_185000.35-320033.4,-1.807,0.1522,-0.471,0.2224
Pristine_185002.57-313824.2,-1.715,0.1541,-0.451,0.2265
Pristine_185002.68-320828.9,-1.591,0.1680,-0.475,0.2198
Pristine_185003.39-313353.3,-1.653,0.1465,-0.359,0.2066
Pristine_185009.23-314737.1,-2.036,0.1481,-0.479,0.2251
Pristine_185015.95-294156.2,-1.808,0.1566,-0.740,0.2344
Pristine_185021.30-293057.2,-1.527,0.1545,-0.138,0.2274
Pristine_185021.60-321825.5,-2.328,0.1651,-0.184,0.2498
Pristine_185023.41-310859.9,-1.889,0.1620,-0.508,0.2224
Pristine_185026.69-310848.2,-1.785,0.1656,-0.277,0.2302
Pristine_185030.87-300537.5,-2.375,0.1626,0.029,0.2389
Pristine_185039.03-292936.2,-1.573,0.1583,-0.256,0.2381
Pristine_185039.63-291326.7,-1.809,0.1598,-0.280,0.2506
Pristine_185040.89-292804.9,-1.539,0.1459,-0.643,0.2162
Pristine_185041.90-291934.9,-1.981,0.1740,-0.308,0.2459
Pristine_185055.44-293042.7,-1.798,0.1658,-0.438,0.2850
Pristine_185059.23-292200.1,-1.701,0.1530,-0.455,0.2717
Pristine_185103.06-295624.3,-2.160,0.1541,-0.384,0.2314
Pristine_185106.36-315928.9,-1.781,0.2272,-0.478,0.2083
Pristine_185112.90-294033.7,-1.832,0.1461,-0.141,0.2322
Pristine_185120.89-323220.1,-2.431,0.1882,-0.278,0.3076
Pristine_185128.78-312834.2,-1.806,0.1465,-0.338,0.2174
Pristine_185129.00-300942.8,-2.932,0.1660,-0.180,0.3193
Pristine_185129.80-301308.3,-1.726,0.1593,-0.244,0.2710
Pristine_185144.32-293038.8,-1.658,0.1577,-0.462,0.2483
Pristine_185147.31-322514.0,-1.843,0.1999,-0.472,0.2719
Pristine_185152.61-314517.8,-1.975,0.1760,-0.641,0.3405
Pristine_185155.24-325354.8,-1.597,0.1575,-0.337,0.2277
Pristine_185156.69-302820.5,-2.529,0.2083,0.571,0.2806
Pristine_185156.94-302322.7,-1.556,0.1740,-0.235,0.2538
Pristine_185158.74-314350.1,-1.517,0.1594,0.143,0.2388
Pristine_185202.98-323959.1,-1.669,0.1780,-0.549,0.2769
Pristine_185207.34-315424.6,-1.671,0.1540,-0.404,0.2186
Pristine_185210.30-315413.2,-2.286,0.1451,-0.229,0.2272
Pristine_185214.32-325343.4,-1.971,0.1724,-0.562,0.3358
Pristine_185217.75-322433.8,-1.797,0.4171,-0.489,0.2110
Pristine_185219.80-321827.6,-1.742,0.1538,-0.168,0.2101
Pristine_185221.02-321458.0,-1.738,0.1510,-0.236,0.2220
Pristine_185223.21-313314.9,-1.575,0.3797,-0.744,0.2098
Pristine_185226.18-324300.5,-1.817,0.1527,-0.533,0.2302
Pristine_185234.48-295140.1,-2.007,0.1620,-0.751,0.2232
Pristine_185236.11-301731.3,-1.920,0.1532,-0.411,0.2402
Pristine_185240.61-315200.3,-1.660,0.1821,-0.509,0.2322
Pristine_185244.49-322153.9,-1.529,0.1575,-0.330,0.2124
Pristine_185248.45-293223.4,-2.170,0.1623,-0.516,0.2962
Pristine_185250.41-312737.7,-2.079,0.1728,0.029,0.2613
Pristine_185253.12-292313.0,-2.058,0.1638,-0.742,0.2205
Pristine_185253.56-313446.3,-1.700,0.1965,-0.762,0.2791
Pristine_185254.41-293252.0,-1.825,0.1980,-0.567,0.3628
Pristine_185300.70-302812.5,-1.819,0.2055,-0.713,0.3523
Pristine_185309.31-315727.9,-1.616,0.2697,-0.418,0.2049
Pristine_185322.40-322040.7,-1.889,0.1698,-0.598,0.2524
Pristine_185325.76-293423.3,-1.994,0.1537,-0.539,0.2138
Pristine_185327.21-294246.5,-2.074,0.1592,-0.391,0.2450
Pristine_185329.98-321456.7,-1.733,0.1507,-0.300,0.2220
Pristine_185341.70-295628.4,-1.705,0.1655,-0.150,0.2319
Pristine_185342.65-294908.9,-1.712,0.1707,-0.363,0.3633
Pristine_185346.07-294646.9,-1.758,0.1503,-0.400,0.2229
Pristine_185347.87-314747.6,-2.084,0.2445,-0.606,0.2342
Pristine_185351.41-303417.7,-2.474,0.1672,0.250,0.2591
Pristine_185352.27-300127.5,-2.033,0.1487,0.083,0.2267
Pristine_185352.68-293047.9,-1.792,0.1626,-0.524,0.2675
Pristine_185355.45-300958.0,-1.921,0.1623,-0.644,0.2922
Pristine_185357.47-321002.0,-1.779,0.1593,-0.312,0.2346
Pristine_185358.90-292006.2,-2.305,0.1784,-0.370,0.2973
Pristine_185402.31-324931.6,-1.890,0.1791,-0.306,0.2595
Pristine_185403.68-312812.4,-1.762,0.1607,-0.633,0.2294
Pristine_185407.19-291100.1,-1.832,0.1739,-0.124,0.2645
Pristine_185407.21-294120.9,-2.543,0.1775,-0.300,0.2845
Pristine_185408.83-315541.6,-1.833,0.1513,-0.382,0.2225
Pristine_185411.06-321508.5,-1.718,0.1500,-0.586,0.2179
Pristine_185425.76-302330.6,-1.750,0.1709,-0.405,0.3106
Pristine_185432.22-315822.1,-1.753,0.1755,-0.188,0.2184
Pristine_185432.57-293506.9,-1.895,0.1996,-0.342,0.2212
Pristine_185434.97-320050.2,-2.067,0.1602,-0.436,0.3028
Pristine_185435.48-301609.2,-2.285,0.1593,-0.143,0.2832
Pristine_185442.44-313418.7,-1.578,0.1526,-0.373,0.2167
Pristine_185444.69-302553.3,-1.829,0.1632,-0.320,0.2428
Pristine_185447.33-290905.1,-2.095,0.1715,-0.141,0.2400
Pristine_185451.96-291044.1,-2.292,0.1986,-0.257,0.2735
Pristine_185452.25-293008.1,-2.112,0.1612,-0.660,0.3096
Pristine_185453.61-292319.5,-2.140,0.1517,-0.534,0.2535
Pristine_185454.74-302325.2,-1.777,0.1551,-0.462,0.2886
Pristine_185455.31-302944.5,-1.841,0.1758,-0.771,0.2573
Pristine_185455.80-293144.2,-1.957,0.1519,-0.262,0.2507
Pristine_185459.01-303014.9,-1.771,0.1727,-0.766,0.2611
Pristine_185500.10-303408.0,-1.872,0.1512,-0.321,0.2253
Pristine_185500.15-300935.6,-2.086,0.1509,-0.285,0.2468
Pristine_185500.39-314930.7,-1.850,0.1716,-0.395,0.2459
Pristine_185500.57-300242.3,-1.675,0.1495,-0.295,0.2154
Pristine_185501.81-300953.8,-2.184,0.1538,0.184,0.2354
Pristine_185506.75-303105.7,-1.900,0.1947,-0.613,0.3017
Pristine_185507.48-303038.4,-1.610,0.1708,0.073,0.2579
Pristine_185510.12-295742.6,-2.402,0.1467,0.105,0.2396
Pristine_185510.29-322630.3,-1.700,0.1675,-0.757,0.2369
Pristine_185511.87-302433.8,-1.736,0.1489,-0.269,0.2240
Pristine_185514.28-302715.0,-1.810,0.1788,-0.812,0.2471
Pristine_185514.80-294010.5,-2.274,0.1457,-0.460,0.2310
Pristine_185516.02-303220.2,-1.800,0.1561,-0.336,0.2272
Pristine_185516.25-303010.4,-1.609,0.1660,-0.638,0.2647
Pristine_185523.72-302718.3,-1.712,0.1527,-0.600,0.2319
Pristine_185527.70-293659.7,-1.975,0.1748,-0.682,0.2213
Pristine_185530.48-302859.6,-1.839,0.4260,-0.857,0.2135
Pristine_185536.14-295909.6,-2.519,0.1698,-0.458,0.3191
Pristine_185537.49-301512.0,-1.869,0.1608,-0.580,0.2309
Pristine_185538.63-302704.3,-2.750,0.1703,-0.082,0.3094
Pristine_185541.38-303137.6,-1.940,0.1680,-0.376,0.2859
Pristine_185543.48-322002.3,-2.036,0.1551,-0.325,0.2457
Pristine_185552.74-302017.3,-1.845,0.1483,-0.544,0.2284
Pristine_185559.92-294842.0,-1.951,0.2117,0.222,0.2184
Pristine_185601.88-294637.1,-1.753,0.1475,-0.627,0.2203
Pristine_185604.00-294601.0,-1.644,0.1530,-0.419,0.2480
Pristine_185606.98-292950.2,-1.842,0.1635,-0.667,0.2472
Pristine_185608.95-300417.2,-1.974,0.3565,-0.704,0.2186
Pristine_185618.94-300227.1,-1.882,0.1498,-0.624,0.2347
Pristine_185621.35-294631.7,-2.008,0.1706,0.024,0.2513
Pristine_185622.81-293741.5,-2.074,0.1557,-0.152,0.2393
Pristine_185622.86-303230.0,-2.013,0.1675,-0.645,0.2270
Pristine_185625.60-294551.3,-1.645,0.1488,-0.333,0.2446
Pristine_185626.24-293537.6,-1.793,0.1538,-0.421,0.2123
Pristine_185627.93-292902.6,-2.025,0.1681,-0.750,0.2542
Pristine_185628.19-291451.7,-2.061,0.1891,-0.399,0.3958
Pristine_185629.94-303507.1,-1.518,0.1583,-0.270,0.2325
Pristine_185632.12-300727.4,-3.250,0.1872,0.016,0.3690
Pristine_185639.36-295605.7,-1.800,0.1605,-0.574,0.2917
Pristine_185639.84-294359.5,-1.664,0.1484,-0.411,0.2249
Pristine_185642.15-301456.4,-1.753,0.1578,-0.548,0.2792
Pristine_185645.09-294631.0,-1.566,0.1620,-0.118,0.2446
Pristine_185651.84-302109.6,-2.066,0.1441,-0.303,0.2345
Pristine_185658.10-295032.7,-1.694,0.1658,-0.508,0.3150
Pristine_185704.51-301021.6,-2.400,0.1467,-0.465,0.2836
Pristine_185711.53-295917.2,-1.802,0.1652,-0.460,0.3459
Pristine_185714.93-302129.2,-1.826,0.1553,-0.243,0.2449
Pristine_185734.02-300213.2,-1.758,0.1559,-0.529,0.2543
Pristine_185734.24-292310.9,-1.667,0.1522,-0.452,0.2206
Pristine_185745.12-300741.8,-1.551,0.1511,-0.448,0.2216
Pristine_185759.51-294229.7,-1.650,0.1569,-0.489,0.2220
Pristine_185806.98-301915.9,-2.662,0.1721,0.001,0.3378
Pristine_185808.41-300226.5,-1.822,0.1555,-0.483,0.2612
Pristine_185809.20-291917.1,-1.737,0.1964,-0.552,0.4279
Pristine_185823.49-301709.9,-1.864,0.1717,-0.461,0.3550
Pristine_185827.96-294500.0,-1.752,0.1634,-0.368,0.2350
Pristine_185828.20-300404.9,-1.542,0.1594,-0.502,0.2271
Pristine_185835.05-300131.0,-1.615,0.1569,-0.650,0.2422
Pristine_185836.54-295226.4,-1.836,0.1589,-0.529,0.2247
Pristine_185840.89-292603.9,-1.803,0.1699,-0.679,0.2739
Pristine_185855.01-301522.2,-2.634,0.1493,0.569,0.2351
Pristine_185857.12-293600.1,-2.183,0.1966,-0.049,0.2813
Pristine_190008.47-305753.2,-1.657,0.1690,-0.209,0.2183
Pristine_190037.19-305135.7,-1.845,0.1503,-0.276,0.2279
Pristine_190039.03-305042.5,-1.511,0.1485,-0.365,0.2095
Pristine_190048.44-314814.8,-1.819,0.1463,-0.355,0.2188
Pristine_190053.63-312654.7,-1.655,0.1520,-0.427,0.2177
Pristine_190053.83-305843.6,-1.759,0.1479,-0.375,0.2181
Pristine_190054.19-302536.6,-1.609,0.1531,-0.255,0.2238
Pristine_190055.49-305105.4,-2.029,0.1497,-0.221,0.2329
Pristine_190101.90-312135.1,-1.729,0.1479,-0.588,0.2220
Pristine_190104.02-305551.8,-1.770,0.1585,-0.337,0.2231
Pristine_190105.39-304440.8,-1.621,0.1523,-0.320,0.2222
Pristine_190106.17-314634.8,-1.903,0.1812,-0.602,0.2272
Pristine_190109.01-313635.5,-1.704,0.2416,-0.399,0.2154
Pristine_190109.86-311742.0,-1.824,0.1469,-0.246,0.2208
Pristine_190110.46-311441.8,-2.151,0.1570,-0.047,0.2358
Pristine_190113.62-310212.2,-1.783,0.1483,-0.467,0.2215
Pristine_190121.34-311428.2,-1.938,0.1488,-0.502,0.2321
Pristine_190139.56-313555.7,-1.977,0.1523,-0.211,0.2241
Pristine_190140.19-312100.6,-1.593,0.1555,-0.261,0.2096
Pristine_190145.24-310245.9,-1.628,0.3002,-0.459,0.2102
Pristine_190146.11-301525.1,-1.749,0.1491,-0.458,0.2168
Pristine_190148.75-305430.8,-2.316,0.1514,-0.257,0.2283
Pristine_190151.93-313404.1,-1.775,0.1766,-0.572,0.2468
Pristine_190152.44-311713.7,-1.593,0.1531,-0.365,0.2200
Pristine_190153.06-304156.3,-1.581,0.1598,-0.665,0.2209
Pristine_190155.13-305056.7,-1.536,0.1447,-0.296,0.2072
Pristine_190200.09-301329.8,-1.692,0.2094,-0.587,0.2118
Pristine_190202.88-310051.1,-1.681,0.1554,-0.381,0.2164
Pristine_190207.19-315027.9,-1.912,0.1517,-0.389,0.2406
Pristine_190207.95-313829.5,-1.545,0.1663,-0.177,0.2170
Pristine_190209.96-312151.7,-1.741,0.1585,-0.144,0.2331
Pristine_190210.88-302402.1,-1.893,0.1604,-0.333,0.2210
Pristine_190212.39-304652.5,-2.416,0.1490,-0.140,0.2360
Pristine_190214.11-313930.6,-2.026,0.1530,-0.471,0.2359
Pristine_190219.04-313638.9,-1.883,0.1666,-0.576,0.3025
Pristine_190235.07-311918.0,-1.790,0.1557,-0.032,0.2226
Pristine_190236.00-312942.2,-1.532,0.1545,-0.406,0.2126
Pristine_190239.28-311917.8,-1.633,0.1563,-0.395,0.2093
Pristine_190242.99-304208.1,-1.611,0.2715,-0.244,0.2120
Pristine_190246.37-302632.7,-2.164,0.1959,0.163,0.2213
Pristine_190249.45-311318.1,-1.756,0.1481,-0.280,0.2345
Pristine_190256.16-313257.8,-1.636,0.1552,-0.532,0.2248
Pristine_190256.95-302638.8,-1.646,0.1477,-0.276,0.2129
Pristine_190258.91-310034.3,-2.110,0.1748,0.165,0.2204
Pristine_190300.98-313619.5,-1.578,0.1568,-0.497,0.2156
Pristine_190302.45-314212.9,-1.623,0.1522,-0.224,0.2128
Pristine_190302.91-311155.3,-1.788,0.1519,-0.373,0.2226
Pristine_190307.09-313043.6,-2.291,0.4658,0.862,0.4030
Pristine_190319.01-311943.9,-2.064,0.1478,-0.664,0.2242
Pristine_190321.79-303527.4,-1.768,0.1617,-0.362,0.2122
Pristine_190322.59-302045.0,-1.524,0.1567,-0.559,0.2161
Pristine_190325.60-304726.5,-1.586,0.1551,-0.614,0.2246
Pristine_190326.73-314307.4,-1.505,0.1546,-0.220,0.2301
Pristine_190329.69-311019.1,-2.011,0.1657,-0.344,0.2489
Pristine_190330.85-310244.4,-2.774,0.1634,-0.235,0.2918
Pristine_190331.36-305905.2,-1.756,0.1705,-0.670,0.2651
Pristine_190336.06-314659.4,-1.792,0.1609,-0.667,0.2305
Pristine_190341.19-305546.1,-1.567,0.1798,-0.328,0.2082
Pristine_190342.87-311600.9,-1.838,0.1604,-0.354,0.2330
Pristine_190350.18-310410.5,-1.876,0.1485,-0.346,0.2227
Pristine_190351.48-302523.1,-1.741,0.1605,-0.282,0.2231
Pristine_190356.72-304709.6,-1.602,0.1523,-0.482,0.2039
Pristine_190359.90-313523.7,-1.810,0.1428,-0.222,0.2136
Pristine_190400.08-314142.0,-1.874,0.1696,-0.266,0.2132
Pristine_190407.47-305247.8,-1.567,0.2012,-0.160,0.2159
Pristine_190409.05-311117.3,-2.120,0.1674,-0.159,0.2564
Pristine_190410.56-311715.0,-1.756,0.1892,-0.414,0.2205
Pristine_190420.39-315811.4,-1.509,0.1473,-0.193,0.2072
Pristine_190420.76-304633.1,-1.632,0.1999,-0.438,0.2495
Pristine_190425.83-305353.5,-1.559,0.1609,-0.174,0.2715
Pristine_190427.42-303343.0,-1.667,0.1631,-0.394,0.2272
Pristine_190428.53-310151.0,-2.071,0.1819,0.295,0.2506
Pristine_190432.18-311403.7,-1.888,0.1525,-0.398,0.2164
Pristine_190432.69-312516.1,-1.660,0.1612,-0.329,0.2137
Pristine_190433.00-310924.8,-2.078,0.1848,-0.440,0.2328
Pristine_190439.44-304459.4,-1.629,0.1788,-0.754,0.2429
Pristine_190444.57-313142.0,-2.209,0.1981,-0.581,0.4834
Pristine_190448.97-305417.7,-1.595,0.2035,-0.222,0.2101
Pristine_190452.43-320156.6,-2.017,0.1597,-0.259,0.2464
Pristine_190453.36-305220.2,-1.829,0.2018,-0.808,0.2782
Pristine_190454.20-313742.0,-1.784,0.1488,-0.526,0.2191
Pristine_190500.50-315122.7,-1.758,0.1559,-0.474,0.2280
Pristine_190505.95-304442.6,-1.814,0.1597,-0.643,0.2566
Pristine_190506.04-310248.4,-1.711,0.1940,-0.368,0.2158
Pristine_190506.74-315429.1,-2.000,0.1532,-0.039,0.2880
Pristine_190511.44-315423.9,-2.773,0.1572,0.229,0.3124
Pristine_190511.60-305903.3,-2.575,0.1946,-0.459,0.3008
Pristine_190511.79-303704.2,-1.909,0.2638,-0.646,0.2581
Pristine_190513.46-305951.1,-1.879,0.1730,-0.479,0.2260
Pristine_190519.78-313104.0,-2.106,0.1557,-0.492,0.2657
Pristine_190520.91-312252.0,-1.829,0.1538,-0.292,0.2161
Pristine_190520.94-312932.7,-1.974,0.2159,-0.256,0.2668
Pristine_190522.51-315531.7,-1.818,0.1573,-0.121,0.2287
Pristine_190530.89-305920.4,-2.159,0.1638,-0.449,0.3127
Pristine_190533.87-312226.1,-1.707,0.1613,-0.458,0.2584
Pristine_190536.39-311634.1,-1.716,0.1467,0.174,0.2062
Pristine_190538.42-305346.3,-1.753,0.1489,-0.246,0.2170
Pristine_190538.53-305714.0,-1.700,0.1845,-0.405,0.2299
Pristine_190552.22-313420.2,-2.206,0.1670,-0.345,0.2796
Pristine_190552.64-313338.7,-1.746,0.2723,-0.402,0.2514
Pristine_190552.70-305327.5,-1.707,0.1491,-0.326,0.2145
Pristine_190553.43-313542.7,-2.053,0.1527,-0.089,0.2373
Pristine_190553.84-310730.3,-1.971,0.1624,-0.282,0.2177
Pristine_190554.01-315745.4,-2.183,0.1538,0.291,0.2104
Pristine_190600.50-311806.9,-1.912,0.1564,-0.366,0.2292
Pristine_190602.59-311017.3,-1.718,0.1902,-0.243,0.2158
Pristine_190608.29-303835.1,-2.272,0.1498,-0.537,0.2718
Pristine_190610.78-311400.7,-1.812,0.3576,-0.425,0.2086
Pristine_190612.10-315504.4,-2.504,0.1969,-0.458,0.4551
Pristine_190612.95-315228.5,-1.754,0.1549,-0.297,0.2120
Pristine_190618.63-305821.9,-1.916,0.1750,-0.660,0.2500
Pristine_190620.77-314243.3,-1.611,0.1552,-0.414,0.2208
Pristine_190629.36-310600.3,-1.701,0.1752,-0.446,0.2168
Pristine_190635.79-313415.0,-1.984,0.1451,-0.292,0.2356
Pristine_190636.22-314254.1,-1.712,0.1490,-0.191,0.2161
Pristine_190644.06-314559.0,-2.061,0.1604,-0.046,0.2490
Pristine_190657.02-313949.7,-1.699,0.1499,-0.154,0.2135
Pristine_190712.78-310737.7,-1.597,0.1595,-0.525,0.2339
