JINA_ID, Name                    , Simbad_Identifier       , System, RA_hms       , DEC_dms      , Teff  , logg, M/H  , Vmic, Reference
   7512, TYC 6613-815-1          , TYC 6613-815-1          , Atari , 09:29:49.7281, -29:05:59.044, 4737.0, 0.96, -2.32, 1.74, Sakari+2018b
   7533, UCAC4 374-062461        , UCAC4 374-062461        , Atari , 11:58:01.2775, -15:22:17.852, 4981.0, 1.47, -2.41, 1.71, Sakari+2018b
   7557, UCAC2 30544966          , UCAC2 30544966          , Atari , 14:10:15.8809, -03:43:55.307, 4931.0, 2.0 , -2.06, 1.65, Sakari+2018b
   7573, TYC 353-223-1           , TYC 353-223-1           , Atari , 15:54:27.2897, +00:21:36.870, 5210.0, 1.24, -2.18, 1.48, Sakari+2018b
   7583, BD-09 4396              , BD-09 4396              , Atari , 16:28:56.1354, -10:14:57.644, 4955.0, 1.31, -2.0 , 2.19, Sakari+2018b
    432, UCAC4 223-060458        , UCAC4 223-060458        , Atari , 11:41:08.8526, -45:35:28.354, 4592.0, 1.01, -2.32, 1.9 , Ruchti+2011a
   1485, CD-26 16470             , CD-26 16470             , Atari , 23:05:50.5487, -25:57:22.308, 4912.0, 1.76, -2.13, 2.0 , Ruchti+2011a
   1514, CD-49 506               , CD-49 506               , Atari , 01:49:07.9444, -49:11:42.923, 4936.0, 1.73, -2.65, 1.8 , Ruchti+2011a
   2526, TYC 6393-564-1          , TYC 6393-564-1          , Atari , 22:49:23.5854, -21:30:29.532, 5218.0, 2.67, -2.38, 1.4 , Ruchti+2011a
   6087, TYC 7602-1143-1         , TYC 7602-1143-1         , Atari , 05:52:15.7868, -39:53:18.441, 4875.0, 1.87, -2.05, 1.9 , Ruchti+2011a
    855, BPS CS 22960-0064       , BPS CS 22960-0064       , Atari , 22:24:00.1429, -42:35:16.026, 5060.0, 2.2 , -2.77, 1.4 , Roederer+2014a

    324, BPS CS 22186-0023       , BPS CS 22186-0023       , Atari , 04:19:45.5332, -36:51:35.980, 4820.0, 1.55, -2.89, 1.6 , Roederer+2014c, c
   1066, BD-20 6008              , BD-20 6008              , Atari , 20:42:48.7696, -20:00:39.383, 4540.0, 0.65, -3.05, 1.7 , Roederer+2014c, b
   1419, BPS CS 29506-0007       , BPS CS 29506-0007       , Atari , 21:20:28.6541, -20:46:22.955, 5940.0, 3.6 , -2.94, 1.5 , Roederer+2014c, b
   1455, BPS CS 30493-0071       , BPS CS 30493-0071       , Atari , 23:16:30.7975, -35:34:35.810, 5700.0, 3.55, -2.46, 1.3 , Roederer+2014c, b
   
   2248, SDSS J120441.38+120111.5, SDSS J120441.38+120111.5, Atari , 12:04:41.3884, +12:01:11.514, 5467.0, 3.2 , -4.34, 1.5 , Placco+2015a
   2080, HE 2318-1621            , HE 2318-1621            , Atari , 23:21:21.5631, -16:05:05.628, 4846.0, 1.4 , -3.67, 1.75, Placco+2014as
    777, BPS CS 22948-0104       , BPS CS 22948-0104       , Atari , 21:51:45.7604, -37:52:30.875, 5000.0, 2.3 , -2.76, 1.6 , Masseron+2012
    239, BPS CS 31079-0028       , BPS CS 31079-0028       , Atari , 03:01:00.6866, +06:16:31.808, 5257.0, 2.75, -2.85, 1.5 , Lai+2008
    457, BPS BS 16928-0053       , BPS BS 16928-0053       , Atari , 12:22:28.0240, +34:11:31.690, 4691.0, 1.16, -3.05, 2.1 , Lai+2008
   2419, SMSS J155628.74-165533.4, SMSS J155628.74-165533.4, Atari , 15:56:28.7415, -16:55:33.370, 4837.0, 1.45, -2.79, 2.25, Jacobson+2015a
    615, BPS CS 30306-0132       , BPS CS 30306-0132       , Atari , 15:14:18.9191, +07:27:02.680, 5110.0, 2.5 , -2.42, 1.8 , Honda+2004
   6063, CD-54 503               , CD-54 503               , Atari , 02:21:55.5935, -54:10:14.472, 5842.0, 3.53, -2.09, 1.54, Holmbeck+2020
   6075, TYC 7577-1592-1         , TYC 7577-1592-1         , Atari , 04:01:48.9752, -37:57:53.396, 4797.0, 1.02, -2.28, 2.32, Holmbeck+2020
   6086, TYC 7062-1120-1         , TYC 7062-1120-1         , Atari , 05:51:42.1380, -33:27:33.819, 4718.0, 1.62, -2.42, 2.04, Holmbeck+2020
   6123, HD 84903                , HD 84903                , Atari , 09:47:19.2015, -41:27:04.199, 4680.0, 0.83, -2.67, 2.39, Holmbeck+2020
   6192, UCAC2 12021754          , UCAC2 12021754          , Atari , 15:02:38.5201, -46:02:06.558, 4806.0, 1.66, -2.23, 2.09, Holmbeck+2020
   2507, TYC 4928-1438-1         , TYC 4928-1438-1         , Atari , 11:18:35.8831, -06:50:45.020, 4400.0, 0.1 , -3.73, 2.4 , Hollek+2011
   2508, TYC 4961-1053-1         , TYC 4961-1053-1         , Atari , 13:19:47.0110, -04:23:10.342, 4525.0, 0.3 , -3.1 , 2.15, Hollek+2011
   5852, UCAC4 501-063456        , UCAC4 501-063456        , Atari , 16:10:31.0611, +10:03:05.590, 5370.0, 2.6 , -2.43, 2.05, Hansen_T+2018
   5868, UCAC4 128-171197        , UCAC4 128-171197        , Atari , 18:36:23.1865, -64:28:12.466, 4896.0, 1.8 , -2.57, 1.95, Hansen_T+2018
   5872, TYC 8764-1992-1         , TYC 8764-1992-1         , Atari , 19:16:18.2200, -55:44:45.396, 4450.0, 0.65, -2.35, 2.5 , Hansen_T+2018
   5906, HE 2159-0551            , HE 2159-0551            , Atari , 22:02:16.3602, -05:36:48.534, 4668.0, 0.93, -2.75, 2.57, Hansen_T+2018
   2035, HE 0945-1435            , HE 0945-1435            , Atari , 09:47:50.6778, -14:49:06.861, 6300.0, 4.5 , -3.9 , 1.6 , Hansen_T+2015
   2665, HE 1300+0157            , HE 1300+0157            , Atari , 13:02:56.2443, +01:41:52.080, 5450.0, 3.2 , -3.88, 1.54, Frebel+2007a
      0, SDSS J124719.46-034152.4, SDSS J124719.46-034152.4, Atari , 12:47:19.4672, -03:41:52.504, 6332.0,     , -4.11,     , Francois+2018b
   5733, HD 119516               , HD 119516               , Atari , 13:43:26.7251, +15:34:31.069, 5400.0, 1.73, -2.16, 2.2 , For+2010
   5661, UCAC4 414-058324        , UCAC4 414-058324        , Atari , 14:35:58.5107, -07:19:26.557, 4617.0, 1.25, -2.99, 2.15, Ezzeddine+2020
   5685, TYC 9527-1073-1         , TYC 9527-1073-1         , Atari , 18:28:43.5444, -84:41:34.807, 4648.0, 2.95, -2.03, 1.8 , Ezzeddine+2020
   5689, UCAC2 989194            , UCAC2 989194            , Atari , 18:36:12.1452, -73:33:44.266, 4756.0, 1.4 , -2.61, 2.15, Ezzeddine+2020
   5690, 2MASS J18405985-4841353 , 2MASS J18405985-4841353 , Atari , 18:40:59.8598, -48:41:35.314, 4792.0, 1.4 , -2.58, 1.8 , Ezzeddine+2020
   2562, HE 0017-4346            , HE 0017-4346            , Atari , 00:20:16.2080, -43:30:18.055, 6198.0, 3.8 , -3.07, 1.2 , Cohen+2013
   2591, UCAC4 342-001270        , UCAC4 342-001270        , Atari , 01:07:31.2348, -21:46:06.492, 6330.0, 4.4 , -2.55, 1.6 , Cohen+2013
   2609, UCAC4 371-007255        , UCAC4 371-007255        , Atari , 05:10:35.4729, -15:51:38.255, 6365.0, 4.4 , -2.43, 1.4 , Cohen+2013
   2657, UCAC4 452-052732        , UCAC4 452-052732        , Atari , 13:22:35.3538, +00:22:32.680, 6500.0, 3.7 , -3.38, 1.9 , Cohen+2013
   2645, HE 1424-0241            , HE 1424-0241            , Atari , 14:26:40.3306, -02:54:27.487, 5195.0, 2.5 , -3.96,     , Cohen+2007
   1888, HD 2796                 , HD 2796                 , Atari , 00:31:16.9147, -16:47:40.790, 4950.0, 1.5 , -2.4 , 2.1 , Cayrel+2004
   2255, 2MASS J12450268-0738469 , 2MASS J12450268-0738469 , Atari , 12:45:02.6808, -07:38:47.103, 6100.0, 4.0 , -3.17, 1.5 , Caffau+2013
   2554, UCAC3 215-112497        , UCAC3 215-112497        , Atari , 10:29:15.1489, +17:29:27.924, 5811.0, 4.0 , -4.97, 1.5 , Caffau+2011d
     71, HE 0023-4825            , HE 0023-4825            , Atari , 00:25:50.3198, -48:08:27.012, 5816.0, 3.63, -2.06, 1.45, Barklem+2005b
    568, HE 1413-1954            , HE 1413-1954            , Atari , 14:16:04.7119, -20:08:54.089, 6533.0, 4.59, -3.22, 1.4 , Barklem+2005b
    908, HE 2259-3407            , HE 2259-3407            , Atari , 23:02:15.7379, -33:51:11.284, 6266.0, 4.32, -2.29, 1.37, Barklem+2005b
   3231, HD 23798                , HD 23798                , Atari , 03:46:45.7220, -30:51:13.333, 4450.0, 1.26, -2.26, 2.17, Aoki_M+2017
   2211, SDSS J063055.58+255243.7, SDSS J063055.58+255243.7, Atari , 06:30:55.5706, +25:52:43.780, 6100.0, 4.0 , -3.05, 1.5 , Aoki+2013a
      0, SDSS J105519.28+232234.0, SDSS J105519.28+232234.0, Atari , 10:55:19.2803, +23:22:34.010, 6448.0, 4.9 , -4.2 ,     , Aguado+2017