Name,LiI-6707,OI-7771,OI-7774,OI-7775,NaI-5682,NaI-5688,NaI-5889,NaI-5895,KI-7664,KI-7698
CS 22166-016,0.08,,,,,,,,,
CS 22169-008,-0.03,-0.22,-0.22,,,,,,,
CS 22169-035,0.14,-0.05,-0.05,-0.05,,,,,,-0.27
CS 22171-031,-0.04,-0.26,-0.26,-0.25,,,,,,
CS 22171-037,-0.03,-0.46,-0.45,-0.45,,,-0.05,-0.05,,
CS 22172-029,0.07,-0.09,-0.09,-0.08,,,,,-0.43,
CS 22174-020,-0.03,-0.3,-0.3,-0.3,,,,,,
CS 22177-009,-0.03,-0.36,-0.35,-0.35,,,,,,
CS 22177-010,-0.04,-0.39,-0.39,-0.39,,,,,,
CS 22180-014,-0.02,-0.25,,,,,-0.32,,,
CS 22182-033,-0.04,,,,,,,-0.28,,
CS 22182-047,-0.04,-0.11,-0.11,-0.1,,,,,,-0.34
CS 22183-031,0.09,-0.07,-0.07,-0.07,,,,,,-0.24
CS 22185-007,0.11,-0.07,-0.07,-0.07,,,,-0.3,-0.35,-0.27
CS 22186-002,-0.02,-0.11,-0.11,-0.1,,,,-0.22,,-0.26
CS 22186-017,-0.02,-0.25,-0.25,-0.25,,,,,,-0.25
CS 22186-023,0.1,-0.07,,,,,,,,
CS 22189-009,0.13,-0.06,-0.06,,,,-0.07,,,
CS 22191-029,0.05,-0.21,-0.21,-0.2,,,,,,
CS 22871-104,-0.05,,,,,,,,,
CS 22872-102,-0.03,-0.36,,,,,-0.31,,,
CS 22873-072,-0.03,-0.37,-0.37,-0.36,,,,-0.08,,
CS 22873-128,0.12,-0.07,-0.06,-0.06,,,-0.25,,,-0.28
CS 22874-123,-0.05,,,,,,,-0.29,,
CS 22875-029,0.05,,,,,,,,,
CS 22876-040,-0.04,-0.22,-0.21,-0.2,,,,,,
CS 22877-001,0.1,-0.07,,,,,,,,
CS 22877-011,0.06,-0.08,,,,,,,,
CS 22877-015,-0.05,,,,,,-0.56,,,
CS 22877-051,-0.04,-0.37,-0.36,-0.35,,,,,,
CS 22878-002,-0.03,,,,,,,,,
CS 22878-027,-0.03,,,,,,-0.2,,,
CS 22878-101,0.13,,,,,,,,,
CS 22879-012,-0.03,-0.36,-0.36,,,,,,-0.24,
CS 22879-029,-0.03,-0.22,-0.21,-0.2,,,-0.52,-0.45,,
CS 22879-051,-0.03,-0.46,-0.46,,,,,,,
CS 22879-094,-0.03,-0.26,-0.26,-0.26,,,,,,
CS 22879-097,0.05,,,,,,,,,
CS 22879-103,0.05,,,,,,,,,
CS 22880-067,-0.01,,,,,,,,,
CS 22880-086,0.06,,,,,,,,,
CS 22881-032,0.0,-0.11,-0.11,-0.11,,,-0.08,-0.05,,
CS 22881-036,-0.03,-0.23,-0.22,-0.21,,,-0.53,-0.55,,-0.3
CS 22881-039,0.03,,,,,,,,,
CS 22881-070,-0.03,-0.34,-0.34,-0.33,,,,,,
CS 22882-001,0.05,,,,,,,,,
CS 22882-006,-0.03,-0.23,,,,,-0.26,,-0.26,
CS 22882-012,-0.04,-0.47,-0.46,-0.45,,,,-0.45,,
CS 22882-030,-0.01,-0.15,-0.15,,,,,-0.05,,
CS 22883-037,0.04,,,,,,,,,
CS 22884-020,-0.04,-0.23,-0.22,-0.21,,,-0.46,,,-0.29
CS 22884-108,-0.04,,,,,,,,,
CS 22885-040,-0.04,-0.36,-0.36,,,,,,,
CS 22885-096,0.12,-0.06,-0.06,-0.06,,,0.0,,,
CS 22885-203,-0.03,-0.22,,,,,,,,-0.28
CS 22886-003,-0.02,-0.35,-0.35,-0.34,,,,,,
CS 22886-012,-0.03,-0.17,,-0.16,,,-0.3,,,-0.29
CS 22886-013,0.04,-0.33,-0.31,-0.3,,,,,,
CS 22886-044,-0.04,-0.16,-0.15,-0.13,,,,,-0.46,
CS 22888-002,-0.02,-0.22,-0.21,-0.21,,,,,,
CS 22888-014,-0.04,-0.34,-0.33,-0.32,,,,,,
CS 22888-031,-0.02,-0.28,-0.28,-0.28,,,,,,
CS 22888-047,0.05,,,,,,,,,
CS 22889-050,-0.02,,,,,,,,,
CS 22890-011,-0.04,-0.27,,,,,,,,
CS 22890-024,0.01,-0.1,,,,,,,,
CS 22890-064,-0.03,,,,,,,,,
CS 22891-184,0.05,-0.14,-0.14,-0.13,,,,,,
CS 22891-200,0.13,-0.05,-0.05,-0.05,,,,,0.07,
CS 22891-209,0.13,-0.06,-0.06,-0.06,,,,,,
CS 22891-221,0.02,,-0.1,-0.1,,,-0.18,,,
CS 22892-025,-0.04,-0.38,-0.37,-0.36,,,,,,
CS 22892-052,0.12,-0.06,-0.06,-0.06,,,,,,-0.24
CS 22893-005,0.01,-0.1,-0.1,-0.1,,,-0.38,,,
CS 22893-010,-0.07,-0.1,,,-0.1,-0.13,,,-0.28,-0.25
CS 22893-011,-0.05,-0.22,-0.21,-0.2,,,,-0.55,,
CS 22894-004,-0.03,-0.28,-0.27,,,,,-0.57,,-0.28
CS 22894-019,-0.03,,,,,,,,,
CS 22894-023,-0.03,,,,,,,,,
CS 22894-049,-0.05,-0.3,-0.3,-0.29,,,,,,
CS 22896-015,0.05,-0.09,-0.09,-0.09,,,,-0.34,-0.33,-0.28
CS 22896-055,0.05,-0.26,-0.25,-0.23,,,,,,
CS 22896-110,0.11,-0.11,-0.11,-0.11,,,,,-0.35,-0.29
CS 22896-115,-0.04,,,-0.28,,,,,,
CS 22896-136,-0.04,-0.23,-0.22,-0.22,,,,,,
CS 22897-008,0.13,-0.06,-0.06,-0.06,,,-0.14,,,-0.17
CS 22898-043,0.04,-0.33,-0.32,-0.31,,,,,,
CS 22898-047,0.04,,-0.1,-0.09,,,,,,
CS 22937-072,0.07,,,,,,,,,
CS 22940-070,0.03,,,,,,,,,
CS 22940-077,0.1,,,,,,,,,
CS 22940-121,0.11,,,,,,,,,
CS 22941-017,0.05,-0.09,-0.09,-0.09,,,-0.39,,,-0.23
CS 22941-027,0.05,,,,,,,,,
CS 22942-002,0.06,-0.08,-0.08,-0.08,,,,,,
CS 22942-011,0.07,-0.08,-0.08,-0.08,,,,-0.42,,-0.28
CS 22942-035,0.07,-0.08,-0.08,-0.08,,,,,,
CS 22943-059,-0.02,,,,,,,,,
CS 22943-095,-0.05,-0.3,-0.3,-0.29,,,,,,-0.31
CS 22943-132,-0.03,-0.23,-0.23,-0.22,,,,,,
CS 22943-137,-0.02,-0.11,-0.11,-0.11,,,,,,
CS 22943-201,0.02,-0.28,-0.27,-0.26,,,,,,
CS 22944-014,-0.04,,,,,,-0.43,,,
CS 22944-032,0.04,-0.09,-0.09,-0.09,,,,,,
CS 22944-061,-0.03,-0.34,-0.34,-0.33,,,,,,
CS 22945-017,-0.03,-0.37,-0.36,,,,,,,-0.26
CS 22945-024,0.05,-0.1,-0.09,-0.09,,,,,-0.44,
CS 22945-028,0.08,-0.08,-0.08,,,,-0.44,-0.35,-0.32,-0.28
CS 22945-031,-0.02,-0.29,-0.29,-0.28,,,,,,
CS 22945-056,0.05,-0.27,-0.26,,,,,,,
CS 22945-058,-0.03,-0.32,-0.31,-0.31,,,,,,
CS 22945-063,0.05,-0.19,,,,,,,,
CS 22947-187,0.09,-0.12,-0.12,-0.11,,,-0.63,,,
CS 22948-066,0.09,-0.07,-0.07,-0.07,,,,,,
CS 22948-093,-0.05,-0.7,,-0.68,,,-0.06,-0.07,,
CS 22949-030,-0.03,-0.31,-0.31,-0.3,,,-0.27,,,
CS 22949-037,0.13,-0.06,-0.06,,,,,,,
CS 22949-048,0.13,-0.06,-0.06,-0.06,,,,,,
CS 22950-046,0.16,-0.05,-0.05,-0.05,,,,,-0.07,-0.2
CS 22951-005,-0.03,-0.3,-0.29,,,,,-0.2,,
CS 22951-059,0.04,-0.1,-0.09,-0.09,,,,,,-0.29
CS 22951-077,0.09,,,,,,,,,
CS 22952-015,0.13,-0.05,-0.05,-0.05,,,,,,
CS 22953-003,0.09,-0.07,-0.07,-0.07,,,-0.37,,,
CS 22953-037,-0.04,,-0.48,-0.48,,,,,,
CS 22954-004,-0.03,-0.26,-0.25,,,,,,,
CS 22954-015,-0.05,-0.15,-0.14,-0.13,,,,,-0.36,
CS 22955-110,-0.04,-0.41,-0.37,-0.32,,,,,,-0.56
CS 22955-174,0.1,-0.12,-0.12,-0.12,,,,,,
CS 22956-015,-0.04,-0.26,-0.25,,,,,,,
CS 22956-021,-0.04,-0.29,-0.28,-0.27,,,-0.29,,,
CS 22956-050,0.13,-0.06,-0.06,-0.06,,,,,,
CS 22956-062,-0.02,-0.13,-0.13,-0.12,,,,-0.25,,
CS 22956-081,-0.04,-0.5,-0.5,-0.49,,,,,,
CS 22956-102,-0.04,-0.25,-0.24,-0.23,,,,,,
CS 22956-106,-0.05,-0.47,-0.46,,,,,,,-0.26
CS 22956-110,0.05,-0.28,-0.27,,,,-0.1,,,
CS 22956-114,0.08,-0.08,-0.08,-0.08,,,,,,
CS 22957-013,0.13,-0.06,-0.06,-0.06,,,-0.37,,,-0.26
CS 22957-019,-0.03,-0.28,-0.27,-0.26,,,,,,
CS 22957-022,0.09,-0.07,-0.07,-0.07,,,,,,
CS 22957-024,-0.04,,,,,,-0.21,,,
CS 22957-026,-0.05,-0.18,-0.17,-0.15,,,,,,
CS 22957-027,0.03,-0.1,-0.1,-0.09,,-0.08,-0.47,-0.49,-0.22,
CS 22957-036,-0.04,-0.17,-0.16,-0.15,,,,-0.44,,
CS 22958-037,0.04,-0.21,-0.2,-0.19,,,-0.48,,,
CS 22958-041,-0.03,,,,,,,,,
CS 22958-042,-0.01,,,,-0.1,-0.11,,,,
CS 22958-052,-0.04,-0.28,-0.27,-0.27,,,,,,
CS 22958-065,-0.04,-0.22,-0.21,,,,,,,-0.29
CS 22958-074,-0.03,-0.23,-0.22,-0.21,,,,,,-0.28
CS 22958-083,0.08,,,,,,,-0.37,,
CS 22959-074,0.07,-0.09,-0.09,-0.08,,,,,,
CS 22959-139,-0.04,,-0.29,,,,,,,
CS 22960-010,-0.01,-0.11,-0.11,-0.11,,,,,,
CS 22960-029,-0.03,-0.29,-0.29,-0.28,,,,,,
CS 22960-048,0.1,-0.07,-0.07,-0.07,,,,,,
CS 22960-053,0.09,,,,,,,,,
CS 22960-064,0.05,-0.09,-0.09,-0.09,,,-0.5,-0.54,-0.38,
CS 22963-004,0.05,-0.09,-0.09,-0.09,,,,,,
CS 22964-115,-0.03,-0.36,-0.36,-0.35,,,,,,
CS 22964-176,-0.04,-0.27,-0.26,,,,-0.33,,-0.31,
CS 22964-183,-0.03,,,,,,,,,
CS 22964-214,-0.04,-0.45,,,,,,,,
CS 22965-016,0.11,-0.07,-0.07,,,,-0.39,,-0.29,
CS 22965-054,-0.04,-0.4,-0.39,,,,,,,
CS 22968-001,-0.03,,,,,,,,,
CS 22968-014,0.13,-0.06,-0.06,-0.06,,,-0.02,0.06,,
CS 22968-026,-0.03,-0.2,-0.19,-0.18,,,,,-0.33,-0.29
CS 22968-029,-0.03,-0.25,-0.25,-0.25,,,,,,
CS 29493-023,-0.03,-0.31,,,,,,,,
CS 29493-050,-0.05,-0.51,-0.51,,,,-0.21,,,
CS 29493-062,-0.03,-0.12,-0.11,,,,,,,
CS 29493-094,-0.04,-0.3,-0.3,,,,,,,
CS 29495-005,-0.04,-0.21,-0.21,,,,,,,-0.35
CS 29495-042,0.04,-0.1,-0.1,-0.09,,,-0.44,,,
CS 29497-030,-0.06,-0.47,-0.46,-0.45,,,,,,
CS 29498-043,0.14,-0.05,-0.05,-0.05,-0.03,-0.04,-0.41,-0.44,-0.09,-0.2
CS 29499-003,-0.04,-0.26,,,,,-0.37,-0.27,,
CS 29499-058,-0.04,-0.32,-0.32,,,,,,,
CS 29499-060,-0.05,,,,,,,,,
CS 29501-032,-0.05,-0.3,-0.3,,,,,,,
CS 29502-092,0.1,-0.07,-0.07,-0.07,,,-0.3,,,-0.22
CS 29504-004,-0.04,-0.4,-0.38,-0.35,,,,,,
CS 29504-006,-0.03,,,,,,,,,
CS 29506-007,-0.03,-0.35,,,,,,,,
CS 29506-090,-0.03,-0.36,-0.35,-0.35,,,,,,
CS 29509-027,-0.04,-0.41,-0.4,-0.39,,,,,,
CS 29512-073,-0.03,-0.12,-0.11,-0.11,,,,,,
CS 29513-003,0.06,-0.14,-0.13,-0.12,,,-0.68,-0.55,,
CS 29513-014,0.08,-0.15,-0.14,-0.12,,,-0.72,,,-0.42
CS 29513-015,-0.04,-0.32,,,,,,,,
CS 29513-031,-0.06,-0.5,-0.49,,,,-0.51,,,
CS 29513-032,-0.05,-0.17,-0.16,-0.14,,,-0.55,,,-0.35
CS 29514-007,-0.05,,,,,,,,,
CS 29514-017,0.01,-0.11,-0.1,-0.09,,,,,,-0.35
CS 29514-018,-0.03,-0.29,,,,,,,,-0.26
CS 29514-037,-0.04,,,,,,,,,
CS 29517-018,-0.03,-0.21,-0.21,-0.2,,,,,-0.25,
CS 29517-042,-0.04,-0.33,-0.32,,,,,,,
CS 29529-054,-0.03,-0.2,-0.2,-0.19,,,,,,
CS 30312-044,0.12,,,,,,,,,
CS 30312-059,0.1,-0.07,-0.07,,,,,,,
CS 30312-062,0.01,-0.45,-0.43,,,,,,,
CS 30312-100,0.05,-0.09,-0.09,,,,-0.51,,-0.39,
CS 30314-067,0.18,-0.05,-0.05,-0.05,,,,,-0.3,-0.26
CS 30339-015,-0.03,-0.28,-0.28,-0.27,,,,,,-0.25
CS 30339-046,0.01,-0.48,-0.46,,,,,,,
CS 30339-052,0.03,-0.15,-0.15,-0.14,,,,,,
CS 30339-069,-0.02,,,,,,,,,
CS 30339-073,0.09,,,,,,-0.09,-0.03,,
CS 30492-001,-0.03,-0.18,-0.18,-0.17,,,,-0.27,,
CS 30492-016,-0.02,-0.15,-0.15,-0.15,,,,,,
CS 30492-110,0.13,-0.06,-0.06,-0.06,,,,,,-0.24
CS 30493-071,-0.02,-0.17,-0.17,,,,,-0.27,,
CS 30494-003,0.07,-0.08,-0.08,-0.08,,,,,-0.28,
CS 31082-001,0.13,,,,,,-0.39,,,
BD-20 6008,0.14,-0.06,-0.06,-0.06,,,,,,-0.27
BD-18 5550,0.13,-0.06,-0.06,-0.06,,,,,,
BD-15 5781,0.14,-0.05,-0.05,-0.05,,,,,,-0.3
BD-01 2582,0.08,,,,-0.06,-0.06,,,,-0.4
BD+10 2495,0.08,-0.09,-0.09,-0.08,,-0.06,,,,
BD+19 1185A,0.0,-0.11,-0.1,-0.09,-0.09,-0.09,,,,-0.42
BD+24 1676,-0.04,-0.34,-0.33,,,,-0.28,-0.17,,-0.26
BD+26 3578,-0.04,-0.27,-0.27,-0.26,,,,,,
BD+29 2356,0.14,-0.07,,,-0.06,-0.08,,,,-0.53
BD+44 493,0.06,,,,,,,,,
BD+80 245,0.0,-0.11,-0.11,,,,,,,
CD-38 245,0.13,-0.05,-0.05,-0.05,,,,,,
CD-36 1052,0.04,-0.32,-0.3,-0.26,,,,,,-0.38
CD-30 298,0.09,-0.07,-0.07,-0.07,,,-0.14,,,
CD-24 1782,0.06,-0.08,-0.08,-0.08,,,,,-0.27,
G004-036,-0.03,-0.17,,,,,,,,
G004-037,-0.04,-0.36,-0.36,,,,,,,
G009-027,-0.01,,,,,-0.07,,,,
G010-054,-0.01,,,,,,,,,
G015-010,0.01,-0.09,,,,,,,,
G016-025,0.0,,,,,,,,,
G025-022,-0.02,,,,,,,,,
G025-024,-0.03,-0.15,-0.14,-0.13,,,,,,-0.34
G026-001,-0.04,-0.14,,,-0.08,,,,,
G064-012,-0.03,-0.41,-0.4,-0.4,,,,-0.06,,
G071-055,-0.03,-0.12,-0.11,-0.1,,,,,,
G075-056,-0.05,,,,,,,,,
G088-023,-0.04,,,,,,,,,
G090-003,-0.04,,-0.14,,,-0.08,,,,-0.31
G090-025,0.01,-0.07,-0.07,,,,,,,-0.34
G107-050,-0.05,,,,,,,,,
G115-049,-0.02,,,,,,,,,
G122-069,-0.03,,,,,,,,,
G126-062,-0.04,-0.19,-0.17,-0.15,,,-0.5,,-0.47,-0.44
G137-086,-0.04,,,,,,,,,
G146-056,0.01,,,,-0.07,-0.08,,,,
G146-076,0.06,-0.1,,,-0.05,,,,,
G153-064,0.0,-0.16,-0.15,-0.12,-0.1,-0.12,,,-0.49,-0.5
G161-073,-0.02,-0.2,-0.18,-0.16,-0.08,-0.1,,,-0.64,-0.59
G166-047,-0.04,,,,,,-0.41,,,
G170-047,0.07,,,,,,,,,
G180-058,-0.01,-0.1,,,,,,,-0.3,
G186-026,-0.02,,,,,,,,,
G188-022,-0.04,,-0.19,-0.17,-0.09,-0.1,,,-0.53,
G188-030,0.02,,,,,,,,,
G190-010,0.0,-0.07,-0.07,,,,,,,
G190-015,0.0,-0.1,-0.1,-0.1,,,,,,-0.25
G199-066,-0.03,,,,,,,,,
G201-044,-0.05,-0.2,-0.18,,,,,,,
G206-034,-0.03,,,,,,,,,
G214-001,-0.03,,,,,,,,,
G234-028,-0.04,-0.17,-0.15,-0.14,,,,,,
G238-030,-0.02,,,,,,,,,
G238-032,0.0,,,,-0.08,-0.08,,,,
HD 6268,0.15,-0.06,-0.06,-0.06,,,,,,
HD 11582,0.06,-0.11,-0.1,-0.09,-0.08,-0.09,,,,-0.62
HD 13979,0.1,-0.08,,-0.07,,,-0.4,-0.33,,-0.32
HD 16031,-0.04,-0.15,-0.14,-0.12,,,-0.49,,,
HD 19445,-0.04,,-0.19,-0.18,,,,,,-0.31
HD 21581,0.07,-0.12,-0.11,-0.1,-0.08,-0.09,,,-0.69,
HD 26169,0.11,-0.07,-0.07,-0.07,,,,-0.39,,
HD 26297,0.23,,,,-0.03,-0.05,,,,
HD 31128,-0.03,-0.12,-0.11,-0.1,,,,,,-0.4
HD 45282,0.03,-0.13,,,-0.08,-0.09,,,,-0.53
HD 88609,0.15,,,,,,,,,
HD 94028,-0.03,-0.14,-0.13,,-0.09,-0.1,,,,-0.46
HD 106373,0.05,-0.28,-0.27,-0.26,-0.09,-0.09,,,,-0.28
HD 108317,0.06,-0.09,-0.09,-0.09,,,,,,-0.41
HD 119516,0.05,-0.22,-0.2,-0.17,,-0.07,,,-0.38,-0.32
HD 122196,-0.05,-0.17,-0.16,-0.14,,,,,,-0.37
HD 122563,0.14,-0.05,-0.05,-0.05,,,,,,-0.3
HD 126238,0.12,-0.08,-0.08,-0.07,,,,,,-0.5
HD 126587,0.13,,,,,,,-0.26,-0.29,
HD 128279,0.05,-0.09,-0.09,-0.09,-0.06,,,,,
HD 132475,-0.02,-0.13,-0.12,-0.11,,-0.09,,,-0.49,
HD 175305,0.09,-0.14,-0.13,-0.12,-0.08,-0.08,,,,-0.55
HD 175606,-0.05,-0.2,-0.19,-0.18,,,,-0.39,-0.35,
HD 178443,0.09,-0.14,-0.13,-0.12,-0.08,-0.08,,,-0.76,-0.55
HD 184266,0.04,-0.3,-0.28,-0.24,,,,,,
HD 186478,0.15,,,,,,,,,
HD 188510,0.01,,,,-0.07,-0.08,,,,-0.34
HD 193901,-0.01,,,,-0.08,-0.09,,,,
HD 196892,,,,,-0.11,,,,,
HD 196944,0.07,-0.13,-0.12,-0.11,,,,,,
HD 200654,0.05,-0.09,-0.09,-0.09,,,,,-0.25,
HD 201891,,,,,,,,,,-0.53
HD 214362,0.05,-0.22,-0.2,-0.18,,,,,-0.45,
HD 219617,,,,,,-0.08,,,,-0.4
HD 220127,0.05,-0.12,-0.11,-0.1,-0.08,,,,-0.66,
HD 237846,0.11,-0.07,-0.07,,,,,,,
HE 0454-4758,0.04,-0.1,-0.09,-0.09,,,,-0.12,,
HE 0938+0114,-0.03,-0.39,,,,,,,,-0.23
HE 1012-1540,0.03,,-0.1,-0.09,,,-0.5,-0.48,,-0.22
HE 1124-2335,0.08,-0.08,-0.07,-0.07,,,-0.31,,-0.23,
HE 1320-1339,0.12,-0.06,,,-0.04,,,,-0.31,
HIP 99423,-0.04,,-0.14,-0.12,-0.08,-0.09,,,-0.51,-0.49
