JINA_ID, Name                    , RA_hms       , Reference     , [Fe/H], [C/Fe], ul[C/Fe], |, epsli, epsbe, epsc, epsn, epso, epsf, epsna, epsmg, epsal, epssi, epsp, epss, epsk, epsca, epssc, epsti1, epsv, epscr, epsmn, epsfe, epsco, epsni, epscu, epszn, epsga, epsge, epsas, epsse, epsrb, epssr, epsy , epszr, epsnb, epsmo, epsru, epsrh, epspd, epsag, epscd, epssn, epste, epsba, epsla, epsce, epspr, epsnd, epssm, epseu, epsgd, epstb, epsdy, epsho, epser, epstm, epsyb, epslu, epshf, epsw, epsos, epsir, epspt, epsau, epshg, epspb, epsbi, epsth, epsu , epsca2, epsti, epsv2, epscr2, epsmn2, epsfe2, ulli, ulbe, ulc , uln , ulo , ulf, ulna, ulmg, ulal, ulsi, ulp, uls, ulk, ulca, ulsc , ulti1, ulv , ulcr, ulmn, ulfe, ulco, ulni, ulcu, ulzn, ulga, ulge, ulas, ulse, ulrb, ulsr , uly  , ulzr , ulnb, ulmo , ulru, ulrh, ulpd, ulag, ulcd, ulsn, ulte, ulba , ulla , ulce , ulpr , ulnd , ulsm , uleu , ulgd , ultb , uldy , ulho , uler , ultm , ulyb , ullu, ulhf , ulw, ulos, ulir, ulpt, ulau, ulhg, ulpb, ulbi, ulth , ulu, ulca2, ulti, ulv2, ulcr2, ulmn2, ulfe2, 
      0, SDSS J105519.28+232234.0, 10:55:19.2803, Aguado+2017   , -4.00 ,       ,     0.70, |,      ,      ,     ,     ,     ,     ,      ,      ,      ,      ,     ,     ,     ,      ,      ,       ,     ,      ,      ,      ,      ,      ,      ,      ,      ,      ,      ,      ,      ,      ,      ,      ,      ,      ,      ,      ,      ,      ,      ,      ,      ,      ,      ,      ,      ,      ,      ,      ,      ,      ,      ,      ,      ,      ,      ,      ,      ,     ,      ,      ,      ,      ,      ,      ,      ,      ,      ,       ,      ,      ,       ,       ,       ,     ,     , 5.13,     ,     ,    ,     ,     ,     ,     ,    ,    ,    ,     ,      ,      ,     ,     ,     ,     ,     ,     ,     ,     ,     ,     ,     ,     ,     ,      ,      ,      ,     ,      ,     ,     ,     ,     ,     ,     ,     ,      ,      ,      ,      ,      ,      ,      ,      ,      ,      ,      ,      ,      ,      ,     ,      ,    ,     ,     ,     ,     ,     ,     ,     ,      ,    ,      ,     ,     ,      ,      ,      , 
   2211, SDSS J063055.58+255243.7, 06:30:55.5706, Aoki+2013     , -3.05 ,       ,         , |,      ,      ,     ,     ,     ,     ,      ,  4.78,      ,      ,     ,     ,     ,      ,      ,       ,     ,      ,      ,  4.45,      ,      ,      ,      ,      ,      ,      ,      ,      ,      ,      ,      ,      ,      ,      ,      ,      ,      ,      ,      ,      ,      ,      ,      ,      ,      ,      ,      ,      ,      ,      ,      ,      ,      ,      ,      ,      ,     ,      ,      ,      ,      ,      ,      ,      ,      ,      ,       ,      ,      ,       ,       ,       ,     ,     ,     ,     ,     ,    ,     ,     ,     ,     ,    ,    ,    ,     ,      ,      ,     ,     ,     ,     ,     ,     ,     ,     ,     ,     ,     ,     ,     ,      ,      ,      ,     ,      ,     ,     ,     ,     ,     ,     ,     ,      ,      ,      ,      ,      ,      ,      ,      ,      ,      ,      ,      ,      ,      ,     ,      ,    ,     ,     ,     ,     ,     ,     ,     ,      ,    ,      ,     ,     ,      ,      ,      , 
    457, BPS BS 16928-0053       , 12:22:28.0240, Aoki+2013     , -3.17 , -0.16 ,         , |,      ,      , 5.2 , 5.9 ,     ,     ,  3.29,  4.8 ,  2.5 ,  5.64,     ,     ,     ,  3.5 , -0.06,   2.16, 0.56,      ,  1.82,  4.43,  1.89,  3.03,      ,      ,      ,      ,      ,      ,      , -0.44, -1.24, -0.57,      ,      ,      ,      ,      ,      ,      ,      ,      , -1.76,      ,      ,      ,      ,      , -2.96,      ,      ,      ,      ,      ,      ,      ,      ,      ,     ,      ,      ,      ,      ,      ,      ,      ,      ,      ,       ,      ,      ,       ,       ,       ,     ,     ,     ,     ,     ,    ,     ,     ,     ,     ,    ,    ,    ,     ,      ,      ,     ,     ,     ,     ,     ,     ,     ,     ,     ,     ,     ,     ,     ,      ,      ,      ,     ,      ,     ,     ,     ,     ,     ,     ,     ,      ,      ,      ,      ,      ,      ,      ,      ,      ,      ,      ,      ,      ,      ,     ,      ,    ,     ,     ,     ,     ,     ,     ,     ,      ,    ,      ,     ,     ,      ,      ,      , 
     71, HE 0023-4825            , 00:25:50.3198, Barklem+2005  , -2.06 , 0.27  ,         , |,      ,      , 6.64,     ,     ,     ,      ,  5.74,  3.4 ,      ,     ,     ,     ,  4.56, 1.14 ,   3.27,     ,  3.61,  2.88,  5.44,  2.98,  4.19,      ,      ,      ,      ,      ,      ,      , 0.89 , 0.13 ,      ,      ,      ,      ,      ,      ,      ,      ,      ,      , 0.01 ,      ,      ,      ,      ,      ,      ,      ,      ,      ,      ,      ,      ,      ,      ,      ,     ,      ,      ,      ,      ,      ,      ,      ,      ,      ,       ,      ,      ,       ,       ,       ,     ,     ,     ,     ,     ,    ,     ,     ,     ,     ,    ,    ,    ,     ,      ,      ,     ,     ,     ,     ,     ,     ,     ,     ,     ,     ,     ,     ,     ,      ,      ,      ,     ,      ,     ,     ,     ,     ,     ,     ,     ,      ,      ,      ,      ,      ,      ,      ,      ,      ,      ,      ,      ,      ,      ,     ,      ,    ,     ,     ,     ,     ,     ,     ,     ,      ,    ,      ,     ,     ,      ,      ,      , 
      0, SDSS J124719.46-034152.4, 12:47:19.4672, Barklem+2005  , -3.88 ,       ,     1.84, |,      ,      ,     ,     ,     ,     ,      ,      ,      ,      ,     ,     ,     ,      ,      ,       ,     ,      ,      ,      ,      ,      ,      ,      ,      ,      ,      ,      ,      ,      ,      ,      ,      ,      ,      ,      ,      ,      ,      ,      ,      ,      ,      ,      ,      ,      ,      ,      ,      ,      ,      ,      ,      ,      ,      ,      ,      ,     ,      ,      ,      ,      ,      ,      ,      ,      ,      ,       ,      ,      ,       ,       ,       ,     ,     , 6.16,     ,     ,    ,     ,     ,     ,     ,    ,    ,    ,     ,      ,      ,     ,     ,     ,     ,     ,     ,     ,     ,     ,     ,     ,     ,     ,      ,      ,      ,     ,      ,     ,     ,     ,     ,     ,     ,     ,      ,      ,      ,      ,      ,      ,      ,      ,      ,      ,      ,      ,      ,      ,     ,      ,    ,     ,     ,     ,     ,     ,     ,     ,      ,    ,      ,     ,     ,      ,      ,      , 
    568, HE 1413-1954            , 14:16:04.7119, Barklem+2005  , -3.20 , 1.41  ,         , |,      ,      , 6.65,     ,     ,     ,      ,      ,      ,      ,     ,     ,     ,  3.5 ,      ,       ,     ,      ,      ,  4.31,      ,      ,      ,      ,      ,      ,      ,      ,      , -0.69,      ,      ,      ,      ,      ,      ,      ,      ,      ,      ,      ,      ,      ,      ,      ,      ,      ,      ,      ,      ,      ,      ,      ,      ,      ,      ,      ,     ,      ,      ,      ,      ,      ,      ,      ,      ,      ,       ,      ,      ,       ,       ,       ,     ,     ,     ,     ,     ,    ,     ,     ,     ,     ,    ,    ,    ,     ,      ,      ,     ,     ,     ,     ,     ,     ,     ,     ,     ,     ,     ,     ,     ,      ,      ,      ,     ,      ,     ,     ,     ,     ,     ,     ,     ,      ,      ,      ,      ,      ,      ,      ,      ,      ,      ,      ,      ,      ,      ,     ,      ,    ,     ,     ,     ,     ,     ,     ,     ,      ,    ,      ,     ,     ,      ,      ,      , 
    908, HE 2259-3407            , 23:02:15.7379, Barklem+2005  , -2.29 , 0.37  ,         , |,      ,      , 6.51,     ,     ,     ,      ,  5.52,  3.2 ,      ,     ,     ,     ,  4.36, 1.01 ,   3.13,     ,  3.23,  2.6 ,  5.21,  2.87,  3.92,      ,      ,      ,      ,      ,      ,      , 0.5  ,      ,      ,      ,      ,      ,      ,      ,      ,      ,      ,      , -0.68,      ,      ,      ,      ,      ,      ,      ,      ,      ,      ,      ,      ,      ,      ,      ,     ,      ,      ,      ,      ,      ,      ,      ,      ,      ,       ,      ,      ,       ,       ,       ,     ,     ,     ,     ,     ,    ,     ,     ,     ,     ,    ,    ,    ,     ,      ,      ,     ,     ,     ,     ,     ,     ,     ,     ,     ,     ,     ,     ,     ,      ,      ,      ,     ,      ,     ,     ,     ,     ,     ,     ,     ,      ,      ,      ,      ,      ,      ,      ,      ,      ,      ,      ,      ,      ,      ,     ,      ,    ,     ,     ,     ,     ,     ,     ,     ,      ,    ,      ,     ,     ,      ,      ,      , 
    777, BPS CS 22948-0104       , 21:51:45.7604, Beers+1992    , -2.76 , 0.43  ,         , |,  0.92,      , 6.05, 5.1 ,     ,     ,  3.35,  5.15,      ,      ,     ,     ,     ,      ,      ,       ,     ,      ,      ,  4.69,      ,      ,      ,      ,      ,      ,      ,      ,      ,      ,      ,      ,      ,      ,      ,      ,      ,      ,      ,      ,      , -0.85,      ,      ,      ,      ,      , -2.4 ,      ,      ,      ,      ,      ,      ,      ,      ,      ,     ,      ,      ,      ,      ,      ,      ,      ,      ,      ,       ,      ,      ,       ,       ,       ,     ,     ,     ,     ,     ,    ,     ,     ,     ,     ,    ,    ,    ,     ,      ,      ,     ,     ,     ,     ,     ,     ,     ,     ,     ,     ,     ,     ,     ,      ,      ,      ,     ,      ,     ,     ,     ,     ,     ,     ,     ,      ,      ,      ,      ,      ,      ,      ,      ,      ,      ,      ,      ,      ,      ,     ,      ,    ,     ,     ,     ,     ,     ,     ,     ,      ,    ,      ,     ,     ,      ,      ,      , 
   2554, UCAC3 215-112497        , 10:29:15.1489, Caffau+2011c  , -4.99 ,       ,     0.74, |,      ,      ,     ,     ,     ,     ,      ,  2.95,      ,  3.25,     ,     ,     ,  1.53,      ,       ,     ,      ,      ,  2.53,      ,  1.35,      ,      ,      ,      ,      ,      ,      ,      ,      ,      ,      ,      ,      ,      ,      ,      ,      ,      ,      ,      ,      ,      ,      ,      ,      ,      ,      ,      ,      ,      ,      ,      ,      ,      ,      ,     ,      ,      ,      ,      ,      ,      ,      ,      ,      ,   1.48,  0.14,      ,       ,       ,       , 1.1 ,     , 4.2 , 3.1 ,     ,    ,     ,     ,     ,     ,    ,    ,    ,     ,      ,      ,     ,     ,     ,     ,     ,     ,     ,     ,     ,     ,     ,     ,     , -2.28,      ,      ,     ,      ,     ,     ,     ,     ,     ,     ,     ,      ,      ,      ,      ,      ,      ,      ,      ,      ,      ,      ,      ,      ,      ,     ,      ,    ,     ,     ,     ,     ,     ,     ,     ,      ,    ,      ,     ,     ,      ,      ,      , 
   2255, 2MASS J12450268-0738469 , 12:45:02.6808, Caffau+2013   , -4.11 , 2.53  ,         , |,      ,      , 7.8 ,     ,     ,     ,  4.42,  5.12,      ,      ,     ,     ,     ,  4.08,      ,   2.37,     ,      ,      ,  4.34,      ,      ,      ,      ,      ,      ,      ,      ,      , 0.35 ,      ,      ,      ,      ,      ,      ,      ,      ,      ,      ,      , 1.1  ,      ,      ,      ,      ,      ,      ,      ,      ,      ,      ,      ,      ,      ,      ,      ,     ,      ,      ,      ,      ,      ,      ,      ,      ,      ,       ,      ,      ,       ,       ,   4.51,     ,     ,     ,     ,     ,    ,     ,     ,     ,     ,    ,    ,    ,     ,      ,      ,     ,     ,     ,     ,     ,     ,     ,     ,     ,     ,     ,     ,     ,      ,      ,      ,     ,      ,     ,     ,     ,     ,     ,     ,     ,      ,      ,      ,      ,      ,      ,      ,      ,      ,      ,      ,      ,      ,      ,     ,      ,    ,     ,     ,     ,     ,     ,     ,     ,      ,    ,      ,     ,     ,      ,      ,      , 
   2645, HE 1424-0241            , 14:26:40.3306, Cohen+2007    , -4.05 ,       ,     0.84, |,      ,      ,     ,     ,     ,     ,  2.32,  4.03,  2.35,  2.59,     ,     ,     ,  1.84, -0.95,       ,     ,  1.33,  1.59,  3.49,  1.98,  2.52,      ,      ,      ,      ,      ,      ,      ,      ,      ,      ,      ,      ,      ,      ,      ,      ,      ,      ,      , -2.74,      ,      ,      ,      ,      ,      ,      ,      ,      ,      ,      ,      ,      ,      ,      ,     ,      ,      ,      ,      ,      ,      ,      ,      ,      ,   2.1 ,  0.85,      ,       ,   1.69,   3.58,     ,     , 5.26, 5.1 ,     ,    ,     ,     ,     ,     ,    ,    ,    ,     ,      ,      ,     ,     ,     ,     ,     ,     ,     ,     ,     ,     ,     ,     ,     , -2.75, -1.46,      ,     ,      ,     ,     ,     ,     ,     ,     ,     ,      ,      ,      ,      ,      ,      , -1.95,      ,      ,      ,      ,      ,      ,      ,     ,      ,    ,     ,     ,     ,     ,     ,     ,     ,      ,    ,      ,     , 0.64,      ,      ,      , 
   2562, HE 0017-4346            , 00:20:16.2080, Cohen+2013    , -3.07 , 3.02  ,         , |,      ,      , 8.38,     ,     ,     ,  4.64,  5.39,  3.36,      ,     ,     ,     ,  3.69,      ,   2.08,     ,      ,  1.99,  4.43,  2.62,  3.1 ,      ,      ,      ,      ,      ,      ,      , 0.64 , -0.13,      ,      ,      ,      ,      ,      ,      ,      ,      ,      , 0.34 , -0.19,      ,      ,      ,      ,      ,      ,      ,      ,      ,      ,      ,      ,      ,      ,     ,      ,      ,      ,      ,      ,      ,      ,      ,      ,       ,  2.08,      ,       ,       ,   4.29,     ,     ,     ,     ,     ,    ,     ,     ,     ,     ,    ,    ,    ,     , 1.71 ,      ,     ,     ,     ,     ,     ,     ,     ,     ,     ,     ,     ,     ,     ,      ,      ,      ,     ,      ,     ,     ,     ,     ,     ,     ,     ,      ,      ,      ,      ,      ,      , -1.56,      ,      ,      ,      ,      ,      ,      ,     ,      ,    ,     ,     ,     ,     ,     ,     ,     ,      ,    ,      ,     ,     ,      ,      ,      , 
   2591, UCAC4 342-001270        , 01:07:31.2348, Cohen+2013    , -2.55 ,       ,         , |,      ,      ,     ,     ,     ,     ,      ,  5.45,  3.6 ,  5.11,     ,     ,     ,  4.01, 0.82 ,   3.21,     ,  2.83,  2.13,  4.95,  2.86,  3.48,      ,      ,      ,      ,      ,      ,      , 0.04 ,      ,      ,      ,      ,      ,      ,      ,      ,      ,      ,      , -0.93,      ,      ,      ,      ,      ,      ,      ,      ,      ,      ,      ,      ,      ,      ,      ,     ,      ,      ,      ,      ,      ,      ,      ,      ,      ,       ,  2.78,      ,       ,       ,   4.97,     ,     ,     ,     ,     ,    ,     ,     ,     ,     ,    ,    ,    ,     ,      ,      ,     ,     ,     ,     ,     ,     ,     ,     ,     ,     ,     ,     ,     ,      ,      ,      ,     ,      ,     ,     ,     ,     ,     ,     ,     ,      ,      ,      ,      ,      ,      , -0.38,      ,      ,      ,      ,      ,      ,      ,     ,      ,    ,     ,     ,     ,     ,     ,     ,     ,      ,    ,      ,     ,     ,      ,      ,      , 
   2609, UCAC4 371-007255        , 05:10:35.4729, Cohen+2013    , -2.43 ,       ,         , |,      ,      ,     ,     ,     ,     ,      ,  5.55,  3.8 ,  5.11,     ,     ,     ,  4.14, 1.05 ,   3.18,     ,  2.94,  2.28,  5.07,  2.85,  3.8 ,      ,      ,      ,      ,      ,      ,      , 0.85 ,      ,      ,      ,      ,      ,      ,      ,      ,      ,      ,      , -0.4 ,      ,      ,      ,      ,      ,      ,      ,      ,      ,      ,      ,      ,      ,      ,      ,     ,      ,      ,      ,      ,      ,      ,      ,      ,      ,       ,  3.09,      ,       ,       ,   5.15,     ,     ,     ,     ,     ,    ,     ,     ,     ,     ,    ,    ,    ,     ,      ,      ,     ,     ,     ,     ,     ,     ,     ,     ,     ,     ,     ,     ,     ,      ,      ,      ,     ,      ,     ,     ,     ,     ,     ,     ,     ,      ,      ,      ,      ,      ,      , -0.45,      ,      ,      ,      ,      ,      ,      ,     ,      ,    ,     ,     ,     ,     ,     ,     ,     ,      ,    ,      ,     ,     ,      ,      ,      , 
   2657, UCAC4 452-052732        , 13:22:35.3538, Cohen+2013    , -3.38 ,       ,         , |,      ,      ,     ,     ,     ,     ,      ,  5.33,  3.71,  4.72,     ,     ,     ,  3.99, 0.56 ,   2.64,     ,  2.8 ,  2.18,  4.84,  2.62,  3.54,      ,      ,      ,      ,      ,      ,      , -0.35,      ,      ,      ,      ,      ,      ,      ,      ,      ,      ,      , -1.22,      ,      ,      ,      ,      ,      ,      ,      ,      ,      ,      ,      ,      ,      ,      ,     ,      ,      ,      ,      ,      ,      ,      ,      ,      ,       ,  2.64,      ,       ,       ,   4.88,     ,     ,     ,     ,     ,    ,     ,     ,     ,     ,    ,    ,    ,     ,      ,      ,     ,     ,     ,     ,     ,     ,     ,     ,     ,     ,     ,     ,     ,      ,      ,      ,     ,      ,     ,     ,     ,     ,     ,     ,     ,      ,      ,      ,      ,      ,      , -0.72,      ,      ,      ,      ,      ,      ,      ,     ,      ,    ,     ,     ,     ,     ,     ,     ,     ,      ,    ,      ,     ,     ,      ,      ,      , 
   5661, UCAC4 414-058324        , 14:35:58.5107, Ezzeddine+2020, -2.99 , -0.4  ,         , |,      ,      , 5.04,     , 7.74,     ,  4.31,  6.13,      ,  5.97,     ,     , 3.95,  4.72, 1.56 ,   3.37, 2.55,  3.94,  3.59,  4.51,  3.73,  4.35,      ,  2.83,      ,      ,      ,      ,      , -0.12,      ,      ,      ,      ,      ,      ,      ,      ,      ,      ,      , -0.91,      ,      ,      ,      ,      , -2.27,      ,      ,      ,      ,      ,      ,      ,      ,      ,     ,      ,      ,      ,      ,      ,      ,      ,      ,      ,       ,  3.65,      ,       ,       ,       ,     ,     ,     ,     ,     ,    ,     ,     ,     ,     ,    ,    ,    ,     ,      ,      ,     ,     ,     ,     ,     ,     ,     ,     ,     ,     ,     ,     ,     ,      ,      ,      ,     ,      ,     ,     ,     ,     ,     ,     ,     ,      ,      ,      ,      ,      ,      ,      ,      ,      ,      ,      ,      ,      ,      ,     ,      ,    ,     ,     ,     ,     ,     ,     ,     ,      ,    ,      ,     ,     ,      ,      ,      , 
   5685, TYC 9527-1073-1         , 18:28:43.5444, Ezzeddine+2020, -2.03 , -0.39 ,         , |,      ,      , 6.01,     , 8.49,     ,  5.41,  6.94,      ,  7.42,     ,     , 4.46,  5.56, 2.79 ,   4.15,     ,  4.77,  4.6 ,  5.47,      ,  5.2 ,      ,  3.64,      ,      ,      ,      ,      , 1.55 ,      ,      ,      ,      ,      ,      ,      ,      ,      ,      ,      , 1.46 ,      ,      ,      ,      ,      , -0.3 ,      ,      ,      ,      ,      ,      ,      ,      ,      ,     ,      ,      ,      ,      ,      ,      ,      ,      ,      ,       ,  4.42,      ,       ,       ,       ,     ,     ,     ,     ,     ,    ,     ,     ,     ,     ,    ,    ,    ,     ,      ,      ,     ,     ,     ,     ,     ,     ,     ,     ,     ,     ,     ,     ,     ,      ,      ,      ,     ,      ,     ,     ,     ,     ,     ,     ,     ,      ,      ,      ,      ,      ,      ,      ,      ,      ,      ,      ,      ,      ,      ,     ,      ,    ,     ,     ,     ,     ,     ,     ,     ,      ,    ,      ,     ,     ,      ,      ,      , 
   5689, UCAC2 989194            , 18:36:12.1452, Ezzeddine+2020, -2.61 , 0.1   ,         , |,      ,      , 5.92,     ,     ,     ,  3.88,  5.57,  3.35,  5.39,     ,     , 2.89,  4.1 , 0.72 ,   2.63, 1.67,  3.38,  2.61,  4.89,  2.61,  3.73,      ,  2.38,      ,      ,      ,      ,      , -0.03,      ,      ,      ,      ,      ,      ,      ,      ,      ,      ,      , -0.83,      ,      ,      ,      ,      , -2.39,      ,      ,      ,      ,      ,      ,      ,      ,      ,     ,      ,      ,      ,      ,      ,      ,      ,      ,      ,       ,  2.79,      ,       ,       ,       ,     ,     ,     ,     ,     ,    ,     ,     ,     ,     ,    ,    ,    ,     ,      ,      ,     ,     ,     ,     ,     ,     ,     ,     ,     ,     ,     ,     ,     ,      ,      ,      ,     ,      ,     ,     ,     ,     ,     ,     ,     ,      ,      ,      ,      ,      ,      ,      ,      ,      ,      ,      ,      ,      ,      ,     ,      ,    ,     ,     ,     ,     ,     ,     ,     ,      ,    ,      ,     ,     ,      ,      ,      , 
   5690, 2MASS J18405985-4841353 , 18:40:59.8598, Ezzeddine+2020, -2.58 , 0.6   ,         , |,      ,      , 6.45,     ,     ,     ,  3.78,  5.18,  3.12,  5.28,     ,     , 2.66,  3.84, 0.23 ,   2.27, 1.14,  2.77,  2.97,  4.92,  2.19,  3.3 ,      ,  1.94,      ,      ,      ,      ,      , 0.55 ,      ,      ,      ,      ,      ,      ,      ,      ,      ,      ,      , -0.85,      ,      ,      ,      ,      , -2.16,      ,      ,      ,      ,      ,      ,      ,      ,      ,     ,      ,      ,      ,      ,      ,      ,      ,      ,      ,       ,  2.33,      ,       ,       ,       ,     ,     ,     ,     ,     ,    ,     ,     ,     ,     ,    ,    ,    ,     ,      ,      ,     ,     ,     ,     ,     ,     ,     ,     ,     ,     ,     ,     ,     ,      ,      ,      ,     ,      ,     ,     ,     ,     ,     ,     ,     ,      ,      ,      ,      ,      ,      ,      ,      ,      ,      ,      ,      ,      ,      ,     ,      ,    ,     ,     ,     ,     ,     ,     ,     ,      ,    ,      ,     ,     ,      ,      ,      , 
   5733, HD 119516               , 13:43:26.7251, For+2010      , -2.16 ,       ,         , |,      ,      ,     ,     ,     ,     ,  4.62,  5.72,  3.47,  5.75,     ,     ,     ,  4.44, 0.93 ,   3.02,     ,  3.3 ,  2.97,  5.34,  2.82,  4.02,      ,  2.45,      ,      ,      ,      ,      , 0.81 , -0.31, 0.72 ,      ,      ,      ,      ,      ,      ,      ,      ,      , 0.34 , -0.94,      ,      ,      ,      , -1.19,      ,      ,      ,      ,      ,      ,      ,      ,      ,     ,      ,      ,      ,      ,      ,      ,      ,      ,      ,       ,  2.85,      ,   3.49,       ,       ,     ,     ,     ,     ,     ,    ,     ,     ,     ,     ,    ,    ,    ,     ,      ,      ,     ,     ,     ,     ,     ,     ,     ,     ,     ,     ,     ,     ,     ,      ,      ,      ,     ,      ,     ,     ,     ,     ,     ,     ,     ,      ,      ,      ,      ,      ,      ,      ,      ,      ,      ,      ,      ,      ,      ,     ,      ,    ,     ,     ,     ,     ,     ,     ,     ,      ,    ,      ,     ,     ,      ,      ,      , 
   2035, HE 0945-1435            , 09:47:50.6778, Hansen+2015   , -3.90 ,       ,     2.0 , |,  1.88,      ,     ,     ,     ,     ,      ,  3.84,      ,  3.95,     ,     ,     ,  2.59,      ,   1.04,     ,  1.6 ,      ,  3.63,      ,  2.52,      ,      ,      ,      ,      ,      ,      ,      ,      ,      ,      ,      ,      ,      ,      ,      ,      ,      ,      ,      ,      ,      ,      ,      ,      ,      ,      ,      ,      ,      ,      ,      ,      ,      ,      ,     ,      ,      ,      ,      ,      ,      ,      ,      ,      ,       ,      ,      ,       ,       ,       ,     ,     , 6.56, 6.06, 8.82,    , 2.07,     , 2.08,     ,    ,    ,    ,     , -0.82,      , 1.86,     , 1.36,     , 2.12,     ,     , 2.49,     ,     ,     ,     ,     , -1.9 ,      ,      ,     ,      ,     ,     ,     ,     ,     ,     ,     , -1.69,      ,      ,      ,      ,      , -1.15,      ,      ,      ,      ,      ,      ,      ,     ,      ,    ,     ,     ,     ,     ,     ,     ,     ,      ,    ,      ,     ,     ,      ,      ,      , 
   5852, UCAC4 501-063456        , 16:10:31.0611, Hansen+2018   , -2.43 , 0.53  ,         , |,      ,      , 6.53,     ,     ,     ,      ,      ,      ,      ,     ,     ,     ,      ,      ,       ,     ,      ,      ,  5.07,      ,      ,      ,      ,      ,      ,      ,      ,      , 0.25 ,      ,      ,      ,      ,      ,      ,      ,      ,      ,      ,      , -1.35,      ,      ,      ,      ,      , -1.21,      ,      ,      ,      ,      ,      ,      ,      ,      ,     ,      ,      ,      ,      ,      ,      ,      ,      ,      ,       ,      ,      ,       ,       ,       ,     ,     ,     ,     ,     ,    ,     ,     ,     ,     ,    ,    ,    ,     ,      ,      ,     ,     ,     ,     ,     ,     ,     ,     ,     ,     ,     ,     ,     ,      ,      ,      ,     ,      ,     ,     ,     ,     ,     ,     ,     ,      ,      ,      ,      ,      ,      ,      ,      ,      ,      ,      ,      ,      ,      ,     ,      ,    ,     ,     ,     ,     ,     ,     ,     ,      ,    ,      ,     ,     ,      ,      ,      , 
   5868, UCAC4 128-171197        , 18:36:23.1865, Hansen+2018   , -2.57 , 0.1   ,         , |,      ,      , 5.96,     ,     ,     ,      ,      ,      ,      ,     ,     ,     ,      ,      ,       ,     ,      ,      ,  4.93,      ,      ,      ,      ,      ,      ,      ,      ,      , -0.33,      ,      ,      ,      ,      ,      ,      ,      ,      ,      ,      , -0.21,      ,      ,      ,      ,      , -1.48,      ,      ,      ,      ,      ,      ,      ,      ,      ,     ,      ,      ,      ,      ,      ,      ,      ,      ,      ,       ,      ,      ,       ,       ,       ,     ,     ,     ,     ,     ,    ,     ,     ,     ,     ,    ,    ,    ,     ,      ,      ,     ,     ,     ,     ,     ,     ,     ,     ,     ,     ,     ,     ,     ,      ,      ,      ,     ,      ,     ,     ,     ,     ,     ,     ,     ,      ,      ,      ,      ,      ,      ,      ,      ,      ,      ,      ,      ,      ,      ,     ,      ,    ,     ,     ,     ,     ,     ,     ,     ,      ,    ,      ,     ,     ,      ,      ,      , 
   5872, TYC 8764-1992-1         , 19:16:18.2200, Hansen+2018   , -2.35 , -0.8  ,         , |,      ,      , 5.28,     ,     ,     ,      ,      ,      ,      ,     ,     ,     ,      ,      ,       ,     ,      ,      ,  5.15,      ,      ,      ,      ,      ,      ,      ,      ,      , 1    ,      ,      ,      ,      ,      ,      ,      ,      ,      ,      ,      , -0.29,      ,      ,      ,      ,      , -0.75,      ,      ,      ,      ,      ,      ,      ,      ,      ,     ,      ,      ,      ,      ,      ,      ,      ,      ,      ,       ,      ,      ,       ,       ,       ,     ,     ,     ,     ,     ,    ,     ,     ,     ,     ,    ,    ,    ,     ,      ,      ,     ,     ,     ,     ,     ,     ,     ,     ,     ,     ,     ,     ,     ,      ,      ,      ,     ,      ,     ,     ,     ,     ,     ,     ,     ,      ,      ,      ,      ,      ,      ,      ,      ,      ,      ,      ,      ,      ,      ,     ,      ,    ,     ,     ,     ,     ,     ,     ,     ,      ,    ,      ,     ,     ,      ,      ,      , 
   5906, HE 2159-0551            , 22:02:16.3602, Hansen+2018   , -2.80 , 0.05  ,         , |,      ,      , 5.73,     ,     ,     ,      ,      ,      ,      ,     ,     ,     ,      ,      ,       ,     ,      ,      ,  4.75,      ,      ,      ,      ,      ,      ,      ,      ,      , 0.27 ,      ,      ,      ,      ,      ,      ,      ,      ,      ,      ,      , -1.32,      ,      ,      ,      ,      , -2.35,      ,      ,      ,      ,      ,      ,      ,      ,      ,     ,      ,      ,      ,      ,      ,      ,      ,      ,      ,       ,      ,      ,       ,       ,       ,     ,     ,     ,     ,     ,    ,     ,     ,     ,     ,    ,    ,    ,     ,      ,      ,     ,     ,     ,     ,     ,     ,     ,     ,     ,     ,     ,     ,     ,      ,      ,      ,     ,      ,     ,     ,     ,     ,     ,     ,     ,      ,      ,      ,      ,      ,      ,      ,      ,      ,      ,      ,      ,      ,      ,     ,      ,    ,     ,     ,     ,     ,     ,     ,     ,      ,    ,      ,     ,     ,      ,      ,      , 
   2507, TYC 4928-1438-1         , 11:18:35.8831, Hollek+2011   , -3.73 , 0.08  ,         , |,      ,      , 4.78,     ,     ,     ,      ,  4.69,  2.62,  4.41,     ,     ,     ,  2.94, -0.11,   1.76,     ,      ,      ,  3.77,  1.65,  2.93,      ,  1.41,      ,      ,      ,      ,      , -3.12,      ,      ,      ,      ,      ,      ,      ,      ,      ,      ,      , -3.36,      ,      ,      ,      ,      ,      ,      ,      ,      ,      ,      ,      ,      ,      ,      ,     ,      ,      ,      ,      ,      ,      ,      ,      ,      ,       ,  1.9 ,      ,       ,       ,       , 0.35,     ,     ,     ,     ,    ,     ,     ,     ,     ,    ,    ,    ,     ,      ,      ,     ,     ,     ,     ,     ,     ,     ,     ,     ,     ,     ,     ,     ,      , -2.13, -1.04,     ,      ,     ,     ,     ,     ,     ,     ,     ,      , -2.51,      ,      ,      ,      , -3.14,      ,      ,      ,      ,      ,      ,      ,     ,      ,    ,     ,     ,     ,     ,     ,     ,     ,      ,    ,      ,     ,     ,      ,      ,      , 
   2508, TYC 4961-1053-1         , 13:19:47.0110, Hollek+2011   , -3.10 , -0.52 ,         , |,  0.61,      , 4.81,     ,     ,     ,      ,  5.06,  3.01,  5   ,     ,     ,     ,  3.72, 0.07 ,   2.11,     ,  2.32,  1.9 ,  4.4 ,  1.97,  3.22,      ,  1.73,      ,      ,      ,      ,      , -0.45, -1.29, -0.6 ,      ,      ,      ,      ,      ,      ,      ,      ,      , -1.27, -2.18,      ,      ,      ,      , -2.57,      ,      ,      ,      ,      ,      ,      ,      ,      ,     ,      ,      ,      ,      ,      ,      ,      ,      ,      ,       ,  2.14,      ,   2.63,       ,       ,     ,     ,     ,     ,     ,    ,     ,     ,     ,     ,    ,    ,    ,     ,      ,      ,     ,     ,     ,     ,     ,     ,     ,     ,     ,     ,     ,     ,     ,      ,      ,      ,     ,      ,     ,     ,     ,     ,     ,     ,     ,      ,      ,      ,      ,      ,      ,      ,      ,      ,      ,      ,      ,      ,      ,     ,      ,    ,     ,     ,     ,     ,     ,     ,     ,      ,    ,      ,     ,     ,      ,      ,      , 
   6063, CD-54 503               , 02:21:55.5935, Holmbeck+2020 , -2.09 , 0.0   ,         , |,      ,      , 6.34,     ,     ,     ,      ,      ,      ,      ,     ,     ,     ,      ,      ,       ,     ,      ,      ,  5.41,      ,      ,      ,      ,      ,      ,      ,      ,      , 1    ,      ,      ,      ,      ,      ,      ,      ,      ,      ,      ,      , 0.51 ,      ,      ,      ,      ,      , -0.77,      ,      ,      ,      ,      ,      ,      ,      ,      ,     ,      ,      ,      ,      ,      ,      ,      ,      ,      ,       ,      ,      ,       ,       ,       ,     ,     ,     ,     ,     ,    ,     ,     ,     ,     ,    ,    ,    ,     ,      ,      ,     ,     ,     ,     ,     ,     ,     ,     ,     ,     ,     ,     ,     ,      ,      ,      ,     ,      ,     ,     ,     ,     ,     ,     ,     ,      ,      ,      ,      ,      ,      ,      ,      ,      ,      ,      ,      ,      ,      ,     ,      ,    ,     ,     ,     ,     ,     ,     ,     ,      ,    ,      ,     ,     ,      ,      ,      , 
   6075, TYC 7577-1592-1         , 04:01:48.9752, Holmbeck+2020 , -2.28 , -0.3  ,         , |,      ,      , 5.85,     ,     ,     ,      ,      ,      ,      ,     ,     ,     ,      ,      ,       ,     ,      ,      ,  5.22,      ,      ,      ,      ,      ,      ,      ,      ,      , 0.66 ,      ,      ,      ,      ,      ,      ,      ,      ,      ,      ,      , 0.07 ,      ,      ,      ,      ,      , -1.58,      ,      ,      ,      ,      ,      ,      ,      ,      ,     ,      ,      ,      ,      ,      ,      ,      ,      ,      ,       ,      ,      ,       ,       ,       ,     ,     ,     ,     ,     ,    ,     ,     ,     ,     ,    ,    ,    ,     ,      ,      ,     ,     ,     ,     ,     ,     ,     ,     ,     ,     ,     ,     ,     ,      ,      ,      ,     ,      ,     ,     ,     ,     ,     ,     ,     ,      ,      ,      ,      ,      ,      ,      ,      ,      ,      ,      ,      ,      ,      ,     ,      ,    ,     ,     ,     ,     ,     ,     ,     ,      ,    ,      ,     ,     ,      ,      ,      , 
   6086, TYC 7062-1120-1         , 05:51:42.1380, Holmbeck+2020 , -2.46 , -0.27 ,         , |,      ,      , 5.74,     ,     ,     ,      ,      ,      ,      ,     ,     ,     ,      ,      ,       ,     ,      ,      ,  5.08,      ,      ,      ,      ,      ,      ,      ,      ,      , 0.75 ,      ,      ,      ,      ,      ,      ,      ,      ,      ,      ,      , -0.37,      ,      ,      ,      ,      , -1.41,      ,      ,      ,      ,      ,      ,      ,      ,      ,     ,      ,      ,      ,      ,      ,      ,      ,      ,      ,       ,      ,      ,       ,       ,       ,     ,     ,     ,     ,     ,    ,     ,     ,     ,     ,    ,    ,    ,     ,      ,      ,     ,     ,     ,     ,     ,     ,     ,     ,     ,     ,     ,     ,     ,      ,      ,      ,     ,      ,     ,     ,     ,     ,     ,     ,     ,      ,      ,      ,      ,      ,      ,      ,      ,      ,      ,      ,      ,      ,      ,     ,      ,    ,     ,     ,     ,     ,     ,     ,     ,      ,    ,      ,     ,     ,      ,      ,      , 
   6123, HD 84903                , 09:47:19.2015, Holmbeck+2020 , -2.67 , -0.42 ,         , |,      ,      , 5.34,     ,     ,     ,      ,      ,      ,      ,     ,     ,     ,      ,      ,       ,     ,      ,      ,  4.83,      ,      ,      ,      ,      ,      ,      ,      ,      , -1.37,      ,      ,      ,      ,      ,      ,      ,      ,      ,      ,      , -1.38,      ,      ,      ,      ,      , -2.6 ,      ,      ,      ,      ,      ,      ,      ,      ,      ,     ,      ,      ,      ,      ,      ,      ,      ,      ,      ,       ,      ,      ,       ,       ,       ,     ,     ,     ,     ,     ,    ,     ,     ,     ,     ,    ,    ,    ,     ,      ,      ,     ,     ,     ,     ,     ,     ,     ,     ,     ,     ,     ,     ,     ,      ,      ,      ,     ,      ,     ,     ,     ,     ,     ,     ,     ,      ,      ,      ,      ,      ,      ,      ,      ,      ,      ,      ,      ,      ,      ,     ,      ,    ,     ,     ,     ,     ,     ,     ,     ,      ,    ,      ,     ,     ,      ,      ,      , 
   6192, UCAC2 12021754          , 15:02:38.5201, Holmbeck+2020 , -2.23 , -0.16 ,         , |,      ,      , 6.04,     ,     ,     ,      ,      ,      ,      ,     ,     ,     ,      ,      ,       ,     ,      ,      ,  5.27,      ,      ,      ,      ,      ,      ,      ,      ,      , 0.38 ,      ,      ,      ,      ,      ,      ,      ,      ,      ,      ,      , -0.66,      ,      ,      ,      ,      , -1.87,      ,      ,      ,      ,      ,      ,      ,      ,      ,     ,      ,      ,      ,      ,      ,      ,      ,      ,      ,       ,      ,      ,       ,       ,       ,     ,     ,     ,     ,     ,    ,     ,     ,     ,     ,    ,    ,    ,     ,      ,      ,     ,     ,     ,     ,     ,     ,     ,     ,     ,     ,     ,     ,     ,      ,      ,      ,     ,      ,     ,     ,     ,     ,     ,     ,     ,      ,      ,      ,      ,      ,      ,      ,      ,      ,      ,      ,      ,      ,      ,     ,      ,    ,     ,     ,     ,     ,     ,     ,     ,      ,    ,      ,     ,     ,      ,      ,      , 
   2419, SMSS J155628.74-165533.4, 15:56:28.7415, Jacobson+2015 , -2.79 , 0.36  ,         , |,      ,      , 6   ,     ,     ,     ,  3.84,  5.33,  2.98,  5.4 ,     ,     ,     ,  4.01, 0.22 ,   2.48,     ,  2.68,  2.16,  4.71,  2.27,  3.68,      ,  2   ,      ,      ,      ,      ,      , -0.23,      ,      ,      ,      ,      ,      ,      ,      ,      ,      ,      , -1.01,      ,      ,      ,      ,      ,      ,      ,      ,      ,      ,      ,      ,      ,      ,      ,     ,      ,      ,      ,      ,      ,      ,      ,      ,      ,       ,  2.45,      ,       ,       ,   4.72,     ,     ,     ,     ,     ,    ,     ,     ,     ,     ,    ,    ,    ,     ,      ,      ,     ,     ,     ,     ,     ,     ,     ,     ,     ,     ,     ,     ,     ,      ,      ,      ,     ,      ,     ,     ,     ,     ,     ,     ,     ,      ,      ,      ,      ,      ,      , -2.12,      ,      ,      ,      ,      ,      ,      ,     ,      ,    ,     ,     ,     ,     ,     ,     ,     ,      ,    ,      ,     ,     ,      ,      ,      , 
   2665, HE 1300+0157            , 13:02:56.2443, Lai+2008      , -3.05 , 1.24  ,         , |,  1.06,      , 5.89,     , 6.54,     ,  2.44,  4.1 ,  2.04,  4.5 ,     ,     ,     ,  2.98, -0.37,   1.77, 1.15,  1.51,  0.89,  3.72,  1.8 ,  2.61,      ,      ,      ,      ,      ,      ,      ,      ,      ,      ,      ,      ,      ,      ,      ,      ,      ,      ,      ,      ,      ,      ,      ,      ,      ,      ,      ,      ,      ,      ,      ,      ,      ,      ,      ,     ,      ,      ,      ,      ,      ,      ,      ,      ,      ,       ,      ,      ,       ,       ,       ,     ,     ,     , 5.12,     ,    ,     ,     ,     ,     ,    ,    ,    ,     ,      ,      ,     ,     ,     ,     ,     ,     ,     , 1.63,     ,     ,     ,     ,     , -2.64, -0.93, -0.07,     ,      ,     ,     ,     ,     ,     ,     ,     , -2.56,      ,      ,      ,      ,      ,      ,      ,      ,      ,      ,      ,      ,      ,     ,      ,    ,     ,     ,     ,     ,     ,     ,     ,      ,    ,      ,     ,     ,      ,      ,      , 
   1888, HD 2796                 , 00:31:16.9147, Mardini+2019a , -2.40 , -0.43 ,         , |,      ,      , 5.55,     , 6.8 ,     ,  4.2 ,  5.36,  3.35,  5.48,     ,     , 3.25,  4.22, 0.79 ,   2.75,     ,  2.95,  2.54,  5.05,  2.59,  3.7 ,      ,  2.37,      ,      ,      ,      ,      ,      ,      ,      ,      ,      ,      ,      ,      ,      ,      ,      ,      ,      ,      ,      ,      ,      ,      ,      ,      ,      ,      ,      ,      ,      ,      ,      ,      ,     ,      ,      ,      ,      ,      ,      ,      ,      ,      ,       ,  2.79,      ,       ,       ,   5.02,     ,     ,     ,     ,     ,    ,     ,     ,     ,     ,    ,    ,    ,     ,      ,      ,     ,     ,     ,     ,     ,     ,     ,     ,     ,     ,     ,     ,     ,      ,      ,      ,     ,      ,     ,     ,     ,     ,     ,     ,     ,      ,      ,      ,      ,      ,      ,      ,      ,      ,      ,      ,      ,      ,      ,     ,      ,    ,     ,     ,     ,     ,     ,     ,     ,      ,    ,      ,     ,     ,      ,      ,      , 
   2248, SDSS J120441.38+120111.5, 12:04:41.3884, Placco+2015   , -4.34 ,       ,     1.45, |,  1.7 ,      ,     ,     ,     ,     ,  2.34,  3.66,      ,  3.88,     ,     ,     ,  2.42, -0.78,   1.48,     ,  1.89,      ,  3.16,      ,  2.61,      ,      ,      ,      ,      ,      ,      ,      ,      ,      ,      ,      ,      ,      ,      ,      ,      ,      ,      ,      ,      ,      ,      ,      ,      ,      ,      ,      ,      ,      ,      ,      ,      ,      ,      ,     ,      ,      ,      ,      ,      ,      ,      ,      ,      ,   2.35,      ,      ,       ,       ,       ,     ,     , 5.54,     ,     ,    ,     ,     ,     ,     ,    ,    ,    ,     ,      ,      ,     ,     ,     ,     ,     ,     ,     ,     ,     ,     ,     ,     ,     , -1.55,      ,      ,     ,      ,     ,     ,     ,     ,     ,     ,     , -1.54,      ,      ,      ,      ,      ,      ,      ,      ,      ,      ,      ,      ,      ,     ,      ,    ,     ,     ,     ,     ,     ,     ,     ,      ,    ,      ,     ,     ,      ,      ,      , 
   2080, HE 2318-1621            , 23:21:21.5631, Placco+2020   , -3.67 , 0.54  ,         , |,      ,      , 5.3 , 5.4 ,     ,     ,  3.28,  4.13,  2.2 ,      ,     ,     ,     ,  2.96, -0.77,   1.63,     ,  1.62,  1.08,  3.83,  1.57,  2.69,      ,  1.35,      ,      ,      ,      ,      , -1.8 ,      ,      ,      ,      ,      ,      ,      ,      ,      ,      ,      , -3.1 ,      ,      ,      ,      ,      , -3.02,      ,      ,      ,      ,      ,      ,      ,      ,      ,     ,      ,      ,      ,      ,      ,      ,      ,      ,      ,       ,  1.36,      ,   1.68,       ,   3.83,     ,     ,     ,     ,     ,    ,     ,     ,     ,     ,    ,    ,    ,     ,      ,      ,     ,     ,     ,     ,     ,     ,     ,     ,     ,     ,     ,     ,     ,      ,      ,      ,     ,      ,     ,     ,     ,     ,     ,     ,     ,      ,      ,      ,      ,      ,      ,      ,      ,      ,      ,      ,      ,      ,      ,     ,      ,    ,     ,     ,     ,     ,     ,     ,     ,      ,    ,      ,     ,     ,      ,      ,      , 
    239, BPS CS 31079-0028       , 03:01:00.6866, Roederer+2010 , -2.84 , 0.46  ,         , |,      ,      , 6.05, 4.7 , 6.8 ,     ,      ,  5.16,  2.9 ,      ,     ,     ,     ,  3.93, 0.43 ,   2.56, 1.29,  2.65,  2.56,  4.66,  2.42,  3.5 ,  0.35,  2.17,      ,      ,      ,      ,      , 0.37 , -0.36, 0.39 ,      ,      ,      ,      ,      ,      ,      ,      ,      , 0.01 , -0.93,      ,      ,      ,      , -1.1 ,      ,      ,      ,      ,      ,      ,      ,      ,      ,     ,      ,      ,      ,      ,      ,      ,      ,      ,      ,       ,      ,      ,       ,       ,       ,     ,     ,     ,     ,     ,    ,     ,     ,     ,     ,    ,    ,    ,     ,      ,      ,     ,     ,     ,     ,     ,     ,     ,     ,     ,     ,     ,     ,     ,      ,      ,      ,     ,      ,     ,     ,     ,     ,     ,     ,     ,      ,      ,      ,      ,      ,      ,      ,      ,      ,      ,      ,      ,      ,      ,     ,      ,    ,     ,     ,     ,     ,     ,     ,     ,      ,    ,      ,     ,     ,      ,      ,      , 
   3231, HD 23798                , 03:46:45.7220, Roederer+2010 , -2.22 ,       ,         , |,      ,      ,     ,     ,     ,     ,      ,      ,      ,      ,     ,     ,     ,      ,      ,       ,     ,      ,      ,  5.24,      ,      ,      ,      ,      ,      ,      ,      ,      , 0.86 , -0.04, 0.71 ,      , -0.11, -0.17,      , -0.74,      ,      ,      ,      , -0.1 , -0.99, -0.66,      , -0.67,      , -1.5 ,      ,      ,      ,      ,      ,      ,      ,      ,      ,     ,      ,      ,      ,      ,      ,      ,      ,      ,      ,       ,      ,      ,       ,       ,       ,     ,     ,     ,     ,     ,    ,     ,     ,     ,     ,    ,    ,    ,     ,      ,      ,     ,     ,     ,     ,     ,     ,     ,     ,     ,     ,     ,     ,     ,      ,      ,      ,     ,      ,     ,     ,     ,     ,     ,     ,     ,      ,      ,      ,      ,      ,      ,      ,      ,      ,      ,      ,      ,      ,      ,     ,      ,    ,     ,     ,     ,     ,     ,     ,     ,      ,    ,      ,     ,     ,      ,      ,      , 
    615, BPS CS 30306-0132       , 15:14:18.9191, Roederer+2010 , -2.42 , 0.46  ,         , |,      ,      , 6.48,     ,     ,     ,      ,  5.49,  3.41,  5.64,     ,     ,     ,  4.28, 0.87 ,   2.95, 1.79,  3.31,  2.84,  5.09,  2.74,  3.57,      ,      ,      ,      ,      ,      ,      , 0.64 , -0.07, 0.65 ,      ,      ,      ,      ,      ,      ,      ,      ,      , 0.02 , -0.78, -0.31, -0.65, -0.38, -0.82, -1.02, -0.37,      , -0.43,      , -0.62, -1.38, -0.81,      ,      ,     ,      ,      ,      ,      ,      ,      ,      , -1.12, -1.42,       ,      ,      ,       ,       ,       ,     ,     ,     ,     ,     ,    ,     ,     ,     ,     ,    ,    ,    ,     ,      ,      ,     ,     ,     ,     ,     ,     ,     ,     ,     ,     ,     ,     ,     ,      ,      ,      ,     ,      ,     ,     ,     ,     ,     ,     ,     ,      ,      ,      ,      ,      ,      ,      ,      ,      ,      ,      ,      ,      ,      ,     ,      ,    ,     ,     ,     ,     ,     ,     ,     ,      ,    ,      ,     ,     ,      ,      ,      , 
    324, BPS CS 22186-0023       , 04:19:45.5332, Roederer+2014 , -2.89 , 0.21  ,         , |,      ,      , 5.6 , 5.09, 6.88,     ,      ,  4.9 ,  2.52,      ,     ,     ,     ,  3.62, 0.04 ,   1.99, 0.79,  2.4 ,  2.13,  4.46,  1.87,  3.23,  0.84,  1.91,      ,      ,      ,      ,      , -0.29, -1.43, -0.46,      ,      ,      ,      ,      ,      ,      ,      ,      , -1.89,      ,      ,      ,      ,      , -3.07,      ,      ,      ,      ,      ,      , -2.82,      ,      ,     ,      ,      ,      ,      ,      ,      ,      ,      ,      ,       ,  2.16,  1.04,   2.91,   2.16,   4.61, 0.38,     ,     ,     ,     ,    ,     ,     ,     , 5.27,    ,    ,    ,     ,      ,      ,     ,     ,     ,     ,     ,     ,     ,     ,     ,     ,     ,     , 1.97,      ,      ,      ,     , -0.33,     ,     ,     ,     ,     , 1.17,     ,      , -2.19, -1.6 , -2.1 , -1.65, -1.59,      , -1.16, -1.77, -1.55,      , -1.8 , -1.94,      ,     , -0.98,    ,     , -0.3,     ,     ,     , 0.59,     , -1.89,    ,      ,     ,     ,      ,      ,      , 
   1066, BD-20 6008              , 20:42:48.7696, Roederer+2014 , -3.05 , -0.48 ,         , |,      ,      , 4.95, 5.63,     ,     ,      ,  5.13,  3.01,      ,     ,     , 2.35,  3.78, 0.06 ,   2.04, 0.62,  2.35,  1.94,  4.5 ,  1.88,  3.22,      ,  1.76,      ,      ,      ,      ,      , -0.22, -1.21, -0.41,      ,      ,      ,      ,      ,      ,      ,      ,      , -1.22, -2.1 , -1.65, -2.11, -1.87, -2.05, -2.59,      ,      , -2.07,      , -2.06,      , -2.36,      ,      ,     ,      ,      ,      ,      ,      ,      ,      ,      ,      ,       ,  2.23,  1.03,   2.77,       ,   4.45, 0.05,     ,     ,     , 6.21,    ,     ,     ,     ,     ,    ,    ,    ,     ,      ,      ,     ,     ,     ,     ,     ,     , 0.81,     ,     ,     ,     ,     , 1.51,      ,      ,      , 0.05, -0.58,     ,     ,     ,     ,     ,     ,     ,      ,      ,      ,      ,      ,      ,      , -1.42, -2.26,      ,      ,      , -2.28,      ,     , -1.29,    ,     ,     ,     ,     ,     , 0.46,     , -2.42,    ,      ,     ,     ,      ,      ,      , 
   1419, BPS CS 29506-0007       , 21:20:28.6541, Roederer+2014 , -2.94 ,       ,     0.81, |,  1.88,      ,     ,     , 6.33,     ,      ,  4.8 ,  2.51,  4.56,     ,     ,     ,  3.74, 0.18 ,   2.22,     ,  2.18,  1.75,  4.26,  1.99,  2.95,      ,      ,      ,      ,      ,      ,      , -0.12, -1.18,      ,      ,      ,      ,      ,      ,      ,      ,      ,      , -1.03,      ,      ,      ,      ,      ,      ,      ,      ,      ,      ,      ,      ,      ,      ,      ,     ,      ,      ,      ,      ,      ,      ,      ,      ,      ,       ,  2.28,      ,   2.73,   1.93,   4.56,     ,     , 6.0 , 6.0 ,     ,    ,     ,     ,     ,     ,    ,    ,    ,     ,      ,      , 1.74,     ,     ,     ,     ,     ,     , 2.37,     ,     ,     ,     , 2.81,      ,      ,      , 1.36, 1.0  ,     ,     ,     ,     ,     , 2.22,     ,      ,      , -0.01, -0.39, -0.23, -0.12, -1.36, 0.24 , -0.38, -0.39, -0.48, -0.34, -0.71, -1.24,     , 0.57 ,    ,     ,     ,     ,     ,     , 1.47,     , -0.27,    ,      ,     , 1.74,      ,      ,      , 
    855, BPS CS 22960-0064       , 22:24:00.1429, Roederer+2014 , -2.77 , 0.14  ,         , |,      ,      , 5.8 , 6.41,     ,     ,  3.8 ,  5.27,  3.81,      ,     ,     , 2.62,  4.02, 0.37 ,   2.41, 1.01,  2.7 ,  2.28,  4.73,  2.21,  3.57,      ,  2.19,      ,      ,      ,      ,      , 0.34 , -0.74, 0.16 ,      ,      ,      ,      ,      ,      ,      ,      ,      , -0.8 , -1.52, -1.17,      , -1.25, -1.5 , -1.91,      ,      , -1.07,      , -1.46,      , -1.57,      ,      ,     ,      ,      ,      ,      ,      ,      ,      ,      ,      ,       ,  2.45,  1.21,   3.01,   2.24,   4.73, 0.86,     ,     ,     , 6.85,    ,     ,     ,     ,     ,    ,    ,    ,     ,      ,      ,     ,     ,     ,     ,     ,     , 1.48,     ,     ,     ,     ,     , 2.29,      ,      ,      , 0.69, 0.1  ,     ,     ,     ,     ,     , 1.34,     ,      ,      ,      , -1.2 ,      ,      ,      , -0.69, -1.3 ,      ,      ,      ,      ,      ,     , -0.6 ,    ,     ,     ,     ,     ,     , 0.78,     ,      ,    ,      ,     ,     ,      ,      ,      , 
   1455, BPS CS 30493-0071       , 23:16:30.7975, Roederer+2014 , -2.46 , 0.35  ,         , |,      ,      , 5.96,     , 6.77,     ,  3.4 ,  5.23,  2.99,  5.15,     ,     ,     ,  3.99, 0.51 ,   2.63, 1.7 ,  2.72,  2.07,  4.68,  2.26,  3.44,      ,  2.3 ,      ,      ,      ,      ,      , 0.7  , -0.45, 0.49 ,      ,      ,      ,      ,      ,      ,      ,      ,      , -0.79,      ,      ,      ,      ,      ,      ,      ,      ,      ,      ,      ,      ,      ,      ,      ,     ,      ,      ,      ,      ,      ,      ,      ,      ,      ,       ,  2.79,  1.7 ,   3.34,   2.39,   5.04, 1.29,     ,     , 6.4 ,     ,    ,     ,     ,     ,     ,    ,    ,    ,     ,      ,      ,     ,     ,     ,     ,     ,     ,     ,     ,     ,     ,     ,     , 2.78,      ,      ,      , 1.28, 0.9  ,     ,     ,     ,     ,     ,     ,     ,      , -1.03, -0.23, -0.59, -0.35, -0.23, -1.51, 0.05 , -0.57, -0.44, -0.77, -0.35, -0.89, -1.43,     , 0.37 ,    ,     ,     ,     ,     ,     , 1.5 ,     , -0.55,    ,      ,     ,     ,      ,      ,      , 
   1514, CD-49 506               , 01:49:07.9444, Ruchti+2011   , -2.65 ,       ,         , |,      ,      ,     ,     ,     ,     ,      ,  5.32,      ,  5.21,     ,     ,     ,  4.04,      ,   2.56,     ,      ,      ,  4.85,      ,      ,      ,      ,      ,      ,      ,      ,      ,      ,      ,      ,      ,      ,      ,      ,      ,      ,      ,      ,      ,      ,      ,      ,      ,      ,      ,      ,      ,      ,      ,      ,      ,      ,      ,      ,      ,     ,      ,      ,      ,      ,      ,      ,      ,      ,      ,       ,  2.66,      ,       ,       ,       ,     ,     ,     ,     ,     ,    ,     ,     ,     ,     ,    ,    ,    ,     ,      ,      ,     ,     ,     ,     ,     ,     ,     ,     ,     ,     ,     ,     ,     ,      ,      ,      ,     ,      ,     ,     ,     ,     ,     ,     ,     ,      ,      ,      ,      ,      ,      ,      ,      ,      ,      ,      ,      ,      ,      ,     ,      ,    ,     ,     ,     ,     ,     ,     ,     ,      ,    ,      ,     ,     ,      ,      ,      , 
   6087, TYC 7602-1143-1         , 05:52:15.7868, Ruchti+2011   , -2.05 , -0.22 ,         , |,      ,      , 5.87,     ,     ,     ,      ,      ,      ,      ,     ,     ,     ,      ,      ,       ,     ,      ,      ,  5.16,      ,      ,      ,      ,      ,      ,      ,      ,      , 0.76 ,      ,      ,      ,      ,      ,      ,      ,      ,      ,      ,      , -0.2 ,      ,      ,      ,      ,      , -1.41,      ,      ,      ,      ,      ,      ,      ,      ,      ,     ,      ,      ,      ,      ,      ,      ,      ,      ,      ,       ,      ,      ,       ,       ,       ,     ,     ,     ,     ,     ,    ,     ,     ,     ,     ,    ,    ,    ,     ,      ,      ,     ,     ,     ,     ,     ,     ,     ,     ,     ,     ,     ,     ,     ,      ,      ,      ,     ,      ,     ,     ,     ,     ,     ,     ,     ,      ,      ,      ,      ,      ,      ,      ,      ,      ,      ,      ,      ,      ,      ,     ,      ,    ,     ,     ,     ,     ,     ,     ,     ,      ,    ,      ,     ,     ,      ,      ,      , 
    432, UCAC4 223-060458        , 11:41:08.8526, Ruchti+2011   , -2.32 ,       ,         , |,      ,      ,     ,     ,     ,     ,      ,  5.61,      ,  5.6 ,     ,     ,     ,  4.32,      ,   2.72,     ,      ,      ,  5.18,      ,      ,      ,      ,      ,      ,      ,      ,      ,      ,      ,      ,      ,      ,      ,      ,      ,      ,      ,      ,      ,      ,      ,      ,      ,      ,      ,      ,      ,      ,      ,      ,      ,      ,      ,      ,      ,     ,      ,      ,      ,      ,      ,      ,      ,      ,      ,       ,  2.9 ,      ,       ,       ,       ,     ,     ,     ,     ,     ,    ,     ,     ,     ,     ,    ,    ,    ,     ,      ,      ,     ,     ,     ,     ,     ,     ,     ,     ,     ,     ,     ,     ,     ,      ,      ,      ,     ,      ,     ,     ,     ,     ,     ,     ,     ,      ,      ,      ,      ,      ,      ,      ,      ,      ,      ,      ,      ,      ,      ,     ,      ,    ,     ,     ,     ,     ,     ,     ,     ,      ,    ,      ,     ,     ,      ,      ,      , 
   2526, TYC 6393-564-1          , 22:49:23.5854, Ruchti+2011   , -2.38 ,       ,         , |,      ,      ,     ,     ,     ,     ,      ,  5.51,      ,      ,     ,     ,     ,  4.23,      ,   2.76,     ,      ,      ,  5.12,      ,      ,      ,      ,      ,      ,      ,      ,      ,      ,      ,      ,      ,      ,      ,      ,      ,      ,      ,      ,      ,      ,      ,      ,      ,      ,      ,      ,      ,      ,      ,      ,      ,      ,      ,      ,      ,     ,      ,      ,      ,      ,      ,      ,      ,      ,      ,       ,  2.9 ,      ,       ,       ,       ,     ,     ,     ,     ,     ,    ,     ,     ,     ,     ,    ,    ,    ,     ,      ,      ,     ,     ,     ,     ,     ,     ,     ,     ,     ,     ,     ,     ,     ,      ,      ,      ,     ,      ,     ,     ,     ,     ,     ,     ,     ,      ,      ,      ,      ,      ,      ,      ,      ,      ,      ,      ,      ,      ,      ,     ,      ,    ,     ,     ,     ,     ,     ,     ,     ,      ,    ,      ,     ,     ,      ,      ,      , 
   1485, CD-26 16470             , 23:05:50.5487, Ruchti+2011   , -2.13 ,       ,         , |,      ,      ,     ,     ,     ,     ,      ,  5.74,      ,  5.84,     ,     ,     ,  4.53,      ,   3.08,     ,      ,      ,  5.37,      ,      ,      ,      ,      ,      ,      ,      ,      ,      ,      ,      ,      ,      ,      ,      ,      ,      ,      ,      ,      ,      ,      ,      ,      ,      ,      ,      ,      ,      ,      ,      ,      ,      ,      ,      ,      ,     ,      ,      ,      ,      ,      ,      ,      ,      ,      ,       ,  3.15,      ,       ,       ,       ,     ,     ,     ,     ,     ,    ,     ,     ,     ,     ,    ,    ,    ,     ,      ,      ,     ,     ,     ,     ,     ,     ,     ,     ,     ,     ,     ,     ,     ,      ,      ,      ,     ,      ,     ,     ,     ,     ,     ,     ,     ,      ,      ,      ,      ,      ,      ,      ,      ,      ,      ,      ,      ,      ,      ,     ,      ,    ,     ,     ,     ,     ,     ,     ,     ,      ,    ,      ,     ,     ,      ,      ,      , 
   7512, TYC 6613-815-1          , 09:29:49.7281, Sakari+2018   , -2.32 , 0.11  ,         , |,      ,      , 6.22,     ,     ,     ,      ,  5.51,      ,      ,     ,     , 3.17,  4.36, 0.8  ,   2.87, 3.75,  3.54,  2.7 ,  5.18,  2.31,  3.8 ,      ,  2.29,      ,      ,      ,      ,      , 0.19 , -0.48,      ,      ,      ,      ,      ,      ,      ,      ,      ,      , -0.51,      ,      ,      ,      ,      , -1.66,      ,      ,      ,      ,      ,      ,      ,      ,      ,     ,      ,      ,      ,      ,      ,      ,      ,      ,      ,       ,  2.9 ,      ,       ,       ,       ,     ,     ,     ,     ,     ,    ,     ,     ,     ,     ,    ,    ,    ,     ,      ,      ,     ,     ,     ,     ,     ,     ,     ,     ,     ,     ,     ,     ,     ,      ,      ,      ,     ,      ,     ,     ,     ,     ,     ,     ,     ,      ,      ,      ,      ,      ,      ,      ,      ,      ,      ,      ,      ,      ,      ,     ,      ,    ,     ,     ,     ,     ,     ,     ,     ,      ,    ,      ,     ,     ,      ,      ,      , 
   7533, UCAC4 374-062461        , 11:58:01.2775, Sakari+2018   , -2.41 , 0.62  ,         , |,      ,      , 6.64,     ,     ,     ,      ,  5.39,      ,  6.59,     ,     , 2.88,  4.12, 0.16 ,   2.82, 3.12,  3.99,      ,  5.09,  2.89,  3.88,      ,      ,      ,      ,      ,      ,      , 0.09 , -0.42,      ,      ,      ,      ,      ,      ,      ,      ,      ,      , -1.3 ,      ,      ,      ,      ,      , -1.74,      ,      ,      ,      ,      ,      ,      ,      ,      ,     ,      ,      ,      ,      ,      ,      ,      ,      ,      ,       ,  2.52,      ,       ,       ,       ,     ,     ,     ,     ,     ,    ,     ,     ,     ,     ,    ,    ,    ,     ,      ,      ,     ,     ,     ,     ,     ,     ,     ,     ,     ,     ,     ,     ,     ,      ,      ,      ,     ,      ,     ,     ,     ,     ,     ,     ,     ,      ,      ,      ,      ,      ,      ,      ,      ,      ,      ,      ,      ,      ,      ,     ,      ,    ,     ,     ,     ,     ,     ,     ,     ,      ,    ,      ,     ,     ,      ,      ,      , 
   7557, UCAC2 30544966          , 14:10:15.8809, Sakari+2018   , -2.06 , -0.09 ,         , |,      ,      , 6.28,     ,     ,     ,      ,  5.83,      ,  5.84,     ,     , 3.19,  4.57, 1.04 ,   3.04, 1.78,  3.76,  2.88,  5.44,  2.9 ,  4.07,      ,  2.48,      ,      ,      ,      ,      , 0.66 , -0.08, 0.67 ,      ,      ,      ,      ,      ,      ,      ,      ,      , 0    , -0.76, -0.33,      , -0.34,      , -0.87,      ,      ,      ,      ,      ,      ,      ,      ,      ,     ,      ,      ,      ,      ,      ,      ,      , -1.59,      ,       ,  2.99,      ,       ,       ,       ,     ,     ,     ,     ,     ,    ,     ,     ,     ,     ,    ,    ,    ,     ,      ,      ,     ,     ,     ,     ,     ,     ,     ,     ,     ,     ,     ,     ,     ,      ,      ,      ,     ,      ,     ,     ,     ,     ,     ,     ,     ,      ,      ,      ,      ,      ,      ,      ,      ,      ,      ,      ,      ,      ,      ,     ,      ,    ,     ,     ,     ,     ,     ,     ,     ,      ,    ,      ,     ,     ,      ,      ,      , 
   7573, TYC 353-223-1           , 15:54:27.2897, Sakari+2018   , -2.18 , 0.42  ,         , |,      ,      , 6.67,     ,     ,     ,      ,  6.02,      ,  6.06,     ,     , 3.39,  4.76, 0.96 ,   3.35, 3.28,  3.49,  2.8 ,  5.32,  2.96,  4.07,      ,  2.48,      ,      ,      ,      ,      , 0.88 , -0.36, 0.29 ,      ,      ,      ,      ,      ,      ,      ,      ,      , -0.26, -1.34,      ,      , -1.07,      , -1.75,      ,      ,      ,      ,      ,      ,      ,      ,      ,     ,      ,      ,      ,      ,      ,      ,      ,      ,      ,       ,  3.03,      ,       ,       ,       ,     ,     ,     ,     ,     ,    ,     ,     ,     ,     ,    ,    ,    ,     ,      ,      ,     ,     ,     ,     ,     ,     ,     ,     ,     ,     ,     ,     ,     ,      ,      ,      ,     ,      ,     ,     ,     ,     ,     ,     ,     ,      ,      ,      ,      ,      ,      ,      ,      ,      ,      ,      ,      ,      ,      ,     ,      ,    ,     ,     ,     ,     ,     ,     ,     ,      ,    ,      ,     ,     ,      ,      ,      , 
   7583, BD-09 4396              , 16:28:56.1354, Sakari+2018   , -2.00 , 0.24  ,         , |,      ,      , 6.67,     ,     ,     ,  4.29,  6.05,      ,  6.03,     ,     , 3.45,  4.68, 1.1  ,   3.22, 2.84,  3.75,  3.01,  5.5 ,  2.94,  4.15,      ,  2.51,      ,      ,      ,      ,      , 0.61 , -0.08, 0.66 ,      ,      ,      ,      ,      ,      ,      ,      ,      , 0.16 , -0.88, -0.25, -0.92, -0.52, -0.75, -1.12,      ,      ,      ,      ,      ,      ,      ,      ,      ,     ,  0.05,      ,      ,      ,      ,      ,      ,      ,      ,       ,  3.15,      ,       ,       ,       ,     ,     ,     ,     ,     ,    ,     ,     ,     ,     ,    ,    ,    ,     ,      ,      ,     ,     ,     ,     ,     ,     ,     ,     ,     ,     ,     ,     ,     ,      ,      ,      ,     ,      ,     ,     ,     ,     ,     ,     ,     ,      ,      ,      ,      ,      ,      ,      ,      ,      ,      ,      ,      ,      ,      ,     ,      ,    ,     ,     ,     ,     ,     ,     ,     ,      ,    ,      ,     ,     ,      ,      ,      , 