Name,Simbad_Identifier,System,sgr_position,RA_hms,DEC_dms,RA_deg,DEC_deg,lambda,beta,comp,Vel,vhel,vhelcorr,Teff,e_Teff,logg,e_logg,M/H,e_M/H,Vmic,e_Vmic,UT-DATE,UT-TIME,BINNING,EXPTIME,SLITSIZE
srg421,Gaia DR3 620763790933951488,Sagittarius,stream,09:36:00.01,+17:07:21.40,144.000042,17.12261,216.9,11.58,stream,169.7,141.0,-28.68,4655,122,1.14,0.2,-2.8,0.21,2.23,0.27,2023-05-24,84175,2x2,1320,1 arcsec
srg422,Gaia DR3 626434144197068160,Sagittarius,stream,09:57:30.02,+18:30:17.42,149.375083,18.50484,221.71,9.19,stream,-32.0,-60.9,-28.91,5026,123,2.06,0.2,-2.02,0.23,1.9,0.35,2023-05-25,82094,2x2,4163,1 arcsec
srg423,Gaia DR3 722010223233565952,Sagittarius,stream,10:21:32.33,+21:46:38.75,155.384708,21.77743,226.41,4.64,stream,-13.9,-42.7,-28.76,4722,122,1.29,0.2,-2.51,0.21,2.1,0.29,2023-05-24,85846,2x2,2100,1 arcsec
srg424,Gaia DR3 720678611573056384,Sagittarius,stream,10:28:03.83,+20:16:15.92,157.015958,20.27109,228.3,5.67,stream,-12.0,-40.9,-28.88,4814,122,1.5,0.2,-2.49,0.21,1.9,0.31,2023-05-25,85434,2x2,1500,1 arcsec
srg426,Gaia DR3 3987367858589682432,Sagittarius,stream,10:35:36.77,+20:33:51.44,158.903208,20.56429,229.92,4.88,stream,-21.5,-50.2,-28.75,4750,122,1.36,0.2,-2.94,0.22,2.23,0.28,2023-05-25,1760,2x2,2100,1 arcsec
srg428,Gaia DR3 3897736907644138368,Sagittarius,stream,11:49:35.97,+06:15:31.86,177.399875,6.25885,252.04,11.78,stream,219.9,193.0,-26.92,4790,123,1.48,0.2,-2.4,0.22,2.15,0.3,2023-05-25,4156,2x2,1200,1 arcsec
srg430,Gaia DR3 3918753557013284608,Sagittarius,stream,12:05:57.78,+11:26:28.07,181.49075,11.44113,253.52,5.37,stream,7.0,-19.2,-26.15,4280,122,0.4,0.2,-2.42,0.21,2.15,0.25,2023-05-25,5531,2x2,2106,1 arcsec
sgr431,Gaia DR3 3707325064494295552,Sagittarius,stream,12:36:03.09,+04:22:23.34,189.012875,4.37315,263.42,8.34,stream,39.4,10.4,-28.97,4659,123,1.15,0.2,-2.82,0.23,2.12,0.39,2023-06-25,81879,2x2,4794,1 arcsec
sgr434,Gaia DR3 3708871630677912320,Sagittarius,stream,12:48:19.63,+05:44:47.26,192.081792,5.74646,265.49,5.69,stream,19.9,-8.8,-28.69,4846,123,1.57,0.2,-2.68,0.22,1.89,0.32,2023-06-25,83246,2x2,2754,1 arcsec
srg438,Gaia DR3 3742595885684658560,Sagittarius,stream,13:17:16.33,+12:51:15.12,199.318042,12.8542,268.31,-3.98,stream,-79.6,-100.8,-21.25,5274,123,2.6,0.2,-2.52,0.22,1.38,0.3,2023-05-26,10681,2x2,3990,1 arcsec
srg441,Gaia DR3 3726554388991980800,Sagittarius,stream,13:38:16.53,+10:54:19.80,204.568875,10.9055,273.75,-4.85,stream,-3.8,-23.3,-19.53,4334,122,0.47,0.2,-2.78,0.22,2.51,0.3,2023-05-26,2904,2x2,5999,1 arcsec
srg442,Gaia DR3 3713742742066109568,Sagittarius,stream,13:39:13.61,+04:20:10.79,204.806708,4.33633,277.25,0.72,stream,143.7,125.1,-18.61,4697,122,1.24,0.2,-3.22,0.22,2.0,0.33,2023-05-25,11267,2x2,1800,1 arcsec
srg449,Gaia DR3 3724011729697503616,Sagittarius,stream,14:02:29.14,+10:17:36.89,210.621417,10.29358,279.22,-7.33,stream,-122.1,-138.9,-16.77,4759,122,1.33,0.2,-3.3,0.22,1.91,0.33,2023-05-25,6599,2x2,1537,1 arcsec
srg452,Gaia DR3 3654980335256551808,Sagittarius,stream,14:34:27.39,+00:57:43.49,218.614125,0.96208,290.86,-3.35,stream,7.9,-4.7,-12.59,4516,123,0.84,0.2,-3.16,0.22,2.36,0.29,2023-05-25,9865,2x2,3386,1 arcsec
sgr453,Gaia DR3 4415617329687172224,Sagittarius,stream,15:20:10.18,-00:55:16.21,230.042417,-0.92117,301.75,-7.43,stream,-198.1,-218.0,-19.91,4313,122,0.59,0.21,-2.24,0.22,2.1,0.31,2023-06-26,8416,2x2,1500,1 arcsec
sgr459,Gaia DR3 4046752756534194304,Sagittarius,core,18:35:35.32,-31:04:52.25,278.897167,-31.08118,356.03,2.89,core,168.6,170.6,2.04,4363,122,0.53,0.2,-2.66,0.22,2.3,0.3,2023-06-26,10235,2x2,2400,1 arcsec
srg460,Gaia DR3 4046692626988248704,Sagittarius,core,18:37:37.03,-31:12:18.65,279.404292,-31.20518,356.48,2.92,core,138.9,155.7,16.84,4717,123,1.28,0.2,-3.01,0.22,2.16,0.31,2023-05-25,15795,2x2,3378,1 arcsec
srg462,Gaia DR3 4047106558751402112,Sagittarius,core,18:39:44.78,-30:37:02.03,279.936583,-30.61723,356.81,2.25,core,140.7,157.4,16.72,4625,122,1.07,0.2,-2.85,0.22,2.22,0.29,2023-05-26,18901,2x2,3600,1 arcsec
srg463,Gaia DR3 4047227809930988288,Sagittarius,core,18:43:10.67,-30:13:29.17,280.794458,-30.22477,357.45,1.72,core,146.3,163.3,16.98,4423,122,0.65,0.2,-2.68,0.21,2.21,0.27,2023-05-26,14933,2x2,4435,1 arcsec
srg468,Gaia DR3 6732306574448077824,Sagittarius,core,18:49:32.13,-34:35:45.82,282.383875,-34.59606,359.61,5.75,core,119.1,136.4,17.3,4491,122,0.79,0.2,-2.56,0.21,2.24,0.29,2023-05-26,22816,2x2,3964,1 arcsec
sgr2,Gaia DR3 6735720523692986368,Sagittarius,core,18:49:59.02,-33:49:51.56,282.495917,-33.83099,359.56,4.98,core,184.1,170.7,-13.37,4609,122,1.04,0.2,-2.63,0.22,2.2,0.28,2021-07-30,83036,2x2,2673,1 arcsec
sgr471,Gaia DR3 6736253885603451776,Sagittarius,core,18:50:53.71,-31:33:17.71,282.723792,-31.55492,359.33,2.71,core,147.4,151.1,3.69,4542,122,0.89,0.2,-3.15,0.22,2.36,0.3,2023-06-26,12045,2x2,3000,1 arcsec
sgr476,Gaia DR3 6736183692971769472,Sagittarius,core,18:52:10.30,-31:54:13.21,283.042917,-31.90367,359.66,3.0,core,146.6,164.4,17.83,4371,122,0.54,0.2,-2.88,0.21,1.89,0.3,2023-05-26,25864,2x2,4307,1 arcsec
sgr69,Gaia DR3 6761301211485896192,Sagittarius,core,18:52:48.45,-29:32:23.42,283.201875,-29.53984,359.37,0.65,core,151.6,138.8,-12.75,4401,122,0.6,0.2,-2.67,0.26,2.5,0.34,2021-07-31,15973,2x2,600,1 arcsec
srg482,Gaia DR3 6760843501083241216,Sagittarius,core,18:56:40.24,-29:54:02.05,284.167667,-29.90057,0.26,0.86,core,128.3,146.9,18.64,4604,122,1.02,0.2,-2.74,0.21,2.12,0.28,2023-05-25,21625,2x2,2135,1 arcsec
sgr4,Gaia DR3 6760823641153762816,Sagittarius,core,18:57:04.51,-30:10:21.68,284.268792,-30.17269,0.39,1.12,core,152.0,139.3,-12.66,4379,122,0.56,0.2,-3.12,0.23,2.5,0.4,2021-07-30,84397,2x2,1200,1 arcsec
sgr38,Gaia DR3 6760148545331944832,Sagittarius,core,18:57:27.66,-31:07:39.86,284.36525,-31.12774,0.64,2.05,core,174.1,161.5,-12.58,4784,123,1.43,0.2,-2.72,0.21,1.96,0.29,2021-07-31,876,2x2,3225,1 arcsec
srg484,Gaia DR3 6756665051965670400,Sagittarius,core,19:01:38.93,-32:54:27.18,285.412208,-32.90755,1.81,3.66,core,140.3,159.1,18.77,4697,123,1.23,0.2,-2.95,0.22,1.99,0.33,2023-05-25,20531,2x2,3175,1 arcsec
sgr488,Gaia DR3 6755741496554745728,Sagittarius,core,19:05:13.06,-34:09:16.56,286.304417,-34.1546,2.74,4.77,core,120.9,139.6,18.69,4492,122,0.79,0.2,-3.01,0.22,2.31,0.34,2023-05-26,28246,2x2,2833,1 arcsec
sgr492,Gaia DR3 6757188660021199360,Sagittarius,core,19:06:12.10,-31:55:04.48,286.550417,-31.91791,2.6,2.53,core,124.1,143.2,19.05,4466,122,0.73,0.2,-2.83,0.34,2.5,0.58,2023-05-26,31532,2x2,1200,1 arcsec
srg495,Gaia DR3 6757333348879294336,Sagittarius,core,19:09:05.19,-31:06:32.80,287.271625,-31.10911,3.09,1.64,core,140.6,160.2,19.63,4412,122,0.63,0.2,-3.03,0.22,2.33,0.29,2023-05-25,26355,2x2,1506,1 arcsec
srg496,Gaia DR3 6762312242461355008,Sagittarius,core,19:10:57.06,-28:53:15.86,287.73775,-28.88774,3.18,-0.62,core,99.8,119.8,20.05,4613,122,1.04,0.2,-2.95,0.22,1.9,0.32,2023-05-25,27243,2x2,2602,1 arcsec
sgr9,Gaia DR3 6756198442417269504,Sagittarius,core,19:14:03.21,-32:42:03.56,288.513375,-32.70099,4.36,3.07,core,134.9,123.9,-11.0,4589,122,1.3,0.2,-1.79,0.21,2.06,0.28,2021-07-30,85938,2x2,2400,1 arcsec
sgr504_2,Gaia DR3 6756126841019510784,Sagittarius,core,19:14:48.69,-33:07:52.86,288.702875,-33.13135,4.57,3.48,core,143.2,149.4,6.16,4517,122,0.84,0.2,-2.67,0.22,2.19,0.33,2023-06-26,18043,2x2,1500,1 arcsec
sgr505,Gaia DR3 6759005362463205760,Sagittarius,core,19:15:11.99,-29:53:26.05,288.799958,-29.89057,4.23,0.25,core,130.8,137.2,6.45,4524,122,0.85,0.2,-3.06,0.22,2.16,0.35,2023-06-26,16372,2x2,3000,1 arcsec
srg509,Gaia DR3 6744030735644086784,Sagittarius,core,19:18:30.21,-33:42:59.69,289.625875,-33.71658,5.41,3.96,core,150.2,170.3,20.1,4699,122,1.24,0.2,-3.17,0.22,2.01,0.33,2023-05-25,28047,2x2,2892,1 arcsec
srg512,Gaia DR3 6744069390349796224,Sagittarius,core,19:19:57.41,-33:13:50.92,289.989208,-33.23081,5.66,3.44,core,100.5,120.9,20.37,4614,122,1.05,0.2,-3.03,0.22,1.99,0.33,2023-05-25,33643,2x2,2110,1 arcsec
